# https://github.com/mikedh/trimesh
v 0.60000002 0.60000002 0.00000000
v 0.00000000 0.60000002 0.60000002
v 0.60000002 0.00000000 0.60000002
v 0.00000000 0.60000002 4.40000010
v 0.60000002 0.00000000 4.40000010
v 0.60000002 0.60000002 5.00000000
v 1.85000002 24.60000038 5.00000000
v 2.29999995 24.60000038 5.00000000
v 2.29999995 24.75407028 5.00000000
v 2.29999995 25.09090424 5.00000000
v 2.33251238 25.07218933 5.00000000
v 2.36348248 24.71859550 5.00000000
v 2.37125587 25.05328369 5.00000000
v 2.41106439 25.03714943 5.00000000
v 2.42904830 24.68753815 5.00000000
v 2.49641657 24.66102982 5.00000000
v 2.45176768 25.02385139 5.00000000
v 2.49319124 25.01345062 5.00000000
v 1.85000002 24.60000038 5.50000000
v 1.85000002 25.27237892 5.50000000
v 1.85000002 26.22762108 5.50000000
v 2.29999995 24.60000038 5.50000000
v 2.29999995 24.75407028 5.50000000
v 2.29999995 25.09090424 5.50000000
v 2.33251238 25.07218933 5.50000000
v 2.36348248 24.71859550 5.50000000
v 2.37125587 25.05328369 5.50000000
v 2.41106439 25.03714943 5.50000000
v 2.42904830 24.68753815 5.50000000
v 2.49641657 24.66102982 5.50000000
v 2.45176768 25.02385139 5.50000000
v 2.49319124 25.01345062 5.50000000
v 0.19999985 29.62500000 4.59999990
v 0.19999985 29.97500038 4.59999990
v 0.19999985 32.22499847 4.59999990
v 0.19999985 32.57500076 4.59999990
v 0.19999985 34.82500076 4.59999990
v 1.85000002 29.62500000 4.59999990
v 1.85000002 29.79999924 4.59999990
v 2.29999995 29.62500000 4.59999990
v 2.29999995 29.79999924 4.59999990
v 0.60000002 29.62500000 5.00000000
v 0.60000002 29.97500038 5.00000000
v 0.60000002 32.22499847 5.00000000
v 0.60000002 32.57500076 5.00000000
v 0.60000002 34.82500076 5.00000000
v 1.85000002 29.62500000 5.00000000
v 2.29999995 26.30909538 5.00000000
v 2.33251238 26.32781029 5.00000000
v 2.29999995 26.74592972 5.00000000
v 2.37125587 26.34671593 5.00000000
v 2.41106439 26.36285019 5.00000000
v 2.36348248 26.78140450 5.00000000
v 2.45176768 26.37614822 5.00000000
v 2.49319124 26.38654900 5.00000000
v 2.42904830 26.81246185 5.00000000
v 2.49641657 26.83897018 5.00000000
v 2.29999995 29.62500000 5.00000000
v 1.85000002 29.79999924 5.50000000
v 2.29999995 26.30909538 5.50000000
v 2.33251238 26.32781029 5.50000000
v 2.29999995 26.74592972 5.50000000
v 2.37125587 26.34671593 5.50000000
v 2.41106439 26.36285019 5.50000000
v 2.36348248 26.78140450 5.50000000
v 2.45176768 26.37614822 5.50000000
v 2.49319124 26.38654900 5.50000000
v 2.42904830 26.81246185 5.50000000
v 2.49641657 26.83897018 5.50000000
v 2.29999995 29.79999924 5.50000000
v 2.56529903 24.63918495 5.00000000
v 2.53515792 25.00598907 5.00000000
v 2.57748795 25.00149918 5.00000000
v 2.63540053 24.62209702 5.00000000
v 2.61999989 25.00000000 5.00000000
v 2.77805662 24.60246277 5.00000000
v 2.70642114 24.60983849 5.00000000
v 2.66251206 25.00149918 5.00000000
v 2.70484209 25.00598907 5.00000000
v 2.74680877 25.01345062 5.00000000
v 2.78823233 25.02385139 5.00000000
v 2.84999990 24.60000038 5.00000000
v 2.92194343 24.60246277 5.00000000
v 2.82893562 25.03714943 5.00000000
v 2.86874413 25.05328369 5.00000000
v 2.90748763 25.07218933 5.00000000
v 2.94499993 25.09378242 5.00000000
v 2.99357891 24.60983849 5.00000000
v 2.98112059 25.11797142 5.00000000
v 3.01569486 25.14465332 5.00000000
v 3.06459928 24.62209702 5.00000000
v 3.04857469 25.17371178 5.00000000
v 3.07961941 25.20502472 5.00000000
v 3.10869598 25.23845863 5.00000000
v 3.04857469 26.22628784 5.00000000
v 3.07961941 26.19497490 5.00000000
v 3.10869598 26.16154289 5.00000000
v 3.13470101 24.63918495 5.00000000
v 3.20358348 24.66102982 5.00000000
v 3.27095175 24.68753815 5.00000000
v 3.33651757 24.71859550 5.00000000
v 3.40000010 24.75407028 5.00000000
v 3.13567972 25.27386665 5.00000000
v 3.16045523 25.31110001 5.00000000
v 3.18291640 25.35000038 5.00000000
v 3.20296717 25.39039803 5.00000000
v 3.22052169 25.43212128 5.00000000
v 3.23550463 25.47499275 5.00000000
v 3.24785185 25.51882744 5.00000000
v 3.25751042 25.56343651 5.00000000
v 3.26443911 25.60863113 5.00000000
v 3.26860833 25.65421867 5.00000000
v 3.26999998 25.70000076 5.00000000
v 3.16045523 26.08889961 5.00000000
v 3.13567972 26.12613297 5.00000000
v 3.18291640 26.04999924 5.00000000
v 3.20296717 26.00960159 5.00000000
v 3.22052169 25.96787834 5.00000000
v 3.23550463 25.92500687 5.00000000
v 3.25751042 25.83656311 5.00000000
v 3.26860833 25.74578285 5.00000000
v 3.26443911 25.79136848 5.00000000
v 3.24785185 25.88117409 5.00000000
v 3.46112728 24.79380989 5.00000000
v 3.51963758 24.83764458 5.00000000
v 3.57528043 24.88538361 5.00000000
v 3.62781739 24.93682671 5.00000000
v 3.67702389 24.99175262 5.00000000
v 3.72268867 25.04992485 5.00000000
v 2.56529903 24.63918495 5.50000000
v 2.53515792 25.00598907 5.50000000
v 2.57748795 25.00149918 5.50000000
v 2.63540053 24.62209702 5.50000000
v 2.61999989 25.00000000 5.50000000
v 2.77805662 24.60246277 5.50000000
v 2.70642114 24.60983849 5.50000000
v 2.66251206 25.00149918 5.50000000
v 2.70484209 25.00598907 5.50000000
v 2.74680877 25.01345062 5.50000000
v 2.78823233 25.02385139 5.50000000
v 2.84999990 24.60000038 5.50000000
v 2.92194343 24.60246277 5.50000000
v 2.82893562 25.03714943 5.50000000
v 2.86874413 25.05328369 5.50000000
v 2.90748763 25.07218933 5.50000000
v 2.94499993 25.09378242 5.50000000
v 2.99357891 24.60983849 5.50000000
v 2.98112059 25.11797142 5.50000000
v 3.01569486 25.14465332 5.50000000
v 3.06459928 24.62209702 5.50000000
v 3.04857469 25.17371178 5.50000000
v 3.07961941 25.20502472 5.50000000
v 3.10869598 25.23845863 5.50000000
v 3.04857469 26.22628784 5.50000000
v 3.07961941 26.19497490 5.50000000
v 3.10869598 26.16154289 5.50000000
v 3.13470101 24.63918495 5.50000000
v 3.20358348 24.66102982 5.50000000
v 3.27095175 24.68753815 5.50000000
v 3.33651757 24.71859550 5.50000000
v 3.40000010 24.75407028 5.50000000
v 3.13567972 25.27386665 5.50000000
v 3.16045523 25.31110001 5.50000000
v 3.18291640 25.35000038 5.50000000
v 3.20296717 25.39039803 5.50000000
v 3.22052169 25.43212128 5.50000000
v 3.23550463 25.47499275 5.50000000
v 3.24785185 25.51882744 5.50000000
v 3.25751042 25.56343651 5.50000000
v 3.26443911 25.60863113 5.50000000
v 3.26860833 25.65421867 5.50000000
v 3.26999998 25.70000076 5.50000000
v 3.16045523 26.08889961 5.50000000
v 3.13567972 26.12613297 5.50000000
v 3.18291640 26.04999924 5.50000000
v 3.20296717 26.00960159 5.50000000
v 3.22052169 25.96787834 5.50000000
v 3.23550463 25.92500687 5.50000000
v 3.25751042 25.83656311 5.50000000
v 3.26860833 25.74578285 5.50000000
v 3.26443911 25.79136848 5.50000000
v 3.24785185 25.88117409 5.50000000
v 3.46112728 24.79380989 5.50000000
v 3.51963758 24.83764458 5.50000000
v 3.57528043 24.88538361 5.50000000
v 3.62781739 24.93682671 5.50000000
v 3.67702389 24.99175262 5.50000000
v 3.72268867 25.04992485 5.50000000
v 3.76461649 25.11109352 5.00000000
v 3.80262804 25.17499924 5.00000000
v 3.83656001 25.24136734 5.00000000
v 3.86626744 25.30991364 5.00000000
v 3.89162326 25.38034439 5.00000000
v 3.86626744 26.19008636 5.00000000
v 3.89162326 26.11965561 5.00000000
v 3.91251850 25.45235825 5.00000000
v 3.92886376 25.52564621 5.00000000
v 3.94058943 25.59989548 5.00000000
v 3.94764471 25.67478561 5.00000000
v 3.94058943 25.90010452 5.00000000
v 3.92886376 25.97435379 5.00000000
v 3.95000005 25.75000000 5.00000000
v 3.94764471 25.82521439 5.00000000
v 3.91251850 26.04764175 5.00000000
v 3.76461649 25.11109352 5.50000000
v 3.80262804 25.17499924 5.50000000
v 3.83656001 25.24136734 5.50000000
v 3.86626744 25.30991364 5.50000000
v 3.89162326 25.38034439 5.50000000
v 3.86626744 26.19008636 5.50000000
v 3.89162326 26.11965561 5.50000000
v 3.91251850 25.45235825 5.50000000
v 3.92886376 25.52564621 5.50000000
v 3.94058943 25.59989548 5.50000000
v 3.94764471 25.67478561 5.50000000
v 3.94058943 25.90010452 5.50000000
v 3.92886376 25.97435379 5.50000000
v 3.95000005 25.75000000 5.50000000
v 3.94764471 25.82521439 5.50000000
v 3.91251850 26.04764175 5.50000000
v 2.53515792 26.39401054 5.00000000
v 2.57748795 26.39850044 5.00000000
v 2.61999989 26.39999962 5.00000000
v 2.56529903 26.86081505 5.00000000
v 2.63540053 26.87790298 5.00000000
v 2.66251206 26.39850044 5.00000000
v 2.70484209 26.39401054 5.00000000
v 2.74680877 26.38654900 5.00000000
v 2.78823233 26.37614822 5.00000000
v 2.70642114 26.89016151 5.00000000
v 2.77805662 26.89753723 5.00000000
v 2.82893562 26.36285019 5.00000000
v 2.86874413 26.34671593 5.00000000
v 2.90748763 26.32781029 5.00000000
v 2.94499993 26.30621719 5.00000000
v 2.84999990 26.89999962 5.00000000
v 2.92194343 26.89753723 5.00000000
v 2.98112059 26.28202820 5.00000000
v 3.01569486 26.25534821 5.00000000
v 2.99357891 26.89016151 5.00000000
v 3.06459928 26.87790298 5.00000000
v 3.13470101 26.86081505 5.00000000
v 3.20358348 26.83897018 5.00000000
v 3.27095175 26.81246185 5.00000000
v 3.33651757 26.78140450 5.00000000
v 3.40000010 26.74592972 5.00000000
v 3.46112728 26.70619011 5.00000000
v 3.51963758 26.66235542 5.00000000
v 3.57528043 26.61461639 5.00000000
v 3.62781739 26.56317329 5.00000000
v 3.67702389 26.50824738 5.00000000
v 3.72268867 26.45007515 5.00000000
v 2.53515792 26.39401054 5.50000000
v 2.57748795 26.39850044 5.50000000
v 2.61999989 26.39999962 5.50000000
v 2.56529903 26.86081505 5.50000000
v 2.63540053 26.87790298 5.50000000
v 2.66251206 26.39850044 5.50000000
v 2.70484209 26.39401054 5.50000000
v 2.74680877 26.38654900 5.50000000
v 2.78823233 26.37614822 5.50000000
v 2.70642114 26.89016151 5.50000000
v 2.77805662 26.89753723 5.50000000
v 2.82893562 26.36285019 5.50000000
v 2.86874413 26.34671593 5.50000000
v 2.90748763 26.32781029 5.50000000
v 2.94499993 26.30621719 5.50000000
v 2.84999990 26.89999962 5.50000000
v 2.92194343 26.89753723 5.50000000
v 2.98112059 26.28202820 5.50000000
v 3.01569486 26.25534821 5.50000000
v 2.99357891 26.89016151 5.50000000
v 3.06459928 26.87790298 5.50000000
v 3.13470101 26.86081505 5.50000000
v 3.20358348 26.83897018 5.50000000
v 3.27095175 26.81246185 5.50000000
v 3.33651757 26.78140450 5.50000000
v 3.40000010 26.74592972 5.50000000
v 3.46112728 26.70619011 5.50000000
v 3.51963758 26.66235542 5.50000000
v 3.57528043 26.61461639 5.50000000
v 3.62781739 26.56317329 5.50000000
v 3.67702389 26.50824738 5.50000000
v 3.72268867 26.45007515 5.50000000
v 3.76461649 26.38890648 5.00000000
v 3.80262804 26.32500076 5.00000000
v 3.83656001 26.25863266 5.00000000
v 4.40000010 26.95000076 5.00000000
v 4.40000010 27.45000076 5.00000000
v 3.76461649 26.38890648 5.50000000
v 3.80262804 26.32500076 5.50000000
v 3.83656001 26.25863266 5.50000000
v 4.40000010 26.95000076 5.50000000
v 4.40000010 27.45000076 5.50000000
v 5.54359722 25.12970734 5.00000000
v 5.59205055 25.06887627 5.00000000
v 5.38919592 25.55392075 5.00000000
v 5.38721228 25.63166428 5.00000000
v 5.41381836 25.40320396 5.00000000
v 5.46558046 25.26098824 5.00000000
v 5.43635130 25.33087921 5.00000000
v 5.39807701 25.47765923 5.00000000
v 5.39213514 25.71055794 5.00000000
v 5.40394258 25.79026222 5.00000000
v 5.42258501 25.87043762 5.00000000
v 5.44798183 25.95073891 5.00000000
v 5.50137997 25.19383621 5.00000000
v 5.48002481 26.03082275 5.00000000
v 5.51857662 26.11034584 5.00000000
v 5.56347227 26.18896866 5.00000000
v 5.64653349 25.01160431 5.00000000
v 5.70681143 24.95813751 5.00000000
v 5.77262735 24.90870285 5.00000000
v 5.84369946 24.86351395 5.00000000
v 5.91972256 24.82276344 5.00000000
v 6.00037146 24.78662491 5.00000000
v 6.08530140 24.75525475 5.00000000
v 6.17414808 24.72878647 5.00000000
v 5.54359722 25.12970734 5.50000000
v 5.59205055 25.06887627 5.50000000
v 5.38919592 25.55392075 5.50000000
v 5.38721228 25.63166428 5.50000000
v 5.41381836 25.40320396 5.50000000
v 5.46558046 25.26098824 5.50000000
v 5.43635130 25.33087921 5.50000000
v 5.39807701 25.47765923 5.50000000
v 5.39213514 25.71055794 5.50000000
v 5.40394258 25.79026222 5.50000000
v 5.42258501 25.87043762 5.50000000
v 5.44798183 25.95073891 5.50000000
v 5.50137997 25.19383621 5.50000000
v 5.48002481 26.03082275 5.50000000
v 5.51857662 26.11034584 5.50000000
v 5.56347227 26.18896866 5.50000000
v 5.64653349 25.01160431 5.50000000
v 5.70681143 24.95813751 5.50000000
v 5.77262735 24.90870285 5.50000000
v 5.84369946 24.86351395 5.50000000
v 5.91972256 24.82276344 5.50000000
v 6.00037146 24.78662491 5.50000000
v 6.08530140 24.75525475 5.50000000
v 6.17414808 24.72878647 5.50000000
v 6.26653099 24.70733261 5.00000000
v 6.36205482 24.69098854 5.00000000
v 6.46031046 24.67981911 5.00000000
v 6.56087685 24.67387581 5.00000000
v 6.66332388 24.67318153 5.00000000
v 6.76721287 24.67774200 5.00000000
v 6.87209845 24.68753624 5.00000000
v 6.97753143 24.70252228 5.00000000
v 7.08306122 24.72263718 5.00000000
v 7.18823481 24.74779129 5.00000000
v 7.29260254 24.77788162 5.00000000
v 7.39571714 24.81277657 5.00000000
v 7.49713755 24.85232544 5.00000000
v 6.26653099 24.70733261 5.50000000
v 6.36205482 24.69098854 5.50000000
v 6.46031046 24.67981911 5.50000000
v 6.56087685 24.67387581 5.50000000
v 6.66332388 24.67318153 5.50000000
v 6.76721287 24.67774200 5.50000000
v 6.87209845 24.68753624 5.50000000
v 6.97753143 24.70252228 5.50000000
v 7.08306122 24.72263718 5.50000000
v 7.18823481 24.74779129 5.50000000
v 7.29260254 24.77788162 5.50000000
v 7.39571714 24.81277657 5.50000000
v 7.49713755 24.85232544 5.50000000
v 5.84999990 34.82500076 4.59999990
v 6.30000019 34.82500076 4.59999990
v 7.26443911 34.89136887 4.59999990
v 7.25751066 34.93656158 4.59999990
v 7.24785185 34.98117447 4.59999990
v 7.26923990 34.82500076 4.59999990
v 7.26860809 34.84578323 4.59999990
v 5.61451912 26.26635361 5.00000000
v 5.67149878 26.34217072 5.00000000
v 5.73416758 26.41609383 5.00000000
v 5.80225658 26.48780632 5.00000000
v 5.87547445 26.55700302 5.00000000
v 5.95350790 26.62338638 5.00000000
v 6.03602266 26.68667030 5.00000000
v 6.12266493 26.74658775 5.00000000
v 6.21306419 26.80287933 5.00000000
v 5.61451912 26.26635361 5.50000000
v 5.67149878 26.34217072 5.50000000
v 5.73416758 26.41609383 5.50000000
v 5.80225658 26.48780632 5.50000000
v 5.87547445 26.55700302 5.50000000
v 5.95350790 26.62338638 5.50000000
v 6.03602266 26.68667030 5.50000000
v 6.12266493 26.74658775 5.50000000
v 6.21306419 26.80287933 5.50000000
v 5.84999990 33.70000076 5.00000000
v 5.84999990 34.82500076 5.00000000
v 5.84999990 33.70000076 5.50000000
v 5.84999990 34.37237930 5.50000000
v 6.30683374 26.85530281 5.00000000
v 6.40357113 26.90363693 5.00000000
v 6.50286245 26.94767380 5.00000000
v 6.50882673 26.95000076 5.00000000
v 6.30683374 26.85530281 5.50000000
v 6.40357113 26.90363693 5.50000000
v 6.50286245 26.94767380 5.50000000
v 6.50882673 26.95000076 5.50000000
v 6.30000019 33.70000076 5.00000000
v 6.30000019 33.85407257 5.00000000
v 6.36348248 33.81859589 5.00000000
v 6.42904806 33.78754044 5.00000000
v 6.49641657 33.76103210 5.00000000
v 6.30000019 34.19090271 5.00000000
v 6.33251238 34.17218781 5.00000000
v 6.37125587 34.15328598 5.00000000
v 6.30000019 34.82500076 5.00000000
v 6.41106415 34.13714981 5.00000000
v 6.45176744 34.12385178 5.00000000
v 6.49319124 34.11344910 5.00000000
v 6.53515816 34.10598755 5.00000000
v 6.56529903 33.73918533 5.00000000
v 6.63540077 33.72209549 5.00000000
v 6.70642138 33.70983887 5.00000000
v 6.77805662 33.70246124 5.00000000
v 6.84999990 33.70000076 5.00000000
v 6.57748795 34.10149765 5.00000000
v 6.61999989 34.09999847 5.00000000
v 6.66251183 34.10149765 5.00000000
v 6.70484209 34.10598755 5.00000000
v 6.74680853 34.11344910 5.00000000
v 6.78823233 34.12385178 5.00000000
v 6.82893562 34.13714981 5.00000000
v 6.86874437 34.15328598 5.00000000
v 6.92194366 33.70246124 5.00000000
v 6.99357891 33.70983887 5.00000000
v 7.06459951 33.72209549 5.00000000
v 7.13470078 33.73918533 5.00000000
v 6.90748787 34.17218781 5.00000000
v 6.94500017 34.19378281 5.00000000
v 6.98112059 34.21797180 5.00000000
v 7.01569510 34.24465179 5.00000000
v 7.04857492 34.27371216 5.00000000
v 7.07961941 34.30502701 5.00000000
v 7.10869598 34.33845901 5.00000000
v 7.13567972 34.37386703 5.00000000
v 7.16045523 34.41110229 5.00000000
v 7.18291664 34.45000076 5.00000000
v 7.20358324 33.76103210 5.00000000
v 7.27095175 33.78754044 5.00000000
v 7.33651733 33.81859589 5.00000000
v 7.40000010 33.85407257 5.00000000
v 7.46112728 33.89381027 5.00000000
v 7.20296717 34.49039841 5.00000000
v 7.22052193 34.53211975 5.00000000
v 7.23550463 34.57499313 5.00000000
v 7.24785185 34.61882782 5.00000000
v 7.25751066 34.66343689 5.00000000
v 7.26443911 34.70863342 5.00000000
v 7.26860809 34.75421906 5.00000000
v 7.26923990 34.82500076 5.00000000
v 7.26999998 34.79999924 5.00000000
v 6.30000019 33.70000076 5.50000000
v 6.30000019 33.85407257 5.50000000
v 6.36348248 33.81859589 5.50000000
v 6.42904806 33.78754044 5.50000000
v 6.49641657 33.76103210 5.50000000
v 6.30000019 34.19090271 5.50000000
v 6.33251238 34.17218781 5.50000000
v 6.37125587 34.15328598 5.50000000
v 6.41106415 34.13714981 5.50000000
v 6.45176744 34.12385178 5.50000000
v 6.49319124 34.11344910 5.50000000
v 6.53515816 34.10598755 5.50000000
v 6.56529903 33.73918533 5.50000000
v 6.63540077 33.72209549 5.50000000
v 6.70642138 33.70983887 5.50000000
v 6.77805662 33.70246124 5.50000000
v 6.84999990 33.70000076 5.50000000
v 6.57748795 34.10149765 5.50000000
v 6.61999989 34.09999847 5.50000000
v 6.66251183 34.10149765 5.50000000
v 6.70484209 34.10598755 5.50000000
v 6.74680853 34.11344910 5.50000000
v 6.78823233 34.12385178 5.50000000
v 6.82893562 34.13714981 5.50000000
v 6.86874437 34.15328598 5.50000000
v 6.92194366 33.70246124 5.50000000
v 6.99357891 33.70983887 5.50000000
v 7.06459951 33.72209549 5.50000000
v 7.13470078 33.73918533 5.50000000
v 6.90748787 34.17218781 5.50000000
v 6.94500017 34.19378281 5.50000000
v 6.98112059 34.21797180 5.50000000
v 7.01569510 34.24465179 5.50000000
v 7.04857492 34.27371216 5.50000000
v 7.07961941 34.30502701 5.50000000
v 7.10869598 34.33845901 5.50000000
v 7.13567972 34.37386703 5.50000000
v 7.16045523 34.41110229 5.50000000
v 7.18291664 34.45000076 5.50000000
v 7.20358324 33.76103210 5.50000000
v 7.27095175 33.78754044 5.50000000
v 7.33651733 33.81859589 5.50000000
v 7.40000010 33.85407257 5.50000000
v 7.46112728 33.89381027 5.50000000
v 7.20296717 34.49039841 5.50000000
v 7.22052193 34.53211975 5.50000000
v 7.23550463 34.57499313 5.50000000
v 7.24785185 34.61882782 5.50000000
v 7.25751066 34.66343689 5.50000000
v 7.26443911 34.70863342 5.50000000
v 7.26443911 34.89136887 5.50000000
v 7.25751066 34.93656158 5.50000000
v 7.24785185 34.98117447 5.50000000
v 7.26860809 34.75421906 5.50000000
v 7.26999998 34.79999924 5.50000000
v 7.26860809 34.84578323 5.50000000
v 7.59642887 24.89636230 5.00000000
v 7.69316626 24.94469643 5.00000000
v 7.78693581 24.99712181 5.00000000
v 7.87733507 25.05341339 5.00000000
v 7.96397734 25.11332893 5.00000000
v 8.04649258 25.17661476 5.00000000
v 8.12452507 25.24299622 5.00000000
v 8.19774342 25.31219292 5.00000000
v 8.26583290 25.38390541 5.00000000
v 8.32850075 25.45782852 5.00000000
v 8.38548088 25.53364563 5.00000000
v 8.43652821 25.61103058 5.00000000
v 8.48142338 25.68965340 5.00000000
v 8.51997471 25.76917839 5.00000000
v 8.55201817 25.84926224 5.00000000
v 8.56806564 25.89999962 5.00000000
v 8.61294460 25.89999962 5.00000000
v 7.59642887 24.89636230 5.50000000
v 7.69316626 24.94469643 5.50000000
v 7.78693581 24.99712181 5.50000000
v 7.87733507 25.05341339 5.50000000
v 7.96397734 25.11332893 5.50000000
v 8.04649258 25.17661476 5.50000000
v 8.12452507 25.24299622 5.50000000
v 8.19774342 25.31219292 5.50000000
v 8.26583290 25.38390541 5.50000000
v 8.32850075 25.45782852 5.50000000
v 8.38548088 25.53364563 5.50000000
v 8.43652821 25.61103058 5.50000000
v 8.48142338 25.68965340 5.50000000
v 8.51997471 25.76917839 5.50000000
v 8.55201817 25.84926224 5.50000000
v 8.56806564 25.89999962 5.50000000
v 8.61294460 25.89999962 5.50000000
v 8.11294460 29.62500000 4.59999990
v 8.11294460 29.97500038 4.59999990
v 8.61294460 29.62500000 4.59999990
v 8.61294460 29.97500038 4.59999990
v 8.11294460 32.22499847 4.59999990
v 8.11294460 32.57500076 4.59999990
v 7.94921684 34.82500076 4.59999990
v 7.94999981 34.84999847 4.59999990
v 7.94764471 34.92521286 4.59999990
v 8.61294460 32.22499847 4.59999990
v 8.61294460 32.57500076 4.59999990
v 9.38705540 29.62500000 4.59999990
v 9.38705540 29.97500038 4.59999990
v 9.88705540 29.62500000 4.59999990
v 9.88705540 29.97500038 4.59999990
v 9.38705540 32.22499847 4.59999990
v 9.38705540 32.57500076 4.59999990
v 9.88705540 32.22499847 4.59999990
v 9.88705540 32.57500076 4.59999990
v 9.38705540 34.82500076 4.59999990
v 8.11294460 27.45000076 5.00000000
v 8.11294460 29.62500000 5.00000000
v 8.11294460 29.97500038 5.00000000
v 8.61294460 26.95000076 5.00000000
v 8.61294460 27.45000076 5.00000000
v 8.61294460 29.62500000 5.00000000
v 8.61294460 29.97500038 5.00000000
v 8.11294460 27.45000076 5.50000000
v 8.61294460 26.95000076 5.50000000
v 8.61294460 27.45000076 5.50000000
v 8.11294460 32.22499847 5.00000000
v 8.11294460 32.57500076 5.00000000
v 7.51963758 33.93764496 5.00000000
v 7.57528019 33.98538589 5.00000000
v 7.62781763 34.03682709 5.00000000
v 7.67702389 34.09175110 5.00000000
v 7.72268867 34.14992523 5.00000000
v 7.76461649 34.21109390 5.00000000
v 7.80262804 34.27500153 5.00000000
v 7.83656025 34.34136963 5.00000000
v 7.86626768 34.40991592 5.00000000
v 7.89162302 34.48034286 5.00000000
v 7.91251850 34.55235672 5.00000000
v 7.92886400 34.62564468 5.00000000
v 7.94058943 34.69989395 5.00000000
v 7.94764471 34.77478790 5.00000000
v 7.94921684 34.82500076 5.00000000
v 8.11294460 34.20000076 5.00000000
v 8.61294460 32.22499847 5.00000000
v 8.61294460 32.57500076 5.00000000
v 8.61294460 34.20000076 5.00000000
v 7.51963758 33.93764496 5.50000000
v 7.57528019 33.98538589 5.50000000
v 7.62781763 34.03682709 5.50000000
v 7.67702389 34.09175110 5.50000000
v 7.72268867 34.14992523 5.50000000
v 7.76461649 34.21109390 5.50000000
v 7.80262804 34.27500153 5.50000000
v 7.83656025 34.34136963 5.50000000
v 7.86626768 34.40991592 5.50000000
v 7.89162302 34.48034286 5.50000000
v 7.91251850 34.55235672 5.50000000
v 7.92886400 34.62564468 5.50000000
v 7.94058943 34.69989395 5.50000000
v 7.94764471 34.77478790 5.50000000
v 7.94999981 34.84999847 5.50000000
v 7.94764471 34.92521286 5.50000000
v 8.11294460 34.20000076 5.50000000
v 8.61294460 34.20000076 5.50000000
v 9.60000038 26.95000076 5.00000000
v 9.38705540 27.79999924 5.00000000
v 9.60000038 27.45000076 5.00000000
v 9.88705540 27.79999924 5.00000000
v 9.38705540 29.62500000 5.00000000
v 9.38705540 29.97500038 5.00000000
v 9.88705540 29.62500000 5.00000000
v 9.88705540 29.97500038 5.00000000
v 9.60000038 26.95000076 5.50000000
v 9.38705540 27.79999924 5.50000000
v 9.60000038 27.45000076 5.50000000
v 9.88705540 27.79999924 5.50000000
v 9.38705540 32.22499847 5.00000000
v 9.38705540 32.57500076 5.00000000
v 9.88705540 32.22499847 5.00000000
v 9.88705540 32.57500076 5.00000000
v 9.38705540 34.82500076 5.00000000
v 9.88705540 33.94027328 5.00000000
v 9.91972256 33.92276382 5.00000000
v 9.88705540 33.94027328 5.50000000
v 9.91972256 33.92276382 5.50000000
v 0.60000002 69.40000153 0.00000000
v 0.00000000 69.40000153 0.60000002
v 0.60000002 70.00000000 0.60000002
v 0.19999985 35.17499924 4.59999990
v 0.19999985 37.42499924 4.59999990
v 0.19999985 37.77500153 4.59999990
v 0.19999985 40.02500153 4.59999990
v 0.19999985 40.37500000 4.59999990
v 0.60000002 35.17499924 5.00000000
v 0.60000002 37.42499924 5.00000000
v 0.60000002 37.77500153 5.00000000
v 0.60000002 40.02500153 5.00000000
v 0.60000002 40.37500000 5.00000000
v 0.00000000 69.40000153 4.40000010
v 0.60000002 70.00000000 4.40000010
v 0.60000002 69.40000153 5.00000000
v 4.78793383 56.50000000 4.59999990
v 4.78793383 56.50000000 5.00000000
v 4.78793383 65.50000000 4.59999990
v 4.78793383 65.50000000 5.00000000
v 5.84999990 35.17499924 4.59999990
v 5.84999990 37.42499924 4.59999990
v 5.84999990 37.77500153 4.59999990
v 6.30000019 35.17499924 4.59999990
v 6.30000019 37.42499924 4.59999990
v 6.30000019 37.77500153 4.59999990
v 7.16848183 35.17499924 4.59999990
v 7.18291664 35.15000153 4.59999990
v 7.20296717 35.10960388 4.59999990
v 7.22052193 35.06787872 4.59999990
v 7.23550463 35.02500916 4.59999990
v 5.84999990 35.17499924 5.00000000
v 5.84999990 37.42499924 5.00000000
v 5.84999990 37.77500153 5.00000000
v 5.84999990 38.90000153 5.00000000
v 5.84999990 35.32762146 5.50000000
v 5.84999990 38.90000153 5.50000000
v 6.30000019 35.17499924 5.00000000
v 6.30000019 35.40909576 5.00000000
v 6.33251238 35.42781067 5.00000000
v 6.37125587 35.44671631 5.00000000
v 6.30000019 35.84592819 5.00000000
v 6.36348248 35.88140488 5.00000000
v 6.41106415 35.46285248 5.00000000
v 6.45176744 35.47614670 5.00000000
v 6.49319124 35.48654938 5.00000000
v 6.53515816 35.49401093 5.00000000
v 6.42904806 35.91246033 5.00000000
v 6.49641657 35.93896866 5.00000000
v 6.57748795 35.49850082 5.00000000
v 6.61999989 35.50000000 5.00000000
v 6.66251183 35.49850082 5.00000000
v 6.70484209 35.49401093 5.00000000
v 6.56529903 35.96081543 5.00000000
v 6.63540077 35.97790146 5.00000000
v 6.70642138 35.99016190 5.00000000
v 6.74680853 35.48654938 5.00000000
v 6.78823233 35.47614670 5.00000000
v 6.82893562 35.46285248 5.00000000
v 6.86874437 35.44671631 5.00000000
v 6.77805662 35.99753952 5.00000000
v 6.84999990 36.00000000 5.00000000
v 6.30000019 37.42499924 5.00000000
v 6.30000019 37.77500153 5.00000000
v 6.30000019 38.90000153 5.00000000
v 6.90748787 35.42781067 5.00000000
v 6.94500017 35.40621948 5.00000000
v 6.98112059 35.38203049 5.00000000
v 7.01569510 35.35534668 5.00000000
v 6.92194366 35.99753952 5.00000000
v 6.99357891 35.99016190 5.00000000
v 7.10869598 35.26154327 5.00000000
v 7.04857492 35.32628632 5.00000000
v 7.07961941 35.29497528 5.00000000
v 7.13567972 35.22613144 5.00000000
v 7.16045523 35.18889999 5.00000000
v 7.16848183 35.17499924 5.00000000
v 7.06459951 35.97790146 5.00000000
v 7.13470078 35.96081543 5.00000000
v 7.20358324 35.93896866 5.00000000
v 7.27095175 35.91246033 5.00000000
v 7.33651733 35.88140488 5.00000000
v 7.40000010 35.84592819 5.00000000
v 7.46112728 35.80619049 5.00000000
v 6.30000019 35.40909576 5.50000000
v 6.33251238 35.42781067 5.50000000
v 6.37125587 35.44671631 5.50000000
v 6.30000019 35.84592819 5.50000000
v 6.36348248 35.88140488 5.50000000
v 6.41106415 35.46285248 5.50000000
v 6.45176744 35.47614670 5.50000000
v 6.49319124 35.48654938 5.50000000
v 6.53515816 35.49401093 5.50000000
v 6.42904806 35.91246033 5.50000000
v 6.49641657 35.93896866 5.50000000
v 6.57748795 35.49850082 5.50000000
v 6.61999989 35.50000000 5.50000000
v 6.66251183 35.49850082 5.50000000
v 6.70484209 35.49401093 5.50000000
v 6.56529903 35.96081543 5.50000000
v 6.63540077 35.97790146 5.50000000
v 6.70642138 35.99016190 5.50000000
v 6.74680853 35.48654938 5.50000000
v 6.78823233 35.47614670 5.50000000
v 6.82893562 35.46285248 5.50000000
v 6.86874437 35.44671631 5.50000000
v 6.77805662 35.99753952 5.50000000
v 6.84999990 36.00000000 5.50000000
v 6.30000019 38.90000153 5.50000000
v 6.90748787 35.42781067 5.50000000
v 6.94500017 35.40621948 5.50000000
v 6.98112059 35.38203049 5.50000000
v 7.01569510 35.35534668 5.50000000
v 6.92194366 35.99753952 5.50000000
v 6.99357891 35.99016190 5.50000000
v 7.10869598 35.26154327 5.50000000
v 7.04857492 35.32628632 5.50000000
v 7.07961941 35.29497528 5.50000000
v 7.13567972 35.22613144 5.50000000
v 7.16045523 35.18889999 5.50000000
v 7.18291664 35.15000153 5.50000000
v 7.06459951 35.97790146 5.50000000
v 7.13470078 35.96081543 5.50000000
v 7.20296717 35.10960388 5.50000000
v 7.22052193 35.06787872 5.50000000
v 7.23550463 35.02500916 5.50000000
v 7.20358324 35.93896866 5.50000000
v 7.27095175 35.91246033 5.50000000
v 7.33651733 35.88140488 5.50000000
v 7.40000010 35.84592819 5.50000000
v 7.46112728 35.80619049 5.50000000
v 7.92886400 35.07435226 4.59999990
v 7.90458012 35.17499924 4.59999990
v 7.91251850 35.14764023 4.59999990
v 7.94058943 35.00010681 4.59999990
v 9.38705540 35.00000000 4.59999990
v 9.43193436 35.00000000 4.59999990
v 9.44798183 35.05073929 4.59999990
v 9.48002529 35.13082123 4.59999990
v 9.50144100 35.17499924 4.59999990
v 7.51963758 35.76235580 5.00000000
v 7.57528019 35.71461487 5.00000000
v 7.62781763 35.66317368 5.00000000
v 7.76461649 35.48890686 5.00000000
v 7.80262804 35.42499924 5.00000000
v 7.67702389 35.60824585 5.00000000
v 7.72268867 35.55007553 5.00000000
v 7.83656025 35.35863113 5.00000000
v 7.86626768 35.29008484 5.00000000
v 7.90458012 35.17499924 5.00000000
v 7.89162302 35.21965408 5.00000000
v 7.51963758 35.76235580 5.50000000
v 7.57528019 35.71461487 5.50000000
v 7.62781763 35.66317368 5.50000000
v 7.76461649 35.48890686 5.50000000
v 7.80262804 35.42499924 5.50000000
v 7.67702389 35.60824585 5.50000000
v 7.72268867 35.55007553 5.50000000
v 7.83656025 35.35863113 5.50000000
v 7.86626768 35.29008484 5.50000000
v 7.92886400 35.07435226 5.50000000
v 7.89162302 35.21965408 5.50000000
v 7.91251850 35.14764023 5.50000000
v 7.94058943 35.00010681 5.50000000
v 8.53125000 40.37500000 5.00000000
v 9.50144100 35.17499924 5.00000000
v 9.51857662 35.21034622 5.00000000
v 9.56347179 35.28896713 5.00000000
v 9.61451912 35.36635590 5.00000000
v 9.67149925 35.44216919 5.00000000
v 9.73416710 35.51609421 5.00000000
v 9.80225658 35.58780670 5.00000000
v 9.87547493 35.65700150 5.00000000
v 9.95350742 35.72338486 5.00000000
v 9.38705540 35.00000000 5.50000000
v 9.43193436 35.00000000 5.50000000
v 9.44798183 35.05073929 5.50000000
v 9.48002529 35.13082123 5.50000000
v 9.51857662 35.21034622 5.50000000
v 9.56347179 35.28896713 5.50000000
v 9.61451912 35.36635590 5.50000000
v 9.67149925 35.44216919 5.50000000
v 9.73416710 35.51609421 5.50000000
v 9.80225658 35.58780670 5.50000000
v 9.87547493 35.65700150 5.50000000
v 9.95350742 35.72338486 5.50000000
v 9.85000038 42.79999924 5.00000000
v 9.85000038 42.79999924 5.50000000
v 9.85000038 43.47237778 5.50000000
v 9.85000038 48.00000000 5.00000000
v 9.85000038 44.42761993 5.50000000
v 9.85000038 48.00000000 5.50000000
v 5.43793392 56.50000000 4.59999990
v 6.08793402 56.51193237 4.59999990
v 6.08793402 56.50000000 4.59999990
v 6.08793402 57.80794907 4.59999990
v 6.10398960 57.80830002 4.59999990
v 6.08793402 59.69205093 4.59999990
v 6.10398960 59.69169998 4.59999990
v 6.08793402 61.01193237 4.59999990
v 6.08793402 60.98806763 4.59999990
v 6.27544928 56.51965714 4.59999990
v 6.48310947 56.53068542 4.59999990
v 6.68962717 56.54414368 4.59999990
v 6.89477587 56.56001663 4.59999990
v 7.09833145 56.57828140 4.59999990
v 7.30007172 56.59891891 4.59999990
v 7.49977541 56.62191010 4.59999990
v 6.26913691 57.81295776 4.59999990
v 6.43337488 57.81863785 4.59999990
v 6.59652472 57.82534027 4.59999990
v 6.75840759 57.83304977 4.59999990
v 6.26913691 59.68704224 4.59999990
v 6.43337488 59.68136215 4.59999990
v 6.27544928 60.98034286 4.59999990
v 6.27544928 61.01965714 4.59999990
v 6.48310947 60.96931458 4.59999990
v 6.48310947 61.03068542 4.59999990
v 6.59652472 59.67465973 4.59999990
v 6.75840759 59.66695023 4.59999990
v 6.68962717 60.95585632 4.59999990
v 6.68962717 61.04414368 4.59999990
v 6.91884661 57.84176636 4.59999990
v 7.07766628 57.85147476 4.59999990
v 7.23469305 57.86216354 4.59999990
v 7.38975477 57.87382507 4.59999990
v 6.91884661 59.65823364 4.59999990
v 7.07766628 59.64852524 4.59999990
v 6.89477587 60.93998337 4.59999990
v 6.89477587 61.06001663 4.59999990
v 7.09833145 60.92171860 4.59999990
v 7.09833145 61.07828140 4.59999990
v 7.23469305 59.63783646 4.59999990
v 7.38975477 59.62617493 4.59999990
v 7.30007172 60.90108109 4.59999990
v 7.30007172 61.09891891 4.59999990
v 7.49977541 60.87808990 4.59999990
v 7.49977541 61.12191010 4.59999990
v 6.08793402 56.50000000 5.00000000
v 6.08793402 56.51193237 5.00000000
v 6.08793402 57.80794907 5.00000000
v 6.10398960 57.80830002 5.00000000
v 6.08793402 59.69205093 5.00000000
v 6.10398960 59.69169998 5.00000000
v 6.08793402 61.01193237 5.00000000
v 6.08793402 60.98806763 5.00000000
v 6.27544928 56.51965714 5.00000000
v 6.48310947 56.53068542 5.00000000
v 6.68962717 56.54414368 5.00000000
v 6.89477587 56.56001663 5.00000000
v 7.09833145 56.57828140 5.00000000
v 7.30007172 56.59891891 5.00000000
v 7.49977541 56.62191010 5.00000000
v 6.26913691 57.81295776 5.00000000
v 6.43337488 57.81863785 5.00000000
v 6.59652472 57.82534027 5.00000000
v 6.75840759 57.83304977 5.00000000
v 6.26913691 59.68704224 5.00000000
v 6.43337488 59.68136215 5.00000000
v 6.27544928 60.98034286 5.00000000
v 6.27544928 61.01965714 5.00000000
v 6.48310947 60.96931458 5.00000000
v 6.48310947 61.03068542 5.00000000
v 6.59652472 59.67465973 5.00000000
v 6.75840759 59.66695023 5.00000000
v 6.68962717 60.95585632 5.00000000
v 6.68962717 61.04414368 5.00000000
v 6.91884661 57.84176636 5.00000000
v 7.07766628 57.85147476 5.00000000
v 7.23469305 57.86216354 5.00000000
v 7.38975477 57.87382507 5.00000000
v 6.91884661 59.65823364 5.00000000
v 7.07766628 59.64852524 5.00000000
v 6.89477587 60.93998337 5.00000000
v 6.89477587 61.06001663 5.00000000
v 7.09833145 60.92171860 5.00000000
v 7.09833145 61.07828140 5.00000000
v 7.23469305 59.63783646 5.00000000
v 7.38975477 59.62617493 5.00000000
v 7.30007172 60.90108109 5.00000000
v 7.30007172 61.09891891 5.00000000
v 7.49977541 60.87808990 5.00000000
v 7.49977541 61.12191010 5.00000000
v 5.43793392 65.50000000 4.59999990
v 6.08793402 62.30794907 4.59999990
v 6.10398960 62.30830002 4.59999990
v 6.08793402 64.19205475 4.59999990
v 6.10398960 64.19170380 4.59999990
v 6.08793402 65.48806763 4.59999990
v 6.08793402 65.50000000 4.59999990
v 6.26913691 62.31295776 4.59999990
v 6.43337488 62.31863785 4.59999990
v 6.59652472 62.32534027 4.59999990
v 6.75840759 62.33304977 4.59999990
v 6.26913691 64.18704224 4.59999990
v 6.43337488 64.18135834 4.59999990
v 6.27544928 65.48034668 4.59999990
v 6.48310947 65.46931458 4.59999990
v 6.59652472 64.17465973 4.59999990
v 6.75840759 64.16694641 4.59999990
v 6.68962717 65.45585632 4.59999990
v 6.91884661 62.34176636 4.59999990
v 7.07766628 62.35147476 4.59999990
v 7.23469305 62.36216354 4.59999990
v 7.38975477 62.37382507 4.59999990
v 6.91884661 64.15823364 4.59999990
v 7.07766628 64.14852905 4.59999990
v 6.89477587 65.43998718 4.59999990
v 7.09833145 65.42172241 4.59999990
v 7.23469305 64.13783264 4.59999990
v 7.38975477 64.12617493 4.59999990
v 7.30007172 65.40107727 4.59999990
v 7.49977541 65.37808990 4.59999990
v 6.08793402 62.30794907 5.00000000
v 6.10398960 62.30830002 5.00000000
v 6.08793402 64.19205475 5.00000000
v 6.10398960 64.19170380 5.00000000
v 6.08793402 65.48806763 5.00000000
v 6.08793402 65.50000000 5.00000000
v 6.26913691 62.31295776 5.00000000
v 6.43337488 62.31863785 5.00000000
v 6.59652472 62.32534027 5.00000000
v 6.75840759 62.33304977 5.00000000
v 6.26913691 64.18704224 5.00000000
v 6.43337488 64.18135834 5.00000000
v 6.27544928 65.48034668 5.00000000
v 6.48310947 65.46931458 5.00000000
v 6.59652472 64.17465973 5.00000000
v 6.75840759 64.16694641 5.00000000
v 6.68962717 65.45585632 5.00000000
v 6.91884661 62.34176636 5.00000000
v 7.07766628 62.35147476 5.00000000
v 7.23469305 62.36216354 5.00000000
v 7.38975477 62.37382507 5.00000000
v 6.91884661 64.15823364 5.00000000
v 7.07766628 64.14852905 5.00000000
v 6.89477587 65.43998718 5.00000000
v 7.09833145 65.42172241 5.00000000
v 7.23469305 64.13783264 5.00000000
v 7.38975477 64.12617493 5.00000000
v 7.30007172 65.40107727 5.00000000
v 7.49977541 65.37808990 5.00000000
v 7.69722509 56.64722824 4.59999990
v 7.89220381 56.67484665 4.59999990
v 8.08449841 56.70473480 4.59999990
v 8.27390003 56.73685837 4.59999990
v 8.46020031 56.77118301 4.59999990
v 8.64319515 56.80767441 4.59999990
v 7.54268217 57.88644409 4.59999990
v 7.69330835 57.90000534 4.59999990
v 7.84146833 57.91450119 4.59999990
v 7.98699999 57.92990494 4.59999990
v 7.54268217 59.61355591 4.59999990
v 7.69330835 59.59999466 4.59999990
v 7.69722509 60.85277176 4.59999990
v 7.69722509 61.14722824 4.59999990
v 7.84146833 59.58549881 4.59999990
v 7.98699999 59.57009506 4.59999990
v 7.89220381 60.82515335 4.59999990
v 7.89220381 61.17484665 4.59999990
v 8.08449841 60.79526520 4.59999990
v 8.08449841 61.20473480 4.59999990
v 8.12974453 57.94620895 4.59999990
v 8.26954460 57.96339035 4.59999990
v 8.40625000 57.98143387 4.59999990
v 8.53970814 58.00031662 4.59999990
v 8.66977501 58.02001953 4.59999990
v 8.12974453 59.55379105 4.59999990
v 8.26954460 59.53660965 4.59999990
v 8.40625000 59.51856613 4.59999990
v 8.27390003 60.76314163 4.59999990
v 8.27390003 61.23685837 4.59999990
v 8.53970814 59.49968338 4.59999990
v 8.66977501 59.47998047 4.59999990
v 8.46020031 60.72881699 4.59999990
v 8.64319515 60.69232559 4.59999990
v 8.82268524 56.84628677 4.59999990
v 8.99847507 56.88698196 4.59999990
v 8.79630852 58.04051971 4.59999990
v 8.91916847 58.06179428 4.59999990
v 9.03822231 58.08382416 4.59999990
v 9.17037010 56.92971039 4.59999990
v 9.33818436 56.97443390 4.59999990
v 9.15333939 58.10658264 4.59999990
v 9.26439381 58.13004303 4.59999990
v 9.37126446 58.15418243 4.59999990
v 8.79630852 59.45948029 4.59999990
v 8.91916847 59.43820572 4.59999990
v 9.03822231 59.41617584 4.59999990
v 8.82268524 60.65371323 4.59999990
v 8.99847507 60.61301804 4.59999990
v 9.15333939 59.39341736 4.59999990
v 9.26439381 59.36995697 4.59999990
v 9.37126446 59.34581757 4.59999990
v 9.17037010 60.57028961 4.59999990
v 9.33818436 60.52556610 4.59999990
v 9.50173378 57.02109909 4.59999990
v 9.66084003 57.06965256 4.59999990
v 9.47383308 58.17897415 4.59999990
v 9.57198906 58.20438766 4.59999990
v 9.66562462 58.23040009 4.59999990
v 9.81532860 57.12004471 4.59999990
v 9.96502972 57.17221832 4.59999990
v 9.75463676 58.25697708 4.59999990
v 9.83892918 58.28409576 4.59999990
v 9.91840935 58.31172562 4.59999990
v 9.99298954 58.33983231 4.59999990
v 9.47383308 59.32102585 4.59999990
v 9.57198906 59.29561234 4.59999990
v 9.66562462 59.26959991 4.59999990
v 9.50173378 60.47890091 4.59999990
v 9.66084003 60.43034744 4.59999990
v 9.75463676 59.24302292 4.59999990
v 9.83892918 59.21590424 4.59999990
v 9.91840935 59.18827438 4.59999990
v 9.99298954 59.16016769 4.59999990
v 9.81532860 60.37995529 4.59999990
v 9.96502972 60.32778168 4.59999990
v 7.69722509 56.64722824 5.00000000
v 7.89220381 56.67484665 5.00000000
v 8.08449841 56.70473480 5.00000000
v 8.27390003 56.73685837 5.00000000
v 8.46020031 56.77118301 5.00000000
v 8.64319515 56.80767441 5.00000000
v 7.54268217 57.88644409 5.00000000
v 7.69330835 57.90000534 5.00000000
v 7.84146833 57.91450119 5.00000000
v 7.98699999 57.92990494 5.00000000
v 7.54268217 59.61355591 5.00000000
v 7.69330835 59.59999466 5.00000000
v 7.69722509 60.85277176 5.00000000
v 7.69722509 61.14722824 5.00000000
v 7.84146833 59.58549881 5.00000000
v 7.98699999 59.57009506 5.00000000
v 7.89220381 60.82515335 5.00000000
v 7.89220381 61.17484665 5.00000000
v 8.08449841 60.79526520 5.00000000
v 8.08449841 61.20473480 5.00000000
v 8.12974453 57.94620895 5.00000000
v 8.26954460 57.96339035 5.00000000
v 8.40625000 57.98143387 5.00000000
v 8.53970814 58.00031662 5.00000000
v 8.66977501 58.02001953 5.00000000
v 8.12974453 59.55379105 5.00000000
v 8.26954460 59.53660965 5.00000000
v 8.40625000 59.51856613 5.00000000
v 8.27390003 60.76314163 5.00000000
v 8.27390003 61.23685837 5.00000000
v 8.53970814 59.49968338 5.00000000
v 8.66977501 59.47998047 5.00000000
v 8.46020031 60.72881699 5.00000000
v 8.64319515 60.69232559 5.00000000
v 8.82268524 56.84628677 5.00000000
v 8.99847507 56.88698196 5.00000000
v 8.79630852 58.04051971 5.00000000
v 8.91916847 58.06179428 5.00000000
v 9.03822231 58.08382416 5.00000000
v 9.17037010 56.92971039 5.00000000
v 9.33818436 56.97443390 5.00000000
v 9.15333939 58.10658264 5.00000000
v 9.26439381 58.13004303 5.00000000
v 9.37126446 58.15418243 5.00000000
v 8.79630852 59.45948029 5.00000000
v 8.91916847 59.43820572 5.00000000
v 9.03822231 59.41617584 5.00000000
v 8.82268524 60.65371323 5.00000000
v 8.99847507 60.61301804 5.00000000
v 9.15333939 59.39341736 5.00000000
v 9.26439381 59.36995697 5.00000000
v 9.37126446 59.34581757 5.00000000
v 9.17037010 60.57028961 5.00000000
v 9.33818436 60.52556610 5.00000000
v 9.50173378 57.02109909 5.00000000
v 9.66084003 57.06965256 5.00000000
v 9.47383308 58.17897415 5.00000000
v 9.57198906 58.20438766 5.00000000
v 9.66562462 58.23040009 5.00000000
v 9.81532860 57.12004471 5.00000000
v 9.96502972 57.17221832 5.00000000
v 9.75463676 58.25697708 5.00000000
v 9.83892918 58.28409576 5.00000000
v 9.91840935 58.31172562 5.00000000
v 9.99298954 58.33983231 5.00000000
v 9.47383308 59.32102585 5.00000000
v 9.57198906 59.29561234 5.00000000
v 9.66562462 59.26959991 5.00000000
v 9.50173378 60.47890091 5.00000000
v 9.66084003 60.43034744 5.00000000
v 9.75463676 59.24302292 5.00000000
v 9.83892918 59.21590424 5.00000000
v 9.91840935 59.18827438 5.00000000
v 9.99298954 59.16016769 5.00000000
v 9.81532860 60.37995529 5.00000000
v 9.96502972 60.32778168 5.00000000
v 7.54268217 62.38644409 4.59999990
v 7.69330835 62.40000534 4.59999990
v 7.84146833 62.41450119 4.59999990
v 7.98699999 62.42990494 4.59999990
v 7.54268217 64.11355591 4.59999990
v 7.69330835 64.09999084 4.59999990
v 7.69722509 65.35276794 4.59999990
v 7.84146833 64.08550262 4.59999990
v 7.98699999 64.07009125 4.59999990
v 7.89220381 65.32514954 4.59999990
v 8.08449841 65.29526520 4.59999990
v 8.12974453 62.44620895 4.59999990
v 8.26954460 62.46339035 4.59999990
v 8.40625000 62.48143387 4.59999990
v 8.46020031 61.27118301 4.59999990
v 8.64319515 61.30767441 4.59999990
v 8.53970814 62.50031662 4.59999990
v 8.66977501 62.52001953 4.59999990
v 8.12974453 64.05378723 4.59999990
v 8.26954460 64.03660583 4.59999990
v 8.40625000 64.01856995 4.59999990
v 8.27390003 65.26313782 4.59999990
v 8.53970814 63.99968338 4.59999990
v 8.66977501 63.97998047 4.59999990
v 8.46020031 65.22881317 4.59999990
v 8.64319515 65.19232941 4.59999990
v 8.82268524 61.34628677 4.59999990
v 8.99847507 61.38698196 4.59999990
v 8.79630852 62.54051971 4.59999990
v 8.91916847 62.56179428 4.59999990
v 9.03822231 62.58382416 4.59999990
v 9.17037010 61.42971039 4.59999990
v 9.33818436 61.47443390 4.59999990
v 9.15333939 62.60658264 4.59999990
v 9.26439381 62.63004303 4.59999990
v 9.37126446 62.65418243 4.59999990
v 8.79630852 63.95948029 4.59999990
v 8.91916847 63.93820572 4.59999990
v 9.03822231 63.91617584 4.59999990
v 8.82268524 65.15371704 4.59999990
v 8.99847507 65.11302185 4.59999990
v 9.15333939 63.89341736 4.59999990
v 9.26439381 63.86995697 4.59999990
v 9.37126446 63.84581757 4.59999990
v 9.17037010 65.07028961 4.59999990
v 9.33818436 65.02556610 4.59999990
v 9.50173378 61.52109909 4.59999990
v 9.66084003 61.56965256 4.59999990
v 9.47383308 62.67897415 4.59999990
v 9.57198906 62.70438766 4.59999990
v 9.66562462 62.73040009 4.59999990
v 9.81532860 61.62004471 4.59999990
v 9.96502972 61.67221832 4.59999990
v 9.75463676 62.75697708 4.59999990
v 9.83892918 62.78409576 4.59999990
v 9.91840935 62.81172562 4.59999990
v 9.99298954 62.83983231 4.59999990
v 9.47383308 63.82102585 4.59999990
v 9.57198906 63.79561234 4.59999990
v 9.66562462 63.76959991 4.59999990
v 9.50173378 64.97890472 4.59999990
v 9.66084003 64.93035126 4.59999990
v 9.75463676 63.74302292 4.59999990
v 9.83892918 63.71590424 4.59999990
v 9.91840935 63.68827438 4.59999990
v 9.99298954 63.66016769 4.59999990
v 9.81532860 64.87995911 4.59999990
v 9.96502972 64.82778168 4.59999990
v 7.54268217 62.38644409 5.00000000
v 7.69330835 62.40000534 5.00000000
v 7.84146833 62.41450119 5.00000000
v 7.98699999 62.42990494 5.00000000
v 7.54268217 64.11355591 5.00000000
v 7.69330835 64.09999084 5.00000000
v 7.69722509 65.35276794 5.00000000
v 7.84146833 64.08550262 5.00000000
v 7.98699999 64.07009125 5.00000000
v 7.89220381 65.32514954 5.00000000
v 8.08449841 65.29526520 5.00000000
v 8.12974453 62.44620895 5.00000000
v 8.26954460 62.46339035 5.00000000
v 8.40625000 62.48143387 5.00000000
v 8.46020031 61.27118301 5.00000000
v 8.64319515 61.30767441 5.00000000
v 8.53970814 62.50031662 5.00000000
v 8.66977501 62.52001953 5.00000000
v 8.12974453 64.05378723 5.00000000
v 8.26954460 64.03660583 5.00000000
v 8.40625000 64.01856995 5.00000000
v 8.27390003 65.26313782 5.00000000
v 8.53970814 63.99968338 5.00000000
v 8.66977501 63.97998047 5.00000000
v 8.46020031 65.22881317 5.00000000
v 8.64319515 65.19232941 5.00000000
v 8.82268524 61.34628677 5.00000000
v 8.99847507 61.38698196 5.00000000
v 8.79630852 62.54051971 5.00000000
v 8.91916847 62.56179428 5.00000000
v 9.03822231 62.58382416 5.00000000
v 9.17037010 61.42971039 5.00000000
v 9.33818436 61.47443390 5.00000000
v 9.15333939 62.60658264 5.00000000
v 9.26439381 62.63004303 5.00000000
v 9.37126446 62.65418243 5.00000000
v 8.79630852 63.95948029 5.00000000
v 8.91916847 63.93820572 5.00000000
v 9.03822231 63.91617584 5.00000000
v 8.82268524 65.15371704 5.00000000
v 8.99847507 65.11302185 5.00000000
v 9.15333939 63.89341736 5.00000000
v 9.26439381 63.86995697 5.00000000
v 9.37126446 63.84581757 5.00000000
v 9.17037010 65.07028961 5.00000000
v 9.33818436 65.02556610 5.00000000
v 9.50173378 61.52109909 5.00000000
v 9.66084003 61.56965256 5.00000000
v 9.47383308 62.67897415 5.00000000
v 9.57198906 62.70438766 5.00000000
v 9.66562462 62.73040009 5.00000000
v 9.81532860 61.62004471 5.00000000
v 9.96502972 61.67221832 5.00000000
v 9.75463676 62.75697708 5.00000000
v 9.83892918 62.78409576 5.00000000
v 9.91840935 62.81172562 5.00000000
v 9.99298954 62.83983231 5.00000000
v 9.47383308 63.82102585 5.00000000
v 9.57198906 63.79561234 5.00000000
v 9.66562462 63.76959991 5.00000000
v 9.50173378 64.97890472 5.00000000
v 9.66084003 64.93035126 5.00000000
v 9.75463676 63.74302292 5.00000000
v 9.83892918 63.71590424 5.00000000
v 9.91840935 63.68827438 5.00000000
v 9.99298954 63.66016769 5.00000000
v 9.81532860 64.87995911 5.00000000
v 9.96502972 64.82778168 5.00000000
v 19.39999962 0.60000002 0.00000000
v 19.39999962 0.00000000 0.60000002
v 20.00000000 0.60000002 0.60000002
v 12.49855900 34.82500076 4.59999990
v 10.00037193 33.88662338 5.00000000
v 10.08530140 33.85525513 5.00000000
v 10.17414761 33.82878494 5.00000000
v 10.26653099 33.80733490 5.00000000
v 10.36205482 33.79098892 5.00000000
v 10.46030998 33.77981949 5.00000000
v 10.56087685 33.77387619 5.00000000
v 10.66332436 33.77318192 5.00000000
v 10.76721287 33.77774048 5.00000000
v 10.87209797 33.78753662 5.00000000
v 10.97753143 33.80252075 5.00000000
v 11.08306122 33.82263565 5.00000000
v 11.18823433 33.84779358 5.00000000
v 10.00037193 33.88662338 5.50000000
v 10.08530140 33.85525513 5.50000000
v 10.17414761 33.82878494 5.50000000
v 10.26653099 33.80733490 5.50000000
v 10.36205482 33.79098892 5.50000000
v 10.46030998 33.77981949 5.50000000
v 10.56087685 33.77387619 5.50000000
v 10.66332436 33.77318192 5.50000000
v 10.76721287 33.77774048 5.50000000
v 10.87209797 33.78753662 5.50000000
v 10.97753143 33.80252075 5.50000000
v 11.08306122 33.82263565 5.50000000
v 11.18823433 33.84779358 5.50000000
v 11.29260254 33.87788010 5.00000000
v 11.39571762 33.91277695 5.00000000
v 11.49713802 33.95232391 5.00000000
v 11.59642887 33.99636078 5.00000000
v 11.69316673 34.04469681 5.00000000
v 11.78693581 34.09712219 5.00000000
v 11.87733459 34.15341187 5.00000000
v 11.96397781 34.21332932 5.00000000
v 12.04649258 34.27661514 5.00000000
v 12.12452507 34.34299850 5.00000000
v 12.19774342 34.41219330 5.00000000
v 12.26583290 34.48390579 5.00000000
v 12.32850075 34.55783081 5.00000000
v 12.38548088 34.63364410 5.00000000
v 12.43652821 34.71103287 5.00000000
v 12.48142338 34.78965378 5.00000000
v 12.49855900 34.82500076 5.00000000
v 11.29260254 33.87788010 5.50000000
v 11.39571762 33.91277695 5.50000000
v 11.49713802 33.95232391 5.50000000
v 11.59642887 33.99636078 5.50000000
v 11.69316673 34.04469681 5.50000000
v 11.78693581 34.09712219 5.50000000
v 11.87733459 34.15341187 5.50000000
v 11.96397781 34.21332932 5.50000000
v 12.04649258 34.27661514 5.50000000
v 12.12452507 34.34299850 5.50000000
v 12.19774342 34.41219330 5.50000000
v 12.26583290 34.48390579 5.50000000
v 12.32850075 34.55783081 5.50000000
v 12.38548088 34.63364410 5.50000000
v 12.43652821 34.71103287 5.50000000
v 12.48142338 34.78965378 5.50000000
v 12.51997471 34.86917877 4.59999990
v 12.55201817 34.94926071 4.59999990
v 12.51997471 34.86917877 5.50000000
v 12.55201817 34.94926071 5.50000000
v 19.39999962 0.00000000 4.40000010
v 20.00000000 0.60000002 4.40000010
v 19.39999962 0.60000002 5.00000000
v 19.79999924 29.62500000 4.59999990
v 19.79999924 29.97500038 4.59999990
v 19.79999924 32.22499847 4.59999990
v 19.79999924 32.57500076 4.59999990
v 19.79999924 34.82500076 4.59999990
v 19.39999962 29.62500000 5.00000000
v 19.39999962 29.97500038 5.00000000
v 19.39999962 32.22499847 5.00000000
v 19.39999962 32.57500076 5.00000000
v 19.39999962 34.82500076 5.00000000
v 19.39999962 69.40000153 0.00000000
v 19.39999962 70.00000000 0.60000002
v 20.00000000 69.40000153 0.60000002
v 10.03602219 35.78667068 5.00000000
v 10.12266541 35.84658813 5.00000000
v 10.21306419 35.90287781 5.00000000
v 10.30683327 35.95530319 5.00000000
v 10.40357113 36.00363922 5.00000000
v 10.50286198 36.04767609 5.00000000
v 10.60428238 36.08722305 5.00000000
v 10.70739746 36.12211990 5.00000000
v 10.81176567 36.15220642 5.00000000
v 10.91693878 36.17736435 5.00000000
v 11.02246857 36.19747925 5.00000000
v 11.12790203 36.21246338 5.00000000
v 11.23278713 36.22225952 5.00000000
v 10.03602219 35.78667068 5.50000000
v 10.12266541 35.84658813 5.50000000
v 10.21306419 35.90287781 5.50000000
v 10.30683327 35.95530319 5.50000000
v 10.40357113 36.00363922 5.50000000
v 10.50286198 36.04767609 5.50000000
v 10.60428238 36.08722305 5.50000000
v 10.70739746 36.12211990 5.50000000
v 10.81176567 36.15220642 5.50000000
v 10.91693878 36.17736435 5.50000000
v 11.02246857 36.19747925 5.50000000
v 11.12790203 36.21246338 5.50000000
v 11.23278713 36.22225952 5.50000000
v 10.30000019 42.79999924 5.00000000
v 10.30000019 42.95407104 5.00000000
v 10.30000019 43.29090500 5.00000000
v 10.36348248 42.91859818 5.00000000
v 10.42904854 42.88753891 5.00000000
v 10.33251190 43.27219009 5.00000000
v 10.37125587 43.25328445 5.00000000
v 10.41106415 43.23714828 5.00000000
v 10.45176792 43.22385025 5.00000000
v 10.49641705 42.86103058 5.00000000
v 10.56529903 42.83918381 5.00000000
v 10.57748795 43.20149994 5.00000000
v 10.61999989 43.20000076 5.00000000
v 10.49319172 43.21345139 5.00000000
v 10.53515816 43.20598984 5.00000000
v 10.63540077 42.82209778 5.00000000
v 10.66251183 43.20149994 5.00000000
v 10.70642090 42.80983734 5.00000000
v 10.77805614 42.80246353 5.00000000
v 10.70484161 43.20598984 5.00000000
v 10.74680901 43.21345139 5.00000000
v 10.85000038 42.79999924 5.00000000
v 10.92194366 42.80246353 5.00000000
v 10.78823280 43.22385025 5.00000000
v 10.82893562 43.23714828 5.00000000
v 10.86874390 43.25328445 5.00000000
v 10.90748787 43.27219009 5.00000000
v 10.99357891 42.80983734 5.00000000
v 11.06459904 42.82209778 5.00000000
v 10.94499969 43.29378128 5.00000000
v 10.98112106 43.31797028 5.00000000
v 11.01569462 43.34465408 5.00000000
v 11.04857445 43.37371063 5.00000000
v 11.07961941 43.40502548 5.00000000
v 11.13470078 42.83918381 5.00000000
v 11.20358372 42.86103058 5.00000000
v 11.10869598 43.43845749 5.00000000
v 11.13567924 43.47386551 5.00000000
v 11.16045570 43.51110077 5.00000000
v 11.18291664 43.54999924 5.00000000
v 11.20296764 43.59039688 5.00000000
v 11.22052193 43.63212204 5.00000000
v 11.23550415 43.67499161 5.00000000
v 11.24785137 43.71882629 5.00000000
v 10.30000019 42.79999924 5.50000000
v 10.30000019 42.95407104 5.50000000
v 10.30000019 43.29090500 5.50000000
v 10.36348248 42.91859818 5.50000000
v 10.42904854 42.88753891 5.50000000
v 10.33251190 43.27219009 5.50000000
v 10.37125587 43.25328445 5.50000000
v 10.41106415 43.23714828 5.50000000
v 10.45176792 43.22385025 5.50000000
v 10.49641705 42.86103058 5.50000000
v 10.56529903 42.83918381 5.50000000
v 10.57748795 43.20149994 5.50000000
v 10.61999989 43.20000076 5.50000000
v 10.49319172 43.21345139 5.50000000
v 10.53515816 43.20598984 5.50000000
v 10.63540077 42.82209778 5.50000000
v 10.66251183 43.20149994 5.50000000
v 10.70642090 42.80983734 5.50000000
v 10.77805614 42.80246353 5.50000000
v 10.70484161 43.20598984 5.50000000
v 10.74680901 43.21345139 5.50000000
v 10.85000038 42.79999924 5.50000000
v 10.92194366 42.80246353 5.50000000
v 10.78823280 43.22385025 5.50000000
v 10.82893562 43.23714828 5.50000000
v 10.86874390 43.25328445 5.50000000
v 10.90748787 43.27219009 5.50000000
v 10.99357891 42.80983734 5.50000000
v 11.06459904 42.82209778 5.50000000
v 10.94499969 43.29378128 5.50000000
v 10.98112106 43.31797028 5.50000000
v 11.01569462 43.34465408 5.50000000
v 11.04857445 43.37371063 5.50000000
v 11.07961941 43.40502548 5.50000000
v 11.13470078 42.83918381 5.50000000
v 11.20358372 42.86103058 5.50000000
v 11.10869598 43.43845749 5.50000000
v 11.13567924 43.47386551 5.50000000
v 11.16045570 43.51110077 5.50000000
v 11.18291664 43.54999924 5.50000000
v 11.20296764 43.59039688 5.50000000
v 11.22052193 43.63212204 5.50000000
v 11.23550415 43.67499161 5.50000000
v 11.24785137 43.71882629 5.50000000
v 11.33667564 36.22681808 5.00000000
v 11.43912315 36.22612381 5.00000000
v 11.53969002 36.22018051 5.00000000
v 11.63794518 36.20901108 5.00000000
v 11.73346901 36.19266510 5.00000000
v 11.82585239 36.17121506 5.00000000
v 12.08027744 36.07723618 5.00000000
v 12.15630054 36.03648758 5.00000000
v 11.91469860 36.14474487 5.00000000
v 11.99962807 36.11337662 5.00000000
v 12.22737217 35.99129486 5.00000000
v 12.29318810 35.94186401 5.00000000
v 12.35346699 35.88839340 5.00000000
v 12.40794945 35.83112335 5.00000000
v 12.45640278 35.77029419 5.00000000
v 12.49862003 35.70616531 5.00000000
v 11.33667564 36.22681808 5.50000000
v 11.43912315 36.22612381 5.50000000
v 11.53969002 36.22018051 5.50000000
v 11.63794518 36.20901108 5.50000000
v 11.73346901 36.19266510 5.50000000
v 11.82585239 36.17121506 5.50000000
v 12.08027744 36.07723618 5.50000000
v 12.15630054 36.03648758 5.50000000
v 11.91469860 36.14474487 5.50000000
v 11.99962807 36.11337662 5.50000000
v 12.22737217 35.99129486 5.50000000
v 12.29318810 35.94186401 5.50000000
v 12.35346699 35.88839340 5.50000000
v 12.40794945 35.83112335 5.50000000
v 12.45640278 35.77029419 5.50000000
v 12.49862003 35.70616531 5.50000000
v 11.27095222 42.88753891 5.00000000
v 11.33651733 42.91859818 5.00000000
v 11.39999962 42.95407104 5.00000000
v 11.46112728 42.99380875 5.00000000
v 11.51963711 43.03764343 5.00000000
v 11.57528019 43.08538437 5.00000000
v 11.62781715 43.13682556 5.00000000
v 11.67702389 43.19175339 5.00000000
v 11.72268867 43.24992371 5.00000000
v 11.76461697 43.31109238 5.00000000
v 11.80262756 43.37500000 5.00000000
v 11.83656025 43.44136810 5.00000000
v 11.86626720 43.50991440 5.00000000
v 11.89162350 43.58034515 5.00000000
v 11.91251850 43.65235901 5.00000000
v 11.92886353 43.72564697 5.00000000
v 12.39999962 42.54999924 5.00000000
v 12.39999962 43.04999924 5.00000000
v 11.27095222 42.88753891 5.50000000
v 11.33651733 42.91859818 5.50000000
v 11.39999962 42.95407104 5.50000000
v 11.46112728 42.99380875 5.50000000
v 11.51963711 43.03764343 5.50000000
v 11.57528019 43.08538437 5.50000000
v 11.62781715 43.13682556 5.50000000
v 11.67702389 43.19175339 5.50000000
v 11.72268867 43.24992371 5.50000000
v 11.76461697 43.31109238 5.50000000
v 11.80262756 43.37500000 5.50000000
v 11.83656025 43.44136810 5.50000000
v 11.86626720 43.50991440 5.50000000
v 11.89162350 43.58034515 5.50000000
v 11.91251850 43.65235901 5.50000000
v 11.92886353 43.72564697 5.50000000
v 12.39999962 42.54999924 5.50000000
v 12.39999962 43.04999924 5.50000000
v 10.30000019 44.50909424 5.00000000
v 10.30000019 44.94593048 5.00000000
v 10.33251190 44.52780914 5.00000000
v 10.37125587 44.54671478 5.00000000
v 10.41106415 44.56285095 5.00000000
v 10.45176792 44.57614899 5.00000000
v 10.49319172 44.58654785 5.00000000
v 10.53515816 44.59401321 5.00000000
v 10.57748795 44.59850311 5.00000000
v 10.61999989 44.59999847 5.00000000
v 10.36348248 44.98140335 5.00000000
v 10.42904854 45.01246262 5.00000000
v 10.49641705 45.03897095 5.00000000
v 10.56529903 45.06081390 5.00000000
v 10.30000019 48.00000000 5.00000000
v 10.66251183 44.59850311 5.00000000
v 10.70484161 44.59401321 5.00000000
v 10.74680901 44.58654785 5.00000000
v 10.82893562 44.56285095 5.00000000
v 10.78823280 44.57614899 5.00000000
v 10.86874390 44.54671478 5.00000000
v 10.90748787 44.52780914 5.00000000
v 10.63540077 45.07790375 5.00000000
v 10.70642090 45.09016037 5.00000000
v 10.77805614 45.09753799 5.00000000
v 10.85000038 45.09999847 5.00000000
v 10.92194366 45.09753799 5.00000000
v 10.94499969 44.50621796 5.00000000
v 10.98112106 44.48202896 5.00000000
v 11.04857445 44.42628860 5.00000000
v 11.01569462 44.45534897 5.00000000
v 11.07961941 44.39497375 5.00000000
v 11.16045570 44.28889847 5.00000000
v 11.18291664 44.25000000 5.00000000
v 11.20296764 44.20960236 5.00000000
v 11.24785137 44.08117294 5.00000000
v 11.23550415 44.12500763 5.00000000
v 11.22052193 44.16787720 5.00000000
v 11.10869598 44.36154175 5.00000000
v 11.13567924 44.32613373 5.00000000
v 10.99357891 45.09016037 5.00000000
v 11.06459904 45.07790375 5.00000000
v 11.13470078 45.06081390 5.00000000
v 11.20358372 45.03897095 5.00000000
v 10.30000019 44.50909424 5.50000000
v 10.30000019 44.94593048 5.50000000
v 10.33251190 44.52780914 5.50000000
v 10.37125587 44.54671478 5.50000000
v 10.41106415 44.56285095 5.50000000
v 10.45176792 44.57614899 5.50000000
v 10.49319172 44.58654785 5.50000000
v 10.53515816 44.59401321 5.50000000
v 10.57748795 44.59850311 5.50000000
v 10.61999989 44.59999847 5.50000000
v 10.36348248 44.98140335 5.50000000
v 10.42904854 45.01246262 5.50000000
v 10.49641705 45.03897095 5.50000000
v 10.56529903 45.06081390 5.50000000
v 10.30000019 48.00000000 5.50000000
v 10.66251183 44.59850311 5.50000000
v 10.70484161 44.59401321 5.50000000
v 10.74680901 44.58654785 5.50000000
v 10.82893562 44.56285095 5.50000000
v 10.78823280 44.57614899 5.50000000
v 10.86874390 44.54671478 5.50000000
v 10.90748787 44.52780914 5.50000000
v 10.63540077 45.07790375 5.50000000
v 10.70642090 45.09016037 5.50000000
v 10.77805614 45.09753799 5.50000000
v 10.85000038 45.09999847 5.50000000
v 10.92194366 45.09753799 5.50000000
v 10.94499969 44.50621796 5.50000000
v 10.98112106 44.48202896 5.50000000
v 11.04857445 44.42628860 5.50000000
v 11.01569462 44.45534897 5.50000000
v 11.07961941 44.39497375 5.50000000
v 11.16045570 44.28889847 5.50000000
v 11.18291664 44.25000000 5.50000000
v 11.20296764 44.20960236 5.50000000
v 11.24785137 44.08117294 5.50000000
v 11.23550415 44.12500763 5.50000000
v 11.22052193 44.16787720 5.50000000
v 11.10869598 44.36154175 5.50000000
v 11.13567924 44.32613373 5.50000000
v 10.99357891 45.09016037 5.50000000
v 11.06459904 45.07790375 5.50000000
v 11.13470078 45.06081390 5.50000000
v 11.20358372 45.03897095 5.50000000
v 11.25751019 43.76343536 5.00000000
v 11.26443958 43.80863190 5.00000000
v 11.26860809 43.85421753 5.00000000
v 11.26860809 43.94578171 5.00000000
v 11.26443958 43.99136734 5.00000000
v 11.27000046 43.90000153 5.00000000
v 11.25751019 44.03656387 5.00000000
v 11.27095222 45.01246262 5.00000000
v 11.33651733 44.98140335 5.00000000
v 11.39999962 44.94593048 5.00000000
v 11.46112728 44.90618896 5.00000000
v 11.51963711 44.86235809 5.00000000
v 11.57528019 44.81461716 5.00000000
v 11.62781715 44.76317215 5.00000000
v 11.67702389 44.70824814 5.00000000
v 11.72268867 44.65007401 5.00000000
v 11.76461697 44.58890533 5.00000000
v 11.80262756 44.52500153 5.00000000
v 11.86626720 44.39008713 5.00000000
v 11.83656025 44.45863342 5.00000000
v 11.94058895 43.79989624 5.00000000
v 11.94764519 43.87478638 5.00000000
v 11.94999981 43.95000076 5.00000000
v 11.91251850 44.24764252 5.00000000
v 11.94764519 44.02521515 5.00000000
v 11.94058895 44.10010529 5.00000000
v 11.92886353 44.17435455 5.00000000
v 11.89162350 44.31965637 5.00000000
v 11.25751019 43.76343536 5.50000000
v 11.26443958 43.80863190 5.50000000
v 11.26860809 43.85421753 5.50000000
v 11.26860809 43.94578171 5.50000000
v 11.26443958 43.99136734 5.50000000
v 11.27000046 43.90000153 5.50000000
v 11.25751019 44.03656387 5.50000000
v 11.27095222 45.01246262 5.50000000
v 11.33651733 44.98140335 5.50000000
v 11.39999962 44.94593048 5.50000000
v 11.46112728 44.90618896 5.50000000
v 11.51963711 44.86235809 5.50000000
v 11.57528019 44.81461716 5.50000000
v 11.62781715 44.76317215 5.50000000
v 11.67702389 44.70824814 5.50000000
v 11.72268867 44.65007401 5.50000000
v 11.76461697 44.58890533 5.50000000
v 11.80262756 44.52500153 5.50000000
v 11.86626720 44.39008713 5.50000000
v 11.83656025 44.45863342 5.50000000
v 11.94058895 43.79989624 5.50000000
v 11.94764519 43.87478638 5.50000000
v 11.94999981 43.95000076 5.50000000
v 11.91251850 44.24764252 5.50000000
v 11.94764519 44.02521515 5.50000000
v 11.94058895 44.10010529 5.50000000
v 11.92886353 44.17435455 5.50000000
v 11.89162350 44.31965637 5.50000000
v 12.57741547 35.02956390 4.59999990
v 12.59605694 35.10973740 4.59999990
v 12.60572529 35.17499924 4.59999990
v 13.38705540 35.00000000 4.59999990
v 13.38705540 35.17499924 4.59999990
v 13.38705540 37.42499924 4.59999990
v 13.38705540 37.77500153 4.59999990
v 13.38705540 40.02500153 4.59999990
v 13.38705540 40.37500000 4.59999990
v 13.88705540 35.00000000 4.59999990
v 13.88705540 35.17499924 4.59999990
v 13.88705540 37.42499924 4.59999990
v 13.88705540 37.77500153 4.59999990
v 13.88705540 40.02500153 4.59999990
v 13.88705540 40.37500000 4.59999990
v 12.60572529 35.17499924 5.00000000
v 12.60786533 35.18944168 5.00000000
v 12.61278725 35.26833344 5.00000000
v 12.61080360 35.34608078 5.00000000
v 12.58618164 35.49679565 5.00000000
v 12.60192299 35.42234039 5.00000000
v 12.53441906 35.63901138 5.00000000
v 12.56364822 35.56912231 5.00000000
v 13.38705540 35.17499924 5.00000000
v 13.38705540 37.42499924 5.00000000
v 13.38705540 37.77500153 5.00000000
v 12.57741547 35.02956390 5.50000000
v 12.59605694 35.10973740 5.50000000
v 12.60786533 35.18944168 5.50000000
v 12.61278725 35.26833344 5.50000000
v 12.61080360 35.34608078 5.50000000
v 12.58618164 35.49679565 5.50000000
v 12.60192299 35.42234039 5.50000000
v 12.53441906 35.63901138 5.50000000
v 12.56364822 35.56912231 5.50000000
v 13.38705540 35.00000000 5.50000000
v 13.38705540 40.02500153 5.00000000
v 13.38705540 40.37500000 5.00000000
v 13.38705540 42.54999924 5.00000000
v 13.38705540 43.04999924 5.00000000
v 13.38705540 42.54999924 5.50000000
v 13.38705540 43.04999924 5.50000000
v 13.88705540 35.17499924 5.00000000
v 13.88705540 37.42499924 5.00000000
v 13.88705540 37.77500153 5.00000000
v 13.88705540 35.00000000 5.50000000
v 13.88705540 40.02500153 5.00000000
v 13.88705540 40.37500000 5.00000000
v 13.88705540 42.54999924 5.00000000
v 13.88705540 42.54999924 5.50000000
v 13.38705540 44.09999847 5.00000000
v 13.43193436 44.09999847 5.00000000
v 13.44798183 44.15073776 5.00000000
v 13.48002529 44.23082352 5.00000000
v 13.51857662 44.31034470 5.00000000
v 13.56347179 44.38896942 5.00000000
v 13.61451912 44.46635437 5.00000000
v 13.67149925 44.54217148 5.00000000
v 13.73416710 44.61609268 5.00000000
v 13.38705540 44.09999847 5.50000000
v 13.43193436 44.09999847 5.50000000
v 13.44798183 44.15073776 5.50000000
v 13.48002529 44.23082352 5.50000000
v 13.51857662 44.31034470 5.50000000
v 13.56347179 44.38896942 5.50000000
v 13.61451912 44.46635437 5.50000000
v 13.67149925 44.54217148 5.50000000
v 13.73416710 44.61609268 5.50000000
v 13.80225658 44.68780518 5.00000000
v 13.87547493 44.75700378 5.00000000
v 13.95350742 44.82338715 5.00000000
v 14.03602219 44.88666916 5.00000000
v 14.12266541 44.94658661 5.00000000
v 14.21306419 45.00288010 5.00000000
v 14.30683327 45.05530167 5.00000000
v 14.40357113 45.10363770 5.00000000
v 14.50286198 45.14767456 5.00000000
v 14.60428238 45.18722534 5.00000000
v 14.70739746 45.22211838 5.00000000
v 14.81176567 45.25220871 5.00000000
v 14.91693878 45.27736282 5.00000000
v 13.80225658 44.68780518 5.50000000
v 13.87547493 44.75700378 5.50000000
v 13.95350742 44.82338715 5.50000000
v 14.03602219 44.88666916 5.50000000
v 14.12266541 44.94658661 5.50000000
v 14.21306419 45.00288010 5.50000000
v 14.30683327 45.05530167 5.50000000
v 14.40357113 45.10363770 5.50000000
v 14.50286198 45.14767456 5.50000000
v 14.60428238 45.18722534 5.50000000
v 14.70739746 45.22211838 5.50000000
v 14.81176567 45.25220871 5.50000000
v 14.91693878 45.27736282 5.50000000
v 10.10978127 57.22611618 4.59999990
v 10.24942303 57.28168106 4.59999990
v 10.06258965 58.36838913 4.59999990
v 10.12713146 58.39736176 4.59999990
v 10.18654728 58.42671967 4.59999990
v 10.24076939 58.45643234 4.59999990
v 10.28973961 58.48646545 4.59999990
v 10.24076939 59.04356766 4.59999990
v 10.28973961 59.01353455 4.59999990
v 10.38380432 57.33885193 4.59999990
v 10.51277733 57.39756775 4.59999990
v 10.33340549 58.51678848 4.59999990
v 10.37171745 58.54736710 4.59999990
v 10.33340549 58.98321152 4.59999990
v 10.37171745 58.95263290 4.59999990
v 10.40463448 58.57816315 4.59999990
v 10.43212032 58.60914993 4.59999990
v 10.45414543 58.64028931 4.59999990
v 10.40463448 58.92183685 4.59999990
v 10.43212032 58.89085007 4.59999990
v 10.45414543 58.85971069 4.59999990
v 10.47068596 58.67155075 4.59999990
v 10.48172188 58.70289612 4.59999990
v 10.48724365 58.73429108 4.59999990
v 10.48724365 58.76570892 4.59999990
v 10.48172188 58.79710388 4.59999990
v 10.47068596 58.82844925 4.59999990
v 10.06258965 59.13161087 4.59999990
v 10.12713146 59.10263824 4.59999990
v 10.18654728 59.07328033 4.59999990
v 10.10978127 60.27388382 4.59999990
v 10.24942303 60.21831894 4.59999990
v 10.51277733 60.10243225 4.59999990
v 10.38380432 60.16114807 4.59999990
v 10.63620186 57.45775986 4.59999990
v 10.75394154 57.51936722 4.59999990
v 10.86586761 57.58231735 4.59999990
v 10.97185898 57.64654541 4.59999990
v 11.07179928 57.71198273 4.59999990
v 11.16557789 57.77855301 4.59999990
v 10.63620186 60.04224014 4.59999990
v 10.75394154 59.98063278 4.59999990
v 10.86586761 59.91768265 4.59999990
v 10.97185898 59.85345459 4.59999990
v 11.07179928 59.78801727 4.59999990
v 11.16557789 59.72144699 4.59999990
v 11.25309467 57.84618378 4.59999990
v 11.33425236 57.91480637 4.59999990
v 11.40896225 57.98434067 4.59999990
v 11.47714329 58.05471039 4.59999990
v 11.53872013 58.12584305 4.59999990
v 11.59362602 58.19765854 4.59999990
v 11.64179993 58.27007675 4.59999990
v 11.68319130 58.34301758 4.59999990
v 11.71775341 58.41640854 4.59999990
v 11.74544811 58.49015808 4.59999990
v 11.76624584 58.56419754 4.59999990
v 11.78012371 58.63843536 4.59999990
v 11.78706646 58.71279907 4.59999990
v 11.78706646 58.78720093 4.59999990
v 11.74544811 59.00984192 4.59999990
v 11.78012371 58.86156464 4.59999990
v 11.76624584 58.93580246 4.59999990
v 11.33425236 59.58519363 4.59999990
v 11.25309467 59.65381622 4.59999990
v 11.40896225 59.51565933 4.59999990
v 11.47714329 59.44528961 4.59999990
v 11.53872013 59.37415695 4.59999990
v 11.59362602 59.30234146 4.59999990
v 11.64179993 59.22992325 4.59999990
v 11.68319130 59.15698242 4.59999990
v 11.71775341 59.08359146 4.59999990
v 10.10978127 57.22611618 5.00000000
v 10.24942303 57.28168106 5.00000000
v 10.06258965 58.36838913 5.00000000
v 10.12713146 58.39736176 5.00000000
v 10.18654728 58.42671967 5.00000000
v 10.24076939 58.45643234 5.00000000
v 10.28973961 58.48646545 5.00000000
v 10.24076939 59.04356766 5.00000000
v 10.28973961 59.01353455 5.00000000
v 10.38380432 57.33885193 5.00000000
v 10.51277733 57.39756775 5.00000000
v 10.33340549 58.51678848 5.00000000
v 10.37171745 58.54736710 5.00000000
v 10.33340549 58.98321152 5.00000000
v 10.37171745 58.95263290 5.00000000
v 10.40463448 58.57816315 5.00000000
v 10.43212032 58.60914993 5.00000000
v 10.45414543 58.64028931 5.00000000
v 10.40463448 58.92183685 5.00000000
v 10.43212032 58.89085007 5.00000000
v 10.45414543 58.85971069 5.00000000
v 10.47068596 58.67155075 5.00000000
v 10.48172188 58.70289612 5.00000000
v 10.48724365 58.73429108 5.00000000
v 10.48724365 58.76570892 5.00000000
v 10.47068596 58.82844925 5.00000000
v 10.48172188 58.79710388 5.00000000
v 10.06258965 59.13161087 5.00000000
v 10.12713146 59.10263824 5.00000000
v 10.18654728 59.07328033 5.00000000
v 10.10978127 60.27388382 5.00000000
v 10.24942303 60.21831894 5.00000000
v 10.51277733 60.10243225 5.00000000
v 10.38380432 60.16114807 5.00000000
v 10.63620186 57.45775986 5.00000000
v 10.75394154 57.51936722 5.00000000
v 10.86586761 57.58231735 5.00000000
v 10.97185898 57.64654541 5.00000000
v 11.07179928 57.71198273 5.00000000
v 11.16557789 57.77855301 5.00000000
v 10.63620186 60.04224014 5.00000000
v 10.75394154 59.98063278 5.00000000
v 10.86586761 59.91768265 5.00000000
v 10.97185898 59.85345459 5.00000000
v 11.07179928 59.78801727 5.00000000
v 11.16557789 59.72144699 5.00000000
v 11.25309467 57.84618378 5.00000000
v 11.33425236 57.91480637 5.00000000
v 11.40896225 57.98434067 5.00000000
v 11.47714329 58.05471039 5.00000000
v 11.53872013 58.12584305 5.00000000
v 11.59362602 58.19765854 5.00000000
v 11.64179993 58.27007675 5.00000000
v 11.68319130 58.34301758 5.00000000
v 11.71775341 58.41640854 5.00000000
v 11.74544811 58.49015808 5.00000000
v 11.76624584 58.56419754 5.00000000
v 11.78012371 58.63843536 5.00000000
v 11.78706646 58.71279907 5.00000000
v 11.78706646 58.78720093 5.00000000
v 11.74544811 59.00984192 5.00000000
v 11.78012371 58.86156464 5.00000000
v 11.76624584 58.93580246 5.00000000
v 11.33425236 59.58519363 5.00000000
v 11.25309467 59.65381622 5.00000000
v 11.40896225 59.51565933 5.00000000
v 11.47714329 59.44528961 5.00000000
v 11.53872013 59.37415695 5.00000000
v 11.59362602 59.30234146 5.00000000
v 11.64179993 59.22992325 5.00000000
v 11.68319130 59.15698242 5.00000000
v 11.71775341 59.08359146 5.00000000
v 10.10978127 61.72611618 4.59999990
v 10.24942303 61.78168106 4.59999990
v 10.06258965 62.86838913 4.59999990
v 10.12713146 62.89736176 4.59999990
v 10.18654728 62.92671967 4.59999990
v 10.24076939 62.95643234 4.59999990
v 10.28973961 62.98646545 4.59999990
v 10.38380432 61.83885193 4.59999990
v 10.51277733 61.89756775 4.59999990
v 10.33340549 63.01678848 4.59999990
v 10.37171745 63.04736710 4.59999990
v 10.40463448 63.07816315 4.59999990
v 10.43212032 63.10914993 4.59999990
v 10.45414543 63.14028931 4.59999990
v 10.40463448 63.42183685 4.59999990
v 10.43212032 63.39085007 4.59999990
v 10.45414543 63.35971069 4.59999990
v 10.47068596 63.17155075 4.59999990
v 10.48172188 63.20289612 4.59999990
v 10.48724365 63.23429108 4.59999990
v 10.48724365 63.26570892 4.59999990
v 10.48172188 63.29710388 4.59999990
v 10.47068596 63.32844925 4.59999990
v 10.06258965 63.63161087 4.59999990
v 10.12713146 63.60263824 4.59999990
v 10.18654728 63.57328033 4.59999990
v 10.24076939 63.54356766 4.59999990
v 10.28973961 63.51353455 4.59999990
v 10.10978127 64.77388000 4.59999990
v 10.24942303 64.71831512 4.59999990
v 10.33340549 63.48321152 4.59999990
v 10.37171745 63.45263290 4.59999990
v 10.38380432 64.66114807 4.59999990
v 10.51277733 64.60243225 4.59999990
v 10.63620186 61.95775986 4.59999990
v 10.75394154 62.01936722 4.59999990
v 10.86586761 62.08231735 4.59999990
v 10.97185898 62.14654541 4.59999990
v 11.07179928 62.21198273 4.59999990
v 11.16557789 62.27855301 4.59999990
v 10.75394154 64.48063660 4.59999990
v 10.86586761 64.41767883 4.59999990
v 10.63620186 64.54223633 4.59999990
v 10.97185898 64.35345459 4.59999990
v 11.07179928 64.28801727 4.59999990
v 11.16557789 64.22145081 4.59999990
v 11.25309467 62.34618378 4.59999990
v 11.33425236 62.41480637 4.59999990
v 11.40896225 62.48434067 4.59999990
v 11.47714329 62.55471039 4.59999990
v 11.53872013 62.62584305 4.59999990
v 11.59362602 62.69765854 4.59999990
v 11.64179993 62.77007675 4.59999990
v 11.68319130 62.84301758 4.59999990
v 11.71775341 62.91640854 4.59999990
v 11.74544811 62.99015808 4.59999990
v 11.76624584 63.06419754 4.59999990
v 11.78012371 63.13843536 4.59999990
v 11.78706646 63.21279907 4.59999990
v 11.78706646 63.28720093 4.59999990
v 11.76624584 63.43580246 4.59999990
v 11.78012371 63.36156464 4.59999990
v 11.25309467 64.15381622 4.59999990
v 11.33425236 64.08519745 4.59999990
v 11.47714329 63.94528961 4.59999990
v 11.53872013 63.87415695 4.59999990
v 11.40896225 64.01566315 4.59999990
v 11.59362602 63.80234146 4.59999990
v 11.68319130 63.65698242 4.59999990
v 11.71775341 63.58359146 4.59999990
v 11.64179993 63.72992325 4.59999990
v 11.74544811 63.50984192 4.59999990
v 10.10978127 61.72611618 5.00000000
v 10.24942303 61.78168106 5.00000000
v 10.06258965 62.86838913 5.00000000
v 10.12713146 62.89736176 5.00000000
v 10.18654728 62.92671967 5.00000000
v 10.24076939 62.95643234 5.00000000
v 10.28973961 62.98646545 5.00000000
v 10.38380432 61.83885193 5.00000000
v 10.51277733 61.89756775 5.00000000
v 10.33340549 63.01678848 5.00000000
v 10.37171745 63.04736710 5.00000000
v 10.40463448 63.07816315 5.00000000
v 10.43212032 63.10914993 5.00000000
v 10.45414543 63.14028931 5.00000000
v 10.40463448 63.42183685 5.00000000
v 10.43212032 63.39085007 5.00000000
v 10.45414543 63.35971069 5.00000000
v 10.47068596 63.17155075 5.00000000
v 10.48172188 63.20289612 5.00000000
v 10.48724365 63.23429108 5.00000000
v 10.48724365 63.26570892 5.00000000
v 10.48172188 63.29710388 5.00000000
v 10.47068596 63.32844925 5.00000000
v 10.06258965 63.63161087 5.00000000
v 10.12713146 63.60263824 5.00000000
v 10.18654728 63.57328033 5.00000000
v 10.24076939 63.54356766 5.00000000
v 10.28973961 63.51353455 5.00000000
v 10.10978127 64.77388000 5.00000000
v 10.24942303 64.71831512 5.00000000
v 10.33340549 63.48321152 5.00000000
v 10.37171745 63.45263290 5.00000000
v 10.38380432 64.66114807 5.00000000
v 10.51277733 64.60243225 5.00000000
v 10.63620186 61.95775986 5.00000000
v 10.75394154 62.01936722 5.00000000
v 10.86586761 62.08231735 5.00000000
v 10.97185898 62.14654541 5.00000000
v 11.07179928 62.21198273 5.00000000
v 11.16557789 62.27855301 5.00000000
v 10.75394154 64.48063660 5.00000000
v 10.86586761 64.41767883 5.00000000
v 10.63620186 64.54223633 5.00000000
v 10.97185898 64.35345459 5.00000000
v 11.07179928 64.28801727 5.00000000
v 11.16557789 64.22145081 5.00000000
v 11.25309467 62.34618378 5.00000000
v 11.33425236 62.41480637 5.00000000
v 11.40896225 62.48434067 5.00000000
v 11.47714329 62.55471039 5.00000000
v 11.53872013 62.62584305 5.00000000
v 11.59362602 62.69765854 5.00000000
v 11.64179993 62.77007675 5.00000000
v 11.68319130 62.84301758 5.00000000
v 11.71775341 62.91640854 5.00000000
v 11.74544811 62.99015808 5.00000000
v 11.76624584 63.06419754 5.00000000
v 11.78012371 63.13843536 5.00000000
v 11.78706646 63.21279907 5.00000000
v 11.78706646 63.28720093 5.00000000
v 11.76624584 63.43580246 5.00000000
v 11.78012371 63.36156464 5.00000000
v 11.25309467 64.15381622 5.00000000
v 11.33425236 64.08519745 5.00000000
v 11.47714329 63.94528961 5.00000000
v 11.53872013 63.87415695 5.00000000
v 11.40896225 64.01566315 5.00000000
v 11.59362602 63.80234146 5.00000000
v 11.68319130 63.65698242 5.00000000
v 11.71775341 63.58359146 5.00000000
v 11.64179993 63.72992325 5.00000000
v 11.74544811 63.50984192 5.00000000
v 12.58706570 57.75000000 4.59999990
v 12.58706570 58.59047318 4.59999990
v 12.58706570 59.78452682 4.59999990
v 13.29019070 57.75000000 4.59999990
v 13.29019070 57.86922073 4.59999990
v 13.31087589 57.85942459 4.59999990
v 13.39508629 57.82628632 4.59999990
v 13.29245090 58.44652557 4.59999990
v 13.29019070 58.44764328 4.59999990
v 13.33359909 58.42959976 4.59999990
v 13.37567234 58.41564941 4.59999990
v 13.41848946 58.40473557 4.59999990
v 13.48118973 57.79898071 4.59999990
v 13.56881714 57.77762222 4.59999990
v 13.65759277 57.76229858 4.59999990
v 13.74713707 57.75307846 4.59999990
v 13.46186829 58.39690781 4.59999990
v 13.50562286 58.39219666 4.59999990
v 13.54956627 58.39062500 4.59999990
v 13.59350872 58.39219666 4.59999990
v 13.63726330 58.39690781 4.59999990
v 13.68064213 58.40473557 4.59999990
v 13.72346020 58.41564941 4.59999990
v 13.29245090 59.80347443 4.59999990
v 13.29019070 59.80235672 4.59999990
v 13.33359909 59.82040024 4.59999990
v 13.37567234 59.83435059 4.59999990
v 13.41848946 59.84526443 4.59999990
v 13.29019070 60.50577927 4.59999990
v 13.31087589 60.51557541 4.59999990
v 13.39508629 60.54871368 4.59999990
v 13.46186829 59.85309219 4.59999990
v 13.50562286 59.85780334 4.59999990
v 13.54956627 59.85937500 4.59999990
v 13.59350872 59.85780334 4.59999990
v 13.63726330 59.85309219 4.59999990
v 13.68064213 59.84526443 4.59999990
v 13.72346020 59.83435059 4.59999990
v 13.48118973 60.57601929 4.59999990
v 13.56881714 60.59737778 4.59999990
v 13.65759277 60.61270142 4.59999990
v 13.74713707 60.62192154 4.59999990
v 13.83706570 57.75000000 4.59999990
v 13.92699528 57.75307846 4.59999990
v 14.01653957 57.76229858 4.59999990
v 13.76553345 58.42959976 4.59999990
v 13.80668163 58.44652557 4.59999990
v 13.84672832 58.46635818 4.59999990
v 13.88550377 58.48901367 4.59999990
v 13.92284012 58.51438904 4.59999990
v 13.95857716 58.54238129 4.59999990
v 13.99256420 58.57286835 4.59999990
v 14.02465343 58.60571671 4.59999990
v 14.05470848 58.64079285 4.59999990
v 14.10531521 57.77762222 4.59999990
v 14.19294262 57.79898071 4.59999990
v 14.27904510 57.82628632 4.59999990
v 14.36325550 57.85942459 4.59999990
v 14.08260059 58.67794037 4.59999990
v 14.10820961 58.71700287 4.59999990
v 14.13142681 58.75781250 4.59999990
v 14.15215206 58.80019379 4.59999990
v 14.17029762 58.84396744 4.59999990
v 14.18578434 58.88894272 4.59999990
v 14.19854736 58.93492889 4.59999990
v 14.20853138 58.98173141 4.59999990
v 14.21569347 59.02914429 4.59999990
v 13.76553345 59.82040024 4.59999990
v 13.80668163 59.80347443 4.59999990
v 13.84672832 59.78364182 4.59999990
v 13.88550377 59.76098633 4.59999990
v 14.05470848 59.60920715 4.59999990
v 13.92284012 59.73561096 4.59999990
v 13.95857716 59.70761871 4.59999990
v 13.99256420 59.67713165 4.59999990
v 14.02465343 59.64428329 4.59999990
v 13.83706570 60.62500000 4.59999990
v 13.92699528 60.62192154 4.59999990
v 14.01653957 60.61270142 4.59999990
v 14.08260059 59.57205963 4.59999990
v 14.10820961 59.53299713 4.59999990
v 14.13142681 59.49218750 4.59999990
v 14.19854736 59.31507111 4.59999990
v 14.21569347 59.22085571 4.59999990
v 14.20853138 59.26826859 4.59999990
v 14.15215206 59.44980621 4.59999990
v 14.17029762 59.40603256 4.59999990
v 14.18578434 59.36105728 4.59999990
v 14.22000217 59.07696915 4.59999990
v 14.22144127 59.12500000 4.59999990
v 14.22000217 59.17303085 4.59999990
v 14.10531521 60.59737778 4.59999990
v 14.19294262 60.57601929 4.59999990
v 14.27904510 60.54871368 4.59999990
v 14.36325550 60.51557541 4.59999990
v 14.44521332 57.89824677 4.59999990
v 14.52456570 57.94258881 4.59999990
v 14.60097504 57.99226379 4.59999990
v 14.67411327 58.04705429 4.59999990
v 14.74366665 58.10673141 4.59999990
v 14.80933762 58.17103577 4.59999990
v 14.87084579 58.23968887 4.59999990
v 14.92792702 58.31240463 4.59999990
v 14.98033714 58.38886642 4.59999990
v 14.44521332 60.47675323 4.59999990
v 14.52456570 60.43241119 4.59999990
v 14.60097504 60.38273621 4.59999990
v 14.67411327 60.32794571 4.59999990
v 14.87084579 60.13531113 4.59999990
v 14.92792702 60.06259537 4.59999990
v 14.98033714 59.98613358 4.59999990
v 14.74366665 60.26826859 4.59999990
v 14.80933762 60.20396423 4.59999990
v 12.58706570 57.75000000 5.00000000
v 12.58706570 61.06037521 5.00000000
v 13.29019070 57.75000000 5.00000000
v 13.29019070 57.86922073 5.00000000
v 13.31087589 57.85942459 5.00000000
v 13.39508629 57.82628632 5.00000000
v 13.29245090 58.44652557 5.00000000
v 13.29019070 58.44764328 5.00000000
v 13.33359909 58.42959976 5.00000000
v 13.37567234 58.41564941 5.00000000
v 13.41848946 58.40473557 5.00000000
v 13.48118973 57.79898071 5.00000000
v 13.56881714 57.77762222 5.00000000
v 13.65759277 57.76229858 5.00000000
v 13.74713707 57.75307846 5.00000000
v 13.46186829 58.39690781 5.00000000
v 13.50562286 58.39219666 5.00000000
v 13.54956627 58.39062500 5.00000000
v 13.59350872 58.39219666 5.00000000
v 13.63726330 58.39690781 5.00000000
v 13.68064213 58.40473557 5.00000000
v 13.72346020 58.41564941 5.00000000
v 13.29019070 59.80235672 5.00000000
v 13.29245090 59.80347443 5.00000000
v 13.33359909 59.82040024 5.00000000
v 13.37567234 59.83435059 5.00000000
v 13.41848946 59.84526443 5.00000000
v 13.29019070 60.50577927 5.00000000
v 13.31087589 60.51557541 5.00000000
v 13.39508629 60.54871368 5.00000000
v 13.46186829 59.85309219 5.00000000
v 13.50562286 59.85780334 5.00000000
v 13.54956627 59.85937500 5.00000000
v 13.59350872 59.85780334 5.00000000
v 13.63726330 59.85309219 5.00000000
v 13.68064213 59.84526443 5.00000000
v 13.72346020 59.83435059 5.00000000
v 13.48118973 60.57601929 5.00000000
v 13.56881714 60.59737778 5.00000000
v 13.65759277 60.61270142 5.00000000
v 13.74713707 60.62192154 5.00000000
v 13.83706570 57.75000000 5.00000000
v 13.92699528 57.75307846 5.00000000
v 14.01653957 57.76229858 5.00000000
v 13.76553345 58.42959976 5.00000000
v 13.80668163 58.44652557 5.00000000
v 13.84672832 58.46635818 5.00000000
v 13.88550377 58.48901367 5.00000000
v 13.92284012 58.51438904 5.00000000
v 13.95857716 58.54238129 5.00000000
v 13.99256420 58.57286835 5.00000000
v 14.02465343 58.60571671 5.00000000
v 14.05470848 58.64079285 5.00000000
v 14.10531521 57.77762222 5.00000000
v 14.19294262 57.79898071 5.00000000
v 14.27904510 57.82628632 5.00000000
v 14.36325550 57.85942459 5.00000000
v 14.08260059 58.67794037 5.00000000
v 14.10820961 58.71700287 5.00000000
v 14.13142681 58.75781250 5.00000000
v 14.15215206 58.80019379 5.00000000
v 14.17029762 58.84396744 5.00000000
v 14.18578434 58.88894272 5.00000000
v 14.19854736 58.93492889 5.00000000
v 14.20853138 58.98173141 5.00000000
v 14.21569347 59.02914429 5.00000000
v 13.76553345 59.82040024 5.00000000
v 13.80668163 59.80347443 5.00000000
v 13.84672832 59.78364182 5.00000000
v 13.88550377 59.76098633 5.00000000
v 14.05470848 59.60920715 5.00000000
v 13.92284012 59.73561096 5.00000000
v 13.95857716 59.70761871 5.00000000
v 13.99256420 59.67713165 5.00000000
v 14.02465343 59.64428329 5.00000000
v 13.83706570 60.62500000 5.00000000
v 13.92699528 60.62192154 5.00000000
v 14.01653957 60.61270142 5.00000000
v 14.08260059 59.57205963 5.00000000
v 14.10820961 59.53299713 5.00000000
v 14.13142681 59.49218750 5.00000000
v 14.19854736 59.31507111 5.00000000
v 14.21569347 59.22085571 5.00000000
v 14.20853138 59.26826859 5.00000000
v 14.15215206 59.44980621 5.00000000
v 14.17029762 59.40603256 5.00000000
v 14.18578434 59.36105728 5.00000000
v 14.22000217 59.07696915 5.00000000
v 14.22144127 59.12500000 5.00000000
v 14.22000217 59.17303085 5.00000000
v 14.10531521 60.59737778 5.00000000
v 14.19294262 60.57601929 5.00000000
v 14.27904510 60.54871368 5.00000000
v 14.36325550 60.51557541 5.00000000
v 14.44521332 57.89824677 5.00000000
v 14.52456570 57.94258881 5.00000000
v 14.60097504 57.99226379 5.00000000
v 14.67411327 58.04705429 5.00000000
v 14.74366665 58.10673141 5.00000000
v 14.80933762 58.17103577 5.00000000
v 14.87084579 58.23968887 5.00000000
v 14.92792702 58.31240463 5.00000000
v 14.98033714 58.38886642 5.00000000
v 14.44521332 60.47675323 5.00000000
v 14.52456570 60.43241119 5.00000000
v 14.60097504 60.38273621 5.00000000
v 14.67411327 60.32794571 5.00000000
v 14.87084579 60.13531113 5.00000000
v 14.92792702 60.06259537 5.00000000
v 14.98033714 59.98613358 5.00000000
v 14.74366665 60.26826859 5.00000000
v 14.80933762 60.20396423 5.00000000
v 12.58706570 64.25000000 4.59999990
v 13.29019070 64.25000000 4.59999990
v 12.58706570 64.25000000 5.00000000
v 13.29019070 64.25000000 5.00000000
v 15.49713802 43.05232620 5.00000000
v 15.49117374 43.04999924 5.00000000
v 15.59642887 43.09636307 5.00000000
v 15.69316673 43.14469528 5.00000000
v 15.78693581 43.19712067 5.00000000
v 15.87733459 43.25341415 5.00000000
v 15.96397781 43.31332779 5.00000000
v 16.04649162 43.37661362 5.00000000
v 16.12452507 43.44299698 5.00000000
v 16.19774437 43.51219177 5.00000000
v 15.49117374 43.04999924 5.50000000
v 15.49713802 43.05232620 5.50000000
v 15.59642887 43.09636307 5.50000000
v 15.69316673 43.14469528 5.50000000
v 15.78693581 43.19712067 5.50000000
v 15.87733459 43.25341415 5.50000000
v 15.96397781 43.31332779 5.50000000
v 16.04649162 43.37661362 5.50000000
v 16.12452507 43.44299698 5.50000000
v 16.19774437 43.51219177 5.50000000
v 16.26583290 43.58390427 5.00000000
v 16.32850075 43.65782928 5.00000000
v 16.38548088 43.73364639 5.00000000
v 16.26583290 43.58390427 5.50000000
v 16.32850075 43.65782928 5.50000000
v 16.38548088 43.73364639 5.50000000
v 15.02246857 45.29747772 5.00000000
v 15.12790203 45.31246185 5.00000000
v 15.23278713 45.32225800 5.00000000
v 15.33667564 45.32681656 5.00000000
v 15.43912315 45.32612610 5.00000000
v 15.53969002 45.32018280 5.00000000
v 15.63794518 45.30901337 5.00000000
v 15.73346901 45.29266739 5.00000000
v 15.82585239 45.27121353 5.00000000
v 15.91469860 45.24474335 5.00000000
v 15.99962807 45.21337509 5.00000000
v 16.08027840 45.17723846 5.00000000
v 16.15630150 45.13648605 5.00000000
v 16.22737312 45.09129715 5.00000000
v 15.02246857 45.29747772 5.50000000
v 15.12790203 45.31246185 5.50000000
v 15.23278713 45.32225800 5.50000000
v 15.33667564 45.32681656 5.50000000
v 15.43912315 45.32612610 5.50000000
v 15.53969002 45.32018280 5.50000000
v 15.63794518 45.30901337 5.50000000
v 15.73346901 45.29266739 5.50000000
v 15.82585239 45.27121353 5.50000000
v 15.91469860 45.24474335 5.50000000
v 15.99962807 45.21337509 5.50000000
v 16.08027840 45.17723846 5.50000000
v 16.15630150 45.13648605 5.50000000
v 16.22737312 45.09129715 5.50000000
v 16.43652725 43.81103134 5.00000000
v 16.48142242 43.88965607 5.00000000
v 16.51997566 43.96917725 5.00000000
v 16.55201721 44.04926300 5.00000000
v 16.49861908 44.80616379 5.00000000
v 16.53442001 44.73900986 5.00000000
v 16.29318810 45.04186249 5.00000000
v 16.35346603 44.98839569 5.00000000
v 16.40794945 44.93112183 5.00000000
v 16.45640373 44.87029266 5.00000000
v 16.57741547 44.12956238 5.00000000
v 16.59605789 44.20973587 5.00000000
v 16.60786438 44.28944016 5.00000000
v 16.61278725 44.36833572 5.00000000
v 16.61080360 44.44607925 5.00000000
v 16.60192299 44.52234268 5.00000000
v 16.56364822 44.66912079 5.00000000
v 16.58618164 44.59679413 5.00000000
v 16.43652725 43.81103134 5.50000000
v 16.48142242 43.88965607 5.50000000
v 16.51997566 43.96917725 5.50000000
v 16.55201721 44.04926300 5.50000000
v 16.49861908 44.80616379 5.50000000
v 16.53442001 44.73900986 5.50000000
v 16.29318810 45.04186249 5.50000000
v 16.35346603 44.98839569 5.50000000
v 16.40794945 44.93112183 5.50000000
v 16.45640373 44.87029266 5.50000000
v 16.57741547 44.12956238 5.50000000
v 16.59605789 44.20973587 5.50000000
v 16.60786438 44.28944016 5.50000000
v 16.61278725 44.36833572 5.50000000
v 16.61080360 44.44607925 5.50000000
v 16.60192299 44.52234268 5.50000000
v 16.56364822 44.66912079 5.50000000
v 16.58618164 44.59679413 5.50000000
v 19.79999924 35.17499924 4.59999990
v 19.79999924 37.42499924 4.59999990
v 19.79999924 37.77500153 4.59999990
v 19.79999924 40.02500153 4.59999990
v 19.79999924 40.37500000 4.59999990
v 17.60000038 42.54999924 5.00000000
v 17.60000038 43.04999924 5.00000000
v 17.60000038 42.54999924 5.50000000
v 17.60000038 43.04999924 5.50000000
v 19.39999962 35.17499924 5.00000000
v 19.39999962 37.42499924 5.00000000
v 19.39999962 37.77500153 5.00000000
v 19.39999962 40.02500153 5.00000000
v 19.39999962 40.37500000 5.00000000
v 15.02785110 58.46875000 4.59999990
v 15.07026577 58.55170822 4.59999990
v 15.10739994 58.63739395 4.59999990
v 15.13909531 58.72542953 4.59999990
v 15.16521358 58.81544876 4.59999990
v 15.18564606 58.90705872 4.59999990
v 15.20030308 58.99987030 4.59999990
v 15.07026577 59.82329178 4.59999990
v 15.02785110 59.90625000 4.59999990
v 15.10739994 59.73760605 4.59999990
v 15.13909531 59.64957047 4.59999990
v 15.20912170 59.09348297 4.59999990
v 15.21206570 59.18750000 4.59999990
v 15.20912170 59.28151703 4.59999990
v 15.18564606 59.46794128 4.59999990
v 15.16521358 59.55955124 4.59999990
v 15.20030308 59.37512970 4.59999990
v 15.02785110 58.46875000 5.00000000
v 15.07026577 58.55170822 5.00000000
v 15.10739994 58.63739395 5.00000000
v 15.13909531 58.72542953 5.00000000
v 15.16521358 58.81544876 5.00000000
v 15.18564606 58.90705872 5.00000000
v 15.20030308 58.99987030 5.00000000
v 15.07026577 59.82329178 5.00000000
v 15.02785110 59.90625000 5.00000000
v 15.10739994 59.73760605 5.00000000
v 15.13909531 59.64957047 5.00000000
v 15.20912170 59.09348297 5.00000000
v 15.21206570 59.18750000 5.00000000
v 15.20912170 59.28151703 5.00000000
v 15.18564606 59.46794128 5.00000000
v 15.16521358 59.55955124 5.00000000
v 15.20030308 59.37512970 5.00000000
v 19.39999962 70.00000000 4.40000010
v 20.00000000 69.40000153 4.40000010
v 19.39999962 69.40000153 5.00000000
f 1 3 2
f 2 3 5
f 1 2 640
f 2 4 641
f 1 1271 3
f 1 640 1270
f 2 5 4
f 4 5 6
f 4 6 33
f 6 8 7
f 6 12 8
f 6 15 12
f 6 16 15
f 6 71 16
f 6 74 71
f 6 77 74
f 6 76 77
f 6 82 76
f 6 83 82
f 6 88 83
f 6 91 88
f 6 98 91
f 6 99 98
f 6 100 99
f 6 101 100
f 6 102 101
f 6 42 33
f 6 47 42
f 6 7 47
f 8 12 9
f 10 11 13
f 10 13 14
f 10 14 17
f 10 17 18
f 10 18 72
f 10 72 73
f 10 73 75
f 10 49 48
f 10 51 49
f 10 52 51
f 10 54 52
f 10 55 54
f 10 221 55
f 10 222 221
f 10 223 222
f 33 39 34
f 33 42 38
f 4 33 653
f 34 43 35
f 36 45 37
f 33 38 39
f 37 46 369
f 43 44 35
f 37 45 46
f 42 47 38
f 58 50 53
f 58 53 56
f 58 56 57
f 58 57 224
f 45 395 46
f 10 75 78
f 10 78 79
f 10 79 80
f 10 80 81
f 10 81 84
f 10 84 85
f 10 85 86
f 10 86 87
f 10 87 89
f 10 89 90
f 10 90 92
f 10 226 223
f 10 92 93
f 226 10 110
f 10 93 94
f 10 94 103
f 10 103 104
f 10 104 105
f 10 105 106
f 10 106 107
f 10 107 108
f 10 108 109
f 110 10 109
f 226 110 227
f 227 114 115
f 228 115 97
f 229 97 96
f 227 116 114
f 227 118 117
f 227 117 116
f 227 110 111
f 227 111 112
f 227 112 113
f 227 113 121
f 227 123 119
f 227 119 118
f 227 121 122
f 227 122 120
f 227 120 123
f 202 288 203
f 199 288 202
f 203 288 200
f 197 297 198
f 198 298 199
f 302 197 299
f 197 302 297
f 198 297 298
f 199 298 303
f 299 197 301
f 301 197 300
f 300 197 307
f 199 303 304
f 199 305 306
f 199 304 305
f 199 306 308
f 199 308 309
f 34 39 551
f 35 555 36
f 35 44 554
f 551 39 41
f 40 550 41
f 40 58 550
f 37 369 660
f 225 58 224
f 230 58 225
f 231 58 230
f 236 58 231
f 237 58 236
f 240 58 237
f 227 115 228
f 228 97 229
f 229 96 232
f 232 95 233
f 233 239 234
f 234 239 235
f 232 96 95
f 233 95 239
f 235 239 238
f 34 572 43
f 240 289 58
f 241 289 240
f 242 289 241
f 243 289 242
f 244 289 243
f 245 289 244
f 246 289 245
f 36 581 45
f 43 580 44
f 249 288 248
f 250 288 249
f 251 288 250
f 247 289 246
f 248 289 247
f 252 288 251
f 285 288 252
f 287 288 286
f 194 288 287
f 195 288 194
f 286 288 285
f 204 288 195
f 201 288 204
f 200 288 201
f 248 288 289
f 199 310 288
f 58 289 571
f 46 395 369
f 45 394 395
f 45 406 394
f 45 419 406
f 45 420 419
f 45 421 420
f 45 422 421
f 45 423 422
f 45 432 423
f 45 433 432
f 3 1337 5
f 5 1337 6
f 6 1339 102
f 1339 124 102
f 1339 125 124
f 1339 126 125
f 1339 127 126
f 1339 128 127
f 1339 129 128
f 1339 189 129
f 1339 190 189
f 1339 191 190
f 1339 192 191
f 1339 193 192
f 1339 196 193
f 1339 197 196
f 1339 307 197
f 199 309 310
f 34 551 572
f 550 551 41
f 35 554 555
f 36 555 581
f 370 414 374
f 370 374 375
f 370 375 371
f 370 373 670
f 370 670 669
f 370 371 372
f 370 372 373
f 288 310 376
f 288 376 377
f 288 377 378
f 288 378 379
f 288 379 380
f 288 380 381
f 288 381 382
f 288 382 383
f 288 383 384
f 288 384 398
f 288 398 399
f 288 399 400
f 288 400 401
f 58 571 550
f 44 580 554
f 43 572 580
f 45 581 433
f 571 289 570
f 406 408 407
f 406 409 408
f 409 406 410
f 410 406 419
f 413 411 412
f 415 411 413
f 416 411 415
f 426 411 416
f 424 417 418
f 426 416 417
f 427 411 426
f 414 411 441
f 424 425 417
f 426 417 425
f 411 427 428
f 411 428 429
f 411 429 430
f 411 430 431
f 411 431 436
f 411 436 437
f 411 437 438
f 411 438 439
f 411 439 440
f 411 440 441
f 414 441 442
f 414 442 443
f 414 443 444
f 414 458 374
f 414 444 445
f 414 445 451
f 414 451 452
f 414 452 453
f 414 453 454
f 414 454 455
f 414 457 459
f 414 456 457
f 414 455 456
f 414 459 458
f 581 434 433
f 581 435 434
f 581 446 435
f 569 557 556
f 557 775 558
f 558 775 774
f 556 596 569
f 552 562 553
f 552 561 562
f 552 575 561
f 553 562 624
f 559 566 560
f 565 566 559
f 559 598 565
f 632 560 566
f 569 775 557
f 581 447 446
f 581 448 447
f 581 449 448
f 581 450 449
f 581 582 450
f 581 583 582
f 597 584 583
f 597 585 584
f 581 597 583
f 597 586 585
f 597 587 586
f 587 597 588
f 588 597 589
f 589 597 590
f 590 597 591
f 591 600 592
f 591 597 600
f 635 593 592
f 635 594 593
f 635 595 594
f 635 596 595
f 635 592 600
f 575 574 620
f 621 620 574
f 553 624 576
f 575 623 561
f 575 620 623
f 621 622 620
f 632 599 560
f 631 565 598
f 576 631 598
f 624 631 576
f 569 596 635
f 635 600 599
f 632 635 599
f 634 637 636
f 634 1274 637
f 634 1275 1274
f 2 641 640
f 640 641 642
f 641 654 642
f 640 642 1351
f 642 654 1351
f 4 653 641
f 643 648 644
f 645 650 646
f 33 34 653
f 37 660 643
f 644 662 645
f 644 649 661
f 644 648 649
f 650 651 646
f 643 671 648
f 648 672 649
f 645 673 650
f 650 674 651
f 34 35 653
f 35 36 653
f 36 37 653
f 37 643 653
f 643 644 653
f 644 645 653
f 645 646 653
f 646 647 653
f 647 652 653
f 643 660 671
f 644 661 662
f 645 662 673
f 646 1687 647
f 646 651 1686
f 647 804 652
f 648 671 672
f 649 672 661
f 650 673 674
f 651 674 704
f 652 804 655
f 641 653 654
f 652 655 653
f 653 655 654
f 655 804 657
f 656 659 657
f 656 658 659
f 655 657 659
f 655 659 958
f 370 666 663
f 370 667 666
f 370 669 668
f 370 668 667
f 716 663 666
f 647 1687 804
f 663 716 677
f 677 679 678
f 677 680 679
f 677 683 680
f 677 684 683
f 677 685 684
f 677 686 685
f 677 689 686
f 677 690 689
f 677 691 690
f 677 692 691
f 702 681 682
f 702 682 687
f 702 687 688
f 702 688 693
f 702 693 694
f 702 694 695
f 677 696 692
f 677 697 696
f 677 698 697
f 677 699 698
f 677 705 699
f 677 706 705
f 677 707 706
f 677 708 707
f 677 712 708
f 677 713 712
f 677 711 713
f 677 714 711
f 677 715 714
f 702 695 700
f 702 700 701
f 702 701 709
f 677 716 715
f 651 704 1715
f 657 804 878
f 804 879 878
f 804 886 879
f 804 887 886
f 804 888 887
f 804 889 888
f 772 773 778
f 774 777 771
f 771 778 773
f 665 664 1685
f 664 702 1684
f 774 775 777
f 771 777 778
f 772 778 779
f 772 779 805
f 775 776 777
f 646 1686 1687
f 702 709 1361
f 789 772 805
f 710 1359 709
f 717 1358 710
f 718 1357 717
f 719 1356 718
f 720 1356 719
f 721 1355 720
f 789 805 790
f 805 788 790
f 784 808 783
f 783 809 786
f 787 807 784
f 788 807 787
f 723 1353 722
f 780 1353 723
f 781 813 780
f 722 1354 721
f 786 810 785
f 785 811 782
f 782 812 781
f 665 1704 703
f 703 1715 704
f 805 806 788
f 788 806 807
f 808 784 807
f 809 783 808
f 810 786 809
f 785 810 811
f 782 811 812
f 781 812 813
f 780 813 1353
f 722 1353 1354
f 721 1354 1355
f 720 1355 1356
f 718 1356 1357
f 717 1357 1358
f 710 1358 1359
f 702 1361 1362
f 709 1359 1360
f 709 1360 1361
f 702 1362 1363
f 702 1363 1364
f 702 1364 1365
f 702 1365 1467
f 702 1467 1468
f 702 1468 1469
f 702 1469 1470
f 702 1470 1471
f 651 1715 1686
f 804 1379 826
f 804 826 829
f 804 1389 1379
f 804 1394 1389
f 804 1396 1394
f 804 890 889
f 804 891 890
f 804 892 891
f 804 1058 892
f 804 1059 1058
f 804 1060 1059
f 804 1061 1060
f 804 1062 1061
f 804 1063 1062
f 804 1092 1063
f 804 1093 1092
f 804 1097 1093
f 804 1098 1097
f 804 1112 1098
f 804 1113 1112
f 804 1117 1113
f 804 829 1895
f 804 1118 1117
f 804 1845 1118
f 804 1846 1845
f 804 1854 1846
f 804 1855 1854
f 804 1879 1855
f 804 1880 1879
f 656 832 833
f 656 657 832
f 657 834 832
f 832 834 833
f 656 833 844
f 833 834 878
f 833 879 841
f 656 836 835
f 656 848 836
f 656 849 848
f 656 835 837
f 656 837 840
f 656 850 849
f 656 851 850
f 656 862 851
f 835 836 881
f 836 848 893
f 835 880 837
f 656 840 839
f 656 839 931
f 656 925 924
f 656 930 925
f 656 924 926
f 656 931 930
f 837 882 838
f 838 883 852
f 839 840 885
f 839 884 855
f 840 854 899
f 833 841 842
f 833 842 844
f 842 843 844
f 656 844 986
f 841 886 842
f 842 887 843
f 843 888 844
f 844 845 846
f 844 846 982
f 846 847 982
f 844 889 845
f 845 890 846
f 846 891 847
f 656 863 862
f 656 864 863
f 656 865 864
f 656 988 865
f 656 989 988
f 656 990 989
f 656 991 990
f 848 849 894
f 849 850 895
f 850 851 896
f 851 862 907
f 839 855 857
f 854 860 856
f 840 870 854
f 839 857 869
f 854 870 860
f 857 861 869
f 852 897 853
f 853 898 858
f 855 900 857
f 854 856 901
f 857 902 861
f 858 903 859
f 859 904 866
f 856 860 905
f 861 906 869
f 860 868 913
f 656 1002 991
f 656 1003 1002
f 656 1004 1003
f 656 1005 1004
f 656 1006 1005
f 656 1018 1006
f 862 863 908
f 863 864 909
f 864 865 910
f 865 988 1064
f 860 870 868
f 839 869 995
f 869 871 875
f 840 1015 870
f 870 876 874
f 869 875 995
f 870 998 876
f 875 877 995
f 866 911 867
f 867 912 872
f 868 870 915
f 869 914 871
f 871 916 875
f 872 917 873
f 873 918 992
f 870 874 919
f 875 920 877
f 874 876 921
f 657 878 834
f 833 878 879
f 879 886 841
f 835 881 880
f 836 893 881
f 880 881 893
f 880 897 883
f 837 880 882
f 838 882 883
f 883 897 852
f 839 885 884
f 840 899 885
f 884 900 855
f 880 883 882
f 884 885 899
f 884 899 900
f 842 886 887
f 843 887 888
f 844 888 889
f 845 889 890
f 846 890 891
f 847 891 892
f 848 894 893
f 849 895 894
f 850 896 895
f 851 907 896
f 880 893 894
f 880 894 895
f 880 895 896
f 880 898 897
f 880 907 898
f 880 896 907
f 903 907 904
f 904 907 911
f 853 897 898
f 858 898 903
f 854 901 899
f 857 900 902
f 856 905 901
f 859 903 904
f 866 904 911
f 861 902 906
f 860 913 905
f 869 906 914
f 899 901 900
f 900 901 902
f 901 905 902
f 898 907 903
f 902 905 906
f 905 913 906
f 906 913 914
f 862 908 907
f 863 909 908
f 864 910 909
f 865 1064 910
f 907 908 911
f 908 912 911
f 908 909 912
f 909 917 912
f 909 910 917
f 910 918 917
f 910 1064 918
f 918 1064 1068
f 867 911 912
f 872 912 917
f 868 915 913
f 871 914 916
f 870 919 915
f 873 917 918
f 918 1068 992
f 875 916 920
f 874 921 919
f 877 920 922
f 913 915 914
f 914 915 916
f 915 919 916
f 916 919 920
f 919 921 920
f 920 921 922
f 656 923 658
f 656 926 923
f 658 923 958
f 924 925 954
f 925 930 959
f 924 953 926
f 923 926 936
f 923 928 929
f 923 936 928
f 923 929 958
f 926 955 927
f 927 956 934
f 928 957 929
f 928 936 965
f 839 932 931
f 839 933 932
f 839 941 933
f 839 942 941
f 839 943 942
f 930 931 960
f 931 932 961
f 932 933 962
f 933 941 970
f 936 940 937
f 936 948 940
f 926 1143 936
f 934 963 935
f 935 964 938
f 936 937 966
f 938 967 939
f 939 968 945
f 937 940 969
f 940 947 976
f 839 944 943
f 839 1134 944
f 839 1135 1134
f 839 1136 1135
f 839 1137 1136
f 839 1145 1137
f 839 1146 1145
f 941 942 971
f 942 943 972
f 943 944 973
f 944 1134 1202
f 940 948 947
f 936 1143 948
f 948 952 951
f 948 1143 952
f 945 974 946
f 946 975 949
f 947 948 977
f 949 978 950
f 950 979 1138
f 948 951 980
f 951 952 981
f 654 655 2428
f 658 958 659
f 924 954 953
f 925 959 954
f 953 954 959
f 926 953 955
f 927 955 956
f 956 963 934
f 929 957 958
f 928 965 957
f 953 956 955
f 953 963 956
f 957 965 958
f 930 960 959
f 931 961 960
f 932 962 961
f 933 970 962
f 953 959 960
f 953 960 961
f 953 961 962
f 953 970 964
f 953 962 970
f 935 963 964
f 938 964 967
f 936 966 965
f 937 969 966
f 939 967 968
f 945 968 974
f 940 976 969
f 953 964 963
f 964 970 967
f 967 970 968
f 968 970 974
f 941 971 970
f 942 972 971
f 943 973 972
f 944 1202 973
f 970 971 974
f 971 972 975
f 972 973 978
f 973 1202 979
f 946 974 975
f 949 975 978
f 947 977 976
f 948 980 977
f 950 978 979
f 979 1206 1138
f 951 981 980
f 971 975 974
f 972 978 975
f 973 979 978
f 979 1202 1206
f 844 982 986
f 982 983 984
f 982 984 986
f 847 892 982
f 982 1058 983
f 983 1059 984
f 984 985 986
f 986 987 1016
f 984 1060 985
f 985 1061 986
f 986 1062 987
f 987 1063 1016
f 656 1019 1018
f 656 1020 1019
f 656 1023 1020
f 656 1024 1023
f 656 1025 1024
f 656 1038 1025
f 656 1039 1038
f 656 986 1809
f 656 1040 1039
f 656 1043 1040
f 988 989 1065
f 989 990 1066
f 990 991 1067
f 991 1002 1078
f 837 838 1816
f 838 852 1816
f 839 995 1165
f 837 1816 840
f 876 998 994
f 852 853 1816
f 853 858 1816
f 858 859 1816
f 870 1015 998
f 995 999 1001
f 998 1010 1000
f 995 1001 1148
f 992 1068 993
f 993 1069 996
f 877 922 995
f 876 994 1070
f 995 1071 999
f 996 1072 997
f 997 1073 1007
f 994 998 1074
f 999 1075 1001
f 998 1000 1076
f 656 1044 1043
f 656 1045 1044
f 656 1809 1045
f 1002 1003 1079
f 1003 1004 1080
f 1004 1005 1081
f 1005 1006 1082
f 859 866 1816
f 866 867 1816
f 867 872 1816
f 998 1015 1010
f 1001 1011 1148
f 872 873 1816
f 873 992 1816
f 992 993 1816
f 840 1816 1015
f 1010 1015 1014
f 1007 1083 1008
f 1008 1084 1009
f 1001 1077 1011
f 1000 1010 1086
f 1011 1087 1148
f 1010 1014 1090
f 1009 1085 1012
f 1012 1088 1013
f 1013 1089 1026
f 1014 1015 1091
f 986 1016 1021
f 1016 1092 1017
f 1016 1017 1021
f 986 1021 1041
f 1021 1022 1036
f 1017 1093 1021
f 1006 1018 1094
f 1018 1019 1095
f 1019 1020 1096
f 1021 1097 1022
f 1020 1023 1099
f 1023 1024 1100
f 1024 1025 1101
f 993 996 1816
f 996 997 1816
f 997 1007 1816
f 1015 1030 1029
f 1015 1035 1030
f 1007 1008 1816
f 1008 1009 1816
f 1009 1012 1816
f 1030 1035 1034
f 1015 1057 1035
f 1026 1102 1027
f 1027 1103 1028
f 1015 1029 1105
f 1029 1030 1106
f 1028 1104 1031
f 1031 1107 1032
f 1032 1108 1033
f 1030 1034 1110
f 1034 1035 1111
f 1021 1036 1041
f 1036 1037 1041
f 986 1041 1809
f 1041 1042 1773
f 1022 1098 1036
f 1036 1112 1037
f 1025 1038 1114
f 1038 1039 1115
f 1039 1040 1116
f 1037 1113 1041
f 1041 1117 1042
f 1040 1043 1119
f 1043 1044 1120
f 1044 1045 1121
f 1045 1046 1122
f 1013 1026 1816
f 1012 1013 1816
f 1026 1027 1816
f 1027 1028 1816
f 1035 1051 1050
f 1035 1057 1051
f 1028 1031 1816
f 1031 1032 1816
f 1032 1033 1816
f 1033 1047 1816
f 1051 1057 1056
f 1015 1816 1057
f 1033 1109 1047
f 1047 1123 1048
f 1048 1124 1049
f 1035 1050 1126
f 1050 1051 1127
f 1049 1125 1052
f 1052 1128 1053
f 1053 1129 1054
f 1054 1130 1055
f 1051 1056 1132
f 1056 1057 1133
f 892 1058 982
f 983 1058 1059
f 984 1059 1060
f 985 1060 1061
f 986 1061 1062
f 987 1062 1063
f 988 1065 1064
f 989 1066 1065
f 990 1067 1066
f 991 1078 1067
f 1064 1065 1068
f 1065 1069 1068
f 1065 1066 1069
f 1066 1072 1069
f 1066 1067 1072
f 1067 1073 1072
f 1067 1078 1073
f 1073 1078 1083
f 993 1068 1069
f 996 1069 1072
f 876 1070 921
f 922 1071 995
f 994 1074 1070
f 997 1072 1073
f 1007 1073 1083
f 999 1071 1075
f 998 1076 1074
f 1001 1075 1077
f 921 1070 922
f 922 1070 1071
f 1070 1074 1071
f 1071 1074 1075
f 1074 1076 1075
f 1075 1076 1077
f 1002 1079 1078
f 1003 1080 1079
f 1004 1081 1080
f 1005 1082 1081
f 1006 1094 1082
f 1078 1079 1083
f 1079 1084 1083
f 1079 1080 1084
f 1080 1085 1084
f 1080 1081 1085
f 1081 1082 1088
f 1081 1088 1085
f 1082 1094 1089
f 1082 1089 1088
f 1008 1083 1084
f 1009 1084 1085
f 1000 1086 1076
f 1011 1077 1087
f 1010 1090 1086
f 1012 1085 1088
f 1013 1088 1089
f 1014 1091 1090
f 1015 1105 1091
f 1076 1086 1077
f 1077 1086 1087
f 1086 1090 1087
f 1087 1090 1216
f 1090 1091 1216
f 1091 1217 1216
f 1091 1105 1217
f 1063 1092 1016
f 1092 1093 1017
f 1018 1095 1094
f 1019 1096 1095
f 1021 1093 1097
f 1022 1097 1098
f 1020 1099 1096
f 1023 1100 1099
f 1024 1101 1100
f 1089 1094 1102
f 1094 1095 1102
f 1095 1103 1102
f 1095 1096 1103
f 1096 1104 1103
f 1096 1099 1104
f 1099 1107 1104
f 1099 1100 1107
f 1100 1108 1107
f 1100 1101 1108
f 1101 1109 1108
f 1089 1102 1026
f 1027 1102 1103
f 1028 1103 1104
f 1029 1106 1105
f 1030 1110 1106
f 1031 1104 1107
f 1032 1107 1108
f 1033 1108 1109
f 1034 1111 1110
f 1105 1228 1217
f 1105 1106 1228
f 1106 1229 1228
f 1106 1110 1229
f 1110 1233 1229
f 1110 1111 1233
f 1111 1234 1233
f 1036 1098 1112
f 1037 1112 1113
f 1025 1114 1101
f 1038 1115 1114
f 1039 1116 1115
f 1041 1113 1117
f 1042 1117 1118
f 1040 1119 1116
f 1043 1120 1119
f 1044 1121 1120
f 1045 1122 1121
f 1101 1114 1109
f 1109 1114 1123
f 1114 1115 1123
f 1115 1116 1124
f 1115 1124 1123
f 1116 1125 1124
f 1116 1119 1125
f 1119 1128 1125
f 1119 1120 1128
f 1120 1129 1128
f 1120 1121 1129
f 1121 1130 1129
f 1121 1122 1130
f 1122 1131 1130
f 1047 1109 1123
f 1048 1123 1124
f 1049 1124 1125
f 1035 1126 1111
f 1050 1127 1126
f 1052 1125 1128
f 1053 1128 1129
f 1054 1129 1130
f 1055 1130 1131
f 1051 1132 1127
f 1056 1133 1132
f 1111 1126 1234
f 1126 1248 1234
f 1126 1127 1248
f 1127 1249 1248
f 1127 1132 1249
f 1132 1253 1249
f 1132 1133 1253
f 1133 1254 1253
f 839 1147 1146
f 839 1150 1147
f 839 1151 1150
f 839 1162 1151
f 839 1163 1162
f 839 1164 1163
f 839 1167 1164
f 1134 1135 1203
f 1135 1136 1204
f 1136 1137 1205
f 1137 1145 1213
f 926 927 1950
f 927 934 1950
f 934 935 1950
f 952 1143 1140
f 935 938 1950
f 938 939 1950
f 939 945 1950
f 1143 1155 1144
f 1138 1206 1139
f 1139 1207 1141
f 952 1140 1208
f 1141 1209 1142
f 1142 1210 1152
f 1140 1143 1211
f 1143 1144 1212
f 839 1168 1167
f 839 1169 1168
f 839 1182 1169
f 839 1183 1182
f 995 1148 1165
f 839 1184 1183
f 839 1187 1184
f 839 1188 1187
f 1148 1149 1160
f 839 1189 1188
f 839 1190 1189
f 839 1919 1190
f 1145 1146 1214
f 1146 1147 1215
f 1148 1216 1149
f 1149 1217 1160
f 1147 1150 1218
f 1150 1151 1219
f 945 946 1950
f 946 949 1950
f 949 950 1950
f 926 1950 1143
f 1143 1159 1155
f 950 1138 1950
f 1138 1139 1950
f 1139 1141 1950
f 1155 1159 1158
f 1143 1179 1159
f 1152 1220 1153
f 1153 1221 1154
f 1144 1155 1223
f 1155 1158 1226
f 1154 1222 1156
f 1156 1224 1157
f 1157 1225 1170
f 1158 1159 1227
f 1148 1160 1165
f 839 1165 1963
f 839 1920 1919
f 1160 1161 1165
f 839 1963 1920
f 1165 1166 1180
f 1160 1228 1161
f 1161 1229 1165
f 1151 1162 1230
f 1162 1163 1231
f 1163 1164 1232
f 1165 1233 1166
f 1164 1167 1235
f 1167 1168 1236
f 1168 1169 1237
f 1141 1142 1950
f 1142 1152 1950
f 1152 1153 1950
f 1159 1174 1173
f 1159 1179 1174
f 1153 1154 1950
f 1154 1156 1950
f 1156 1157 1950
f 1157 1170 1950
f 1174 1179 1178
f 1143 1950 1179
f 1170 1238 1171
f 1171 1239 1172
f 1159 1173 1241
f 1173 1174 1242
f 1172 1240 1175
f 1175 1243 1176
f 1176 1244 1177
f 1174 1178 1246
f 1178 1179 1247
f 1165 1180 1185
f 1180 1181 1185
f 1165 1185 1924
f 1185 1186 1917
f 1166 1234 1180
f 1180 1248 1181
f 1169 1182 1250
f 1182 1183 1251
f 1183 1184 1252
f 1181 1249 1185
f 1185 1253 1186
f 1184 1187 1255
f 1187 1188 1256
f 1188 1189 1257
f 1189 1190 1258
f 1170 1171 1950
f 1171 1172 1950
f 1172 1175 1950
f 1175 1176 1950
f 1179 1195 1194
f 1179 1201 1195
f 1176 1177 1950
f 1177 1191 1950
f 1191 1192 1950
f 1192 1193 1950
f 1193 1196 1950
f 1195 1201 1200
f 1179 1950 1201
f 1177 1245 1191
f 1191 1259 1192
f 1192 1260 1193
f 1179 1194 1262
f 1194 1195 1263
f 1193 1261 1196
f 1196 1264 1197
f 1197 1265 1198
f 1198 1266 1199
f 1195 1200 1268
f 1200 1201 1269
f 1134 1203 1202
f 1135 1204 1203
f 1136 1205 1204
f 1137 1213 1205
f 1202 1203 1206
f 1203 1204 1207
f 1204 1205 1209
f 1205 1213 1210
f 1139 1206 1207
f 1141 1207 1209
f 952 1208 981
f 1140 1211 1208
f 1142 1209 1210
f 1152 1210 1220
f 1143 1212 1211
f 1203 1207 1206
f 1204 1209 1207
f 1205 1210 1209
f 1210 1213 1220
f 1087 1216 1148
f 1145 1214 1213
f 1146 1215 1214
f 1149 1216 1217
f 1147 1218 1215
f 1150 1219 1218
f 1151 1230 1219
f 1213 1214 1220
f 1214 1215 1221
f 1215 1218 1222
f 1218 1219 1224
f 1219 1230 1225
f 1153 1220 1221
f 1154 1221 1222
f 1144 1223 1212
f 1155 1226 1223
f 1156 1222 1224
f 1157 1224 1225
f 1158 1227 1226
f 1159 1241 1227
f 1214 1221 1220
f 1215 1222 1221
f 1218 1224 1222
f 1219 1225 1224
f 655 958 2430
f 1217 1228 1160
f 1161 1228 1229
f 1162 1231 1230
f 1163 1232 1231
f 1165 1229 1233
f 1166 1233 1234
f 1164 1235 1232
f 1167 1236 1235
f 1168 1237 1236
f 1230 1231 1238
f 1231 1232 1239
f 1232 1235 1240
f 1235 1236 1243
f 1236 1237 1244
f 1225 1238 1170
f 1171 1238 1239
f 1172 1239 1240
f 1173 1242 1241
f 1174 1246 1242
f 1175 1240 1243
f 1176 1243 1244
f 1177 1244 1245
f 1178 1247 1246
f 1225 1230 1238
f 1231 1239 1238
f 1232 1240 1239
f 1235 1243 1240
f 1236 1244 1243
f 1237 1245 1244
f 1180 1234 1248
f 1181 1248 1249
f 1169 1250 1237
f 1182 1251 1250
f 1183 1252 1251
f 1185 1249 1253
f 1186 1253 1254
f 1184 1255 1252
f 1187 1256 1255
f 1188 1257 1256
f 1189 1258 1257
f 1237 1250 1245
f 1250 1251 1259
f 1251 1252 1260
f 1252 1261 1260
f 1252 1255 1261
f 1255 1264 1261
f 1255 1256 1264
f 1256 1265 1264
f 1256 1257 1265
f 1257 1266 1265
f 1257 1258 1266
f 1258 1267 1266
f 1191 1245 1259
f 1192 1259 1260
f 1193 1260 1261
f 1179 1262 1247
f 1194 1263 1262
f 1196 1261 1264
f 1197 1264 1265
f 1198 1265 1266
f 1199 1266 1267
f 1195 1268 1263
f 1200 1269 1268
f 1245 1250 1259
f 1251 1260 1259
f 1 1270 1271
f 3 1271 1337
f 1270 1272 1271
f 1271 1272 1337
f 1270 1350 1272
f 1339 295 307
f 1339 296 295
f 1339 311 296
f 1339 312 311
f 1339 313 312
f 1339 314 313
f 1339 315 314
f 1339 316 315
f 1339 317 316
f 1339 343 318
f 1339 318 317
f 1339 344 343
f 1339 345 344
f 1339 346 345
f 1339 347 346
f 1339 348 347
f 1339 349 348
f 1339 350 349
f 1339 351 350
f 1339 352 351
f 1339 353 352
f 1339 354 353
f 1339 355 354
f 1339 516 355
f 1339 517 516
f 1339 518 517
f 1339 519 518
f 1339 520 519
f 1339 521 520
f 1339 522 521
f 1339 523 522
f 1339 524 523
f 1339 525 524
f 1339 526 525
f 1339 527 526
f 1339 528 527
f 1339 529 528
f 1339 530 529
f 1339 531 530
f 1339 532 531
f 6 1337 1339
f 1339 573 532
f 634 1276 1275
f 634 1277 1276
f 634 1278 1277
f 1339 619 573
f 1339 621 619
f 1339 622 621
f 1341 564 563
f 1340 563 625
f 1334 1682 1679
f 1343 568 567
f 1342 567 633
f 1344 1333 1273
f 1344 1334 1333
f 1344 1273 1316
f 1346 626 564
f 1345 625 622
f 1348 634 568
f 1347 633 626
f 1348 1278 634
f 1348 1279 1278
f 1348 1280 1279
f 1348 1281 1280
f 1348 1282 1281
f 1348 1283 1282
f 1348 1284 1283
f 1348 1285 1284
f 1348 1286 1285
f 1348 1300 1286
f 1348 1301 1300
f 1348 1302 1301
f 1348 1303 1302
f 1348 1304 1303
f 1348 1305 1304
f 1348 1306 1305
f 1348 1307 1306
f 1348 1308 1307
f 1348 1309 1308
f 1348 1310 1309
f 1348 1311 1310
f 1348 1312 1311
f 1348 1313 1312
f 1348 1314 1313
f 1348 1315 1314
f 1348 1316 1315
f 1272 1338 1337
f 1337 1338 1339
f 1338 1345 1339
f 1272 2429 1338
f 1339 1345 622
f 1344 1682 1334
f 1344 1688 1682
f 1340 1341 563
f 1341 1346 564
f 1342 1343 567
f 1343 1348 568
f 1346 1347 626
f 1340 625 1345
f 1342 633 1347
f 1344 1316 1349
f 1348 1349 1316
f 1338 1340 1345
f 1338 2429 1340
f 1341 1342 1347
f 1343 1344 1349
f 1341 1347 1346
f 1343 1349 1348
f 640 1350 1270
f 640 1351 1350
f 1272 1350 1352
f 1272 1352 2429
f 1350 1351 1352
f 1351 2429 1352
f 664 1684 1685
f 665 1685 1704
f 702 1471 1703
f 702 1703 1684
f 703 1704 1715
f 804 1397 1396
f 804 1400 1397
f 804 1401 1400
f 804 1406 1401
f 804 1407 1406
f 804 1413 1407
f 1379 1382 1380
f 1379 1383 1382
f 1383 1379 1388
f 1388 1379 1389
f 1385 1381 1384
f 1386 1381 1385
f 1387 1381 1386
f 1392 1381 1387
f 1393 1381 1392
f 1390 1381 1393
f 1391 1381 1390
f 1395 1381 1391
f 1398 1381 1395
f 1381 1398 1399
f 1381 1399 1402
f 804 1516 1413
f 1381 1402 1403
f 1381 1403 1404
f 1381 1404 1405
f 1381 1405 1408
f 1381 1408 1409
f 1381 1409 1410
f 1381 1410 1411
f 1381 1411 1412
f 1381 1412 1415
f 1381 1415 1416
f 1381 1416 1417
f 1381 1417 1418
f 1381 1418 1419
f 1381 1419 1420
f 1381 1420 1421
f 1381 1422 1623
f 1381 1421 1422
f 804 1515 1516
f 1381 1624 1625
f 1381 1623 1624
f 1381 1626 1627
f 1381 1628 1626
f 1381 1625 1628
f 1703 1471 1472
f 1703 1472 1475
f 1703 1475 1476
f 1703 1476 1473
f 804 1687 1716
f 804 1716 1515
f 1413 1516 1414
f 1414 1516 1499
f 1499 1516 1500
f 1500 1516 1501
f 1501 1516 1502
f 1502 1516 1503
f 1503 1516 1504
f 1504 1516 1505
f 1505 1516 1506
f 1506 1516 1507
f 1507 1516 1508
f 1508 1516 1509
f 1509 1516 1510
f 1510 1516 1511
f 1511 1729 1512
f 1381 1537 1535
f 1381 1538 1537
f 1381 1539 1538
f 1381 1540 1539
f 1381 1541 1540
f 1381 1542 1541
f 1381 1543 1542
f 1381 1544 1543
f 1381 1550 1544
f 1381 1552 1551
f 1381 1551 1550
f 1381 1554 1552
f 1545 1549 1536
f 1546 1549 1545
f 1547 1549 1546
f 1548 1549 1547
f 1557 1549 1548
f 1558 1549 1557
f 1549 1558 1559
f 1381 1553 1554
f 1381 1555 1553
f 1381 1556 1555
f 1381 1562 1556
f 1381 1563 1562
f 1381 1565 1563
f 1381 1573 1566
f 1381 1574 1573
f 1381 1564 1565
f 1381 1566 1564
f 1381 1567 1574
f 1381 1568 1567
f 1381 1569 1568
f 1381 1629 1570
f 1381 1571 1572
f 1381 1570 1571
f 1381 1572 1569
f 1381 1627 1629
f 1549 1559 1560
f 1549 1560 1561
f 1549 1561 1575
f 1549 1575 1576
f 804 1881 1880
f 804 1882 1881
f 804 1883 1882
f 804 1884 1883
f 1895 829 1549
f 804 1891 1884
f 804 1892 1891
f 804 1893 1892
f 804 1894 1893
f 804 1895 1894
f 1512 1729 1513
f 1513 1729 1514
f 1514 1729 1643
f 1650 1729 1641
f 1648 1729 1649
f 1646 1729 1650
f 1649 1729 1646
f 1643 1729 1644
f 1644 1729 1645
f 1645 1729 1647
f 1647 1729 1648
f 2216 1549 1576
f 2216 1576 1577
f 2216 1577 1578
f 2216 1578 1630
f 2216 1630 1631
f 2216 1632 1633
f 2216 1633 1634
f 2216 1634 1635
f 2216 1635 1636
f 2216 1636 1637
f 2216 1637 1638
f 2216 1638 1639
f 2216 1639 1640
f 2216 1631 1632
f 1679 1682 1680
f 1681 1680 1682
f 1681 1682 1683
f 1681 1683 1702
f 1681 1702 1694
f 1703 1473 1474
f 1703 1474 1477
f 1703 1477 1478
f 1703 1478 1479
f 1703 1479 1480
f 1703 1480 1481
f 1703 1481 1482
f 1703 1482 1700
f 1694 1702 1695
f 1702 1696 1695
f 1702 1697 1696
f 1703 1699 1697
f 1703 1700 1701
f 1703 1701 1698
f 1703 1698 1699
f 1702 1703 1697
f 1511 1516 1729
f 1716 1717 1515
f 1718 1729 1516
f 1730 1731 1729
f 2216 1640 1642
f 2216 1642 1641
f 2216 1641 1729
f 2216 1729 1731
f 2216 1731 1732
f 2216 1732 1733
f 2216 1733 1734
f 2216 1734 1735
f 2216 1735 1736
f 2216 1736 1737
f 2216 1737 1747
f 2216 1747 1748
f 2216 1748 1749
f 2216 1749 1750
f 2216 1750 1751
f 2216 1751 1752
f 2216 1752 1753
f 2216 1753 1754
f 2216 1754 1755
f 2216 1755 1756
f 2216 1756 1757
f 2216 1757 1758
f 2216 1758 1759
f 2216 1759 2316
f 2216 2316 2317
f 2216 2317 2318
f 2216 2318 2319
f 2216 2319 2320
f 2216 2320 2321
f 654 2428 1351
f 1041 1773 1782
f 1773 1774 1782
f 1045 1809 1046
f 1046 1809 1775
f 1041 1782 1809
f 1782 1783 1807
f 1775 1809 1776
f 1776 1809 1777
f 1777 1809 1778
f 1778 1809 1779
f 1779 1809 1784
f 1784 1809 1785
f 1785 1809 1788
f 1788 1809 1789
f 1789 1809 1790
f 1790 1809 1794
f 1794 1809 1795
f 1795 1809 1796
f 1796 1809 1797
f 1797 1809 1798
f 1042 1118 1773
f 1773 1845 1774
f 1774 1846 1782
f 1046 1775 1847
f 1775 1776 1848
f 1776 1777 1849
f 1777 1778 1850
f 1778 1779 1851
f 1780 1852 1781
f 1781 1853 1786
f 1782 1854 1783
f 1783 1855 1807
f 1779 1784 1856
f 1784 1785 1857
f 1786 1858 1787
f 1787 1859 1791
f 1785 1788 1860
f 1788 1789 1861
f 1789 1790 1862
f 1790 1794 1866
f 1791 1863 1792
f 1792 1864 1793
f 1793 1865 1799
f 1794 1795 1867
f 1795 1796 1868
f 1796 1797 1869
f 1797 1798 1871
f 1798 1799 1870
f 1047 1048 1816
f 1048 1049 1816
f 1049 1052 1816
f 1052 1053 1816
f 1053 1054 1816
f 1054 1055 1816
f 1057 1804 1803
f 1057 1805 1804
f 1055 1800 1816
f 1800 1801 1816
f 1780 1816 1802
f 1801 1802 1816
f 1780 1781 1816
f 1781 1786 1816
f 1786 1787 1816
f 1787 1791 1816
f 1791 1792 1816
f 1792 1793 1816
f 1057 1816 1805
f 1804 1805 1806
f 1055 1131 1800
f 1800 1872 1801
f 1801 1873 1802
f 1780 1802 1874
f 1057 1803 1875
f 1803 1804 1876
f 1805 1877 1806
f 1805 1813 1885
f 1804 1806 1878
f 1782 1807 1809
f 1807 1808 1809
f 1798 1809 1816
f 1809 1810 1811
f 1809 1811 1819
f 1811 1812 1819
f 1809 1819 1823
f 1809 1831 1816
f 1807 1879 1808
f 1808 1880 1809
f 1809 1881 1810
f 1810 1882 1811
f 1811 1883 1812
f 1812 1884 1819
f 1793 1799 1816
f 1798 1816 1799
f 1805 1814 1813
f 1805 1816 1814
f 1814 1816 1815
f 1816 1818 1817
f 1816 1836 1818
f 1813 1814 1886
f 1814 1815 1887
f 1815 1816 1888
f 1816 1817 1889
f 1817 1818 1890
f 1818 1837 1909
f 1819 1820 1821
f 1819 1821 1823
f 1809 1823 1831
f 1821 1822 1823
f 1823 1824 1825
f 1823 1825 1827
f 1825 1826 1827
f 1823 1827 1831
f 1831 1833 1841
f 1827 1828 1829
f 1827 1829 1831
f 1829 1830 1831
f 1831 1832 1834
f 1831 1834 1833
f 1833 1834 1835
f 1819 1891 1820
f 1820 1892 1821
f 1821 1893 1822
f 1822 1894 1823
f 1823 1895 1824
f 1824 1896 1825
f 1825 1897 1826
f 1826 1898 1827
f 1827 1899 1828
f 1828 1900 1829
f 1829 1901 1830
f 1830 1902 1831
f 1831 1903 1832
f 1833 1905 1844
f 1834 1906 1835
f 1832 1904 1834
f 1833 1835 1907
f 1816 1841 1836
f 1818 1836 1837
f 1816 1831 1841
f 1836 1839 1838
f 1836 1841 1839
f 1839 1841 1840
f 1841 1843 1842
f 1833 1843 1841
f 1833 1844 1843
f 1836 1908 1837
f 1836 1838 1910
f 1838 1839 1911
f 1839 1840 1912
f 1840 1841 1913
f 1841 1842 1914
f 1842 1843 1915
f 1843 1844 1916
f 1118 1845 1773
f 1774 1845 1846
f 1046 1847 1122
f 1775 1848 1847
f 1776 1849 1848
f 1777 1850 1849
f 1778 1851 1850
f 1779 1856 1851
f 1780 1874 1852
f 1781 1852 1853
f 1782 1846 1854
f 1783 1854 1855
f 1807 1855 1879
f 1784 1857 1856
f 1785 1860 1857
f 1786 1853 1858
f 1787 1858 1859
f 1788 1861 1860
f 1789 1862 1861
f 1790 1866 1862
f 1792 1863 1864
f 1791 1859 1863
f 1793 1864 1865
f 1799 1865 1870
f 1794 1867 1866
f 1795 1868 1867
f 1796 1869 1868
f 1797 1871 1869
f 1798 1870 1871
f 1122 1847 1131
f 1131 1847 1872
f 1847 1848 1872
f 1848 1849 1873
f 1848 1873 1872
f 1849 1850 1874
f 1849 1874 1873
f 1850 1852 1874
f 1850 1851 1852
f 1851 1856 1853
f 1851 1853 1852
f 1856 1857 1858
f 1857 1860 1859
f 1853 1856 1858
f 1857 1859 1858
f 1860 1861 1863
f 1861 1862 1864
f 1862 1866 1870
f 1862 1870 1865
f 1859 1860 1863
f 1861 1864 1863
f 1862 1865 1864
f 1866 1871 1870
f 1866 1867 1871
f 1867 1869 1871
f 1867 1868 1869
f 1131 1872 1800
f 1801 1872 1873
f 1802 1873 1874
f 1057 1875 1133
f 1803 1876 1875
f 1804 1878 1876
f 1806 1877 1878
f 1805 1885 1877
f 1133 1875 1254
f 1254 1875 1989
f 1875 1876 1989
f 1876 1990 1989
f 1876 1878 1990
f 1877 1996 1878
f 1877 1885 1997
f 1808 1879 1880
f 1809 1880 1881
f 1810 1881 1882
f 1811 1882 1883
f 1812 1883 1884
f 1884 1891 1819
f 1813 1886 1885
f 1814 1887 1886
f 1815 1888 1887
f 1816 1889 1888
f 1817 1890 1889
f 1818 1909 1890
f 1885 1886 2023
f 1886 1887 2024
f 1887 1888 2025
f 1888 1889 2026
f 1895 1549 2174
f 2174 1549 2176
f 2176 1549 2179
f 2179 1549 2185
f 2185 1549 2186
f 1820 1891 1892
f 1821 1892 1893
f 1822 1893 1894
f 1823 1894 1895
f 1824 1895 1896
f 1825 1896 1897
f 1826 1897 1898
f 1827 1898 1899
f 1828 1899 1900
f 1829 1900 1901
f 1830 1901 1902
f 1831 1902 1903
f 1832 1903 1904
f 1844 1905 1916
f 1833 1907 1905
f 1835 1906 1907
f 1834 1904 1906
f 1836 1910 1908
f 1837 1908 1909
f 1838 1911 1910
f 1839 1912 1911
f 1840 1913 1912
f 1841 1914 1913
f 1842 1915 1914
f 1843 1916 1915
f 1890 1909 2175
f 1908 2175 1909
f 1908 1910 2175
f 1910 1911 2175
f 1911 1912 2175
f 1889 1890 2175
f 1889 2175 2027
f 1895 2174 1896
f 1896 2174 1897
f 1897 2174 1898
f 1898 2174 1899
f 1899 2174 1900
f 1900 2174 1901
f 1913 1914 2175
f 1912 1913 2175
f 1914 1915 2175
f 1905 2175 1916
f 1915 1916 2175
f 1901 2175 1902
f 1902 2175 1903
f 1903 2175 1904
f 1904 2175 1906
f 1905 1907 2175
f 1906 2175 1907
f 1901 2174 2175
f 1185 1917 1924
f 1917 1918 1924
f 1165 1924 1963
f 1924 1925 1951
f 1920 1963 1921
f 1921 1963 1922
f 1922 1963 1923
f 1186 1254 1917
f 1917 1989 1918
f 1918 1990 1924
f 1190 1919 1991
f 1919 1920 1992
f 1920 1921 1993
f 1921 1922 1994
f 1922 1923 1995
f 1924 1996 1925
f 1925 1997 1951
f 1923 1926 1998
f 1926 1927 1999
f 1927 1928 2000
f 1928 1929 2001
f 1929 1930 2002
f 1930 1934 2006
f 1931 2003 1932
f 1932 2004 1933
f 1933 2005 1939
f 1934 1935 2007
f 1935 1936 2008
f 1936 1937 2009
f 1937 1938 2010
f 1938 1939 2011
f 1198 1199 1950
f 1196 1197 1950
f 1197 1198 1950
f 1199 1940 1950
f 1940 1941 1950
f 1941 1942 1950
f 1201 1946 1945
f 1201 1950 1946
f 1942 1943 1950
f 1943 1944 1950
f 1944 1947 1950
f 1947 1948 1950
f 1931 1950 1948
f 1931 1932 1950
f 1946 1950 1949
f 1199 1267 1940
f 1940 2012 1941
f 1941 2013 1942
f 1942 2014 1943
f 1943 2015 1944
f 1944 2016 1947
f 1201 1945 2017
f 1945 1946 2018
f 1947 2019 1948
f 1931 1948 2020
f 1946 1949 2021
f 1949 1950 2022
f 1950 1959 2031
f 1924 1951 1953
f 1951 1952 1953
f 1924 1953 1963
f 1923 1963 1926
f 1926 1963 1927
f 1927 1963 1928
f 1928 1963 1929
f 1929 1963 1930
f 1930 1963 1934
f 1934 1963 1935
f 1935 1963 1936
f 1937 1963 1938
f 1933 1939 1963
f 1938 1963 1939
f 1932 1933 1963
f 1936 1963 1937
f 1953 1954 1955
f 1953 1955 1963
f 1955 1956 1963
f 1951 2023 1952
f 1952 2024 1953
f 1953 2025 1954
f 1954 2026 1955
f 1955 2027 1956
f 1956 2028 1963
f 1932 1963 1950
f 1950 1960 1957
f 1957 1960 1958
f 1950 1957 1959
f 1950 1980 1960
f 1960 1962 1961
f 1950 1963 1988
f 1960 1980 1962
f 1950 1988 1980
f 1957 2029 1959
f 1957 1958 2030
f 1958 1960 2032
f 1960 1961 2033
f 1961 1962 2034
f 1962 1979 2051
f 1963 1964 1965
f 1963 1965 1967
f 1965 1966 1967
f 1963 1967 1971
f 1967 1968 1969
f 1967 1969 1971
f 1969 1970 1971
f 1963 1971 1988
f 1971 1972 1973
f 1971 1973 1975
f 1973 1974 1975
f 1971 1975 1988
f 1975 1976 1978
f 1975 1978 1988
f 1977 1988 1978
f 1963 2035 1964
f 1964 2036 1965
f 1965 2037 1966
f 1966 2038 1967
f 1967 2039 1968
f 1968 2040 1969
f 1969 2041 1970
f 1970 2042 1971
f 1971 2043 1972
f 1972 2044 1973
f 1973 2045 1974
f 1974 2046 1975
f 1975 2047 1976
f 1977 1978 2050
f 1976 2048 1978
f 1962 1980 1979
f 1980 1984 1981
f 1980 1988 1984
f 1981 1984 1982
f 1980 1981 1983
f 1984 1985 1987
f 1984 1988 1985
f 1985 1988 1986
f 1979 1980 2052
f 1980 1983 2055
f 1981 2053 1983
f 1981 1982 2054
f 1982 1984 2056
f 1984 1987 2059
f 1985 2057 1987
f 1985 1986 2058
f 1986 1988 2060
f 1977 2049 1988
f 1254 1989 1917
f 1918 1989 1990
f 1190 1991 1258
f 1919 1992 1991
f 1920 1993 1992
f 1921 1994 1993
f 1922 1995 1994
f 1923 1998 1995
f 1924 1990 1996
f 1925 1996 1997
f 1951 1997 2023
f 1926 1999 1998
f 1927 2000 1999
f 1928 2001 2000
f 1929 2002 2001
f 1930 2006 2002
f 1931 2020 2003
f 1932 2003 2004
f 1933 2004 2005
f 1939 2005 2011
f 1934 2007 2006
f 1935 2008 2007
f 1936 2009 2008
f 1937 2010 2009
f 1938 2011 2010
f 1258 1991 1267
f 1267 1991 2012
f 1991 1992 2012
f 1992 1993 2013
f 1992 2013 2012
f 1993 1994 2014
f 1993 2014 2013
f 1994 2015 2014
f 1994 1995 2015
f 1995 2016 2015
f 1995 1998 2016
f 1878 1996 1990
f 1877 1997 1996
f 1885 2023 1997
f 1998 1999 2019
f 1998 2019 2016
f 1999 2000 2020
f 1999 2020 2019
f 2000 2001 2003
f 2000 2003 2020
f 2001 2004 2003
f 2001 2002 2004
f 2002 2005 2004
f 2002 2006 2011
f 2002 2011 2005
f 2006 2007 2010
f 2006 2010 2011
f 2007 2009 2010
f 2007 2008 2009
f 1267 2012 1940
f 1941 2012 2013
f 1942 2013 2014
f 1943 2014 2015
f 1944 2015 2016
f 1201 2017 1269
f 1945 2018 2017
f 1946 2021 2018
f 1947 2016 2019
f 1948 2019 2020
f 1949 2022 2021
f 1950 2031 2022
f 1952 2023 2024
f 1953 2024 2025
f 1954 2025 2026
f 1955 2026 2027
f 1956 2027 2028
f 2028 2035 1963
f 1886 2024 2023
f 1887 2025 2024
f 1888 2026 2025
f 1889 2027 2026
f 1959 2029 2031
f 1957 2030 2029
f 1958 2032 2030
f 1960 2033 2032
f 1961 2034 2033
f 1962 2051 2034
f 958 965 2430
f 965 966 2430
f 966 969 2430
f 969 976 2430
f 976 977 2430
f 1964 2035 2036
f 1965 2036 2037
f 1966 2037 2038
f 1967 2038 2039
f 1968 2039 2040
f 1969 2040 2041
f 1970 2041 2042
f 1971 2042 2043
f 1972 2043 2044
f 1973 2044 2045
f 1974 2045 2046
f 1975 2046 2047
f 1976 2047 2048
f 1977 2050 2049
f 1978 2048 2050
f 2027 2175 2028
f 2028 2175 2035
f 2035 2175 2036
f 2036 2175 2037
f 2037 2175 2038
f 2038 2175 2039
f 1979 2052 2051
f 1980 2055 2052
f 1981 2054 2053
f 1982 2056 2054
f 1983 2053 2055
f 1984 2059 2056
f 1987 2057 2059
f 1985 2058 2057
f 1986 2060 2058
f 1988 2049 2060
f 2034 2051 2288
f 2051 2052 2288
f 2052 2055 2288
f 2053 2288 2055
f 2053 2054 2288
f 2039 2175 2040
f 2040 2175 2041
f 2041 2175 2042
f 2042 2175 2043
f 2043 2175 2044
f 2044 2175 2045
f 2045 2175 2046
f 2046 2175 2047
f 2047 2175 2048
f 2048 2175 2288
f 2054 2056 2288
f 2056 2059 2288
f 2057 2288 2059
f 2057 2058 2288
f 2058 2060 2288
f 2049 2050 2288
f 2048 2288 2050
f 2049 2288 2060
f 981 1208 2430
f 977 980 2430
f 980 981 2430
f 1208 1211 2430
f 1211 1212 2430
f 1212 1223 2430
f 1223 1226 2430
f 1226 1227 2430
f 1227 1241 2430
f 1241 1242 2430
f 2061 2064 2065
f 2061 2085 2062
f 2061 2068 2069
f 2061 2070 2068
f 2061 2071 2070
f 2061 2069 2085
f 2061 2062 2174
f 2061 2174 2064
f 2062 2085 2063
f 2063 2085 2089
f 2062 2063 2175
f 2065 2066 2067
f 2065 2067 2074
f 2061 2072 2071
f 2061 2077 2072
f 2061 2078 2077
f 2061 2065 2108
f 2061 2079 2078
f 2061 2080 2079
f 2061 2081 2080
f 2061 2082 2081
f 2061 2083 2082
f 2061 2106 2083
f 2061 2107 2106
f 2061 2108 2107
f 2067 2073 2074
f 2065 2074 2104
f 2074 2075 2076
f 2074 2076 2104
f 2065 2109 2108
f 2065 2110 2109
f 2065 2111 2110
f 2065 2112 2111
f 2064 2176 2065
f 2065 2177 2066
f 2066 2179 2067
f 2067 2179 2073
f 2068 2180 2069
f 2068 2070 2182
f 2070 2071 2183
f 2071 2072 2184
f 2069 2181 2085
f 2073 2185 2074
f 2074 2186 2075
f 2075 2187 2076
f 2072 2077 2189
f 2077 2078 2190
f 2078 2079 2191
f 2079 2080 2192
f 2080 2081 2193
f 2081 2082 2194
f 2082 2083 2195
f 2084 2089 2085
f 2084 2086 2089
f 2086 2087 2089
f 2087 2088 2089
f 2088 2092 2089
f 2089 2092 2093
f 2089 2091 2090
f 2089 2093 2094
f 2089 2094 2095
f 2089 2095 2096
f 2089 2096 2097
f 2089 2097 2098
f 2089 2098 2128
f 2089 2102 2091
f 2091 2100 2099
f 2091 2102 2100
f 2100 2102 2101
f 2084 2085 2196
f 2084 2197 2086
f 2086 2198 2087
f 2087 2199 2088
f 2088 2200 2092
f 2089 2090 2202
f 2090 2091 2203
f 2092 2204 2093
f 2093 2205 2094
f 2094 2206 2095
f 2095 2207 2096
f 2096 2208 2097
f 2097 2209 2098
f 2098 2210 2128
f 2091 2099 2211
f 2099 2100 2212
f 2100 2101 2213
f 2101 2102 2214
f 2076 2103 2104
f 2065 2104 2158
f 2104 2105 2115
f 2104 2115 2117
f 2115 2116 2117
f 2104 2117 2158
f 2117 2118 2156
f 2065 2407 2112
f 2065 2158 2407
f 2076 2188 2103
f 2103 2215 2104
f 2104 2216 2105
f 2105 2217 2115
f 2083 2106 2218
f 2106 2107 2219
f 2107 2108 2220
f 2108 2109 2221
f 2109 2110 2222
f 2110 2111 2223
f 2111 2112 2224
f 2112 2113 2225
f 2113 2114 2226
f 2115 2227 2116
f 2116 2228 2117
f 2117 2229 2118
f 2114 2119 2231
f 2119 2120 2232
f 2120 2121 2233
f 2121 2122 2234
f 2122 2123 2235
f 2123 2124 2236
f 2124 2125 2237
f 2125 2126 2238
f 2126 2127 2239
f 2127 2149 2261
f 2089 2165 2102
f 2102 2138 2137
f 2102 2152 2138
f 2138 2152 2139
f 2089 2128 2407
f 2130 2131 2407
f 2131 2133 2407
f 2133 2134 2407
f 2128 2129 2407
f 2129 2130 2407
f 2089 2407 2165
f 2102 2165 2152
f 2152 2154 2153
f 2152 2165 2154
f 2154 2165 2155
f 2128 2240 2129
f 2129 2241 2130
f 2130 2242 2131
f 2131 2243 2133
f 2133 2245 2134
f 2134 2246 2135
f 2135 2247 2136
f 2132 2136 2248
f 2102 2137 2249
f 2137 2138 2250
f 2138 2139 2251
f 2132 2244 2140
f 2140 2252 2141
f 2141 2253 2142
f 2142 2254 2146
f 2144 2256 2151
f 2144 2145 2257
f 2143 2255 2145
f 2146 2258 2147
f 2147 2259 2148
f 2143 2148 2260
f 2149 2150 2262
f 2150 2151 2263
f 2139 2152 2264
f 2152 2153 2265
f 2153 2154 2266
f 2154 2155 2267
f 2117 2156 2158
f 2156 2157 2158
f 2112 2407 2113
f 2113 2407 2114
f 2114 2407 2119
f 2119 2407 2120
f 2120 2407 2121
f 2121 2407 2122
f 2122 2407 2123
f 2123 2407 2124
f 2124 2407 2125
f 2158 2159 2160
f 2158 2160 2162
f 2160 2161 2162
f 2158 2162 2395
f 2162 2163 2164
f 2162 2164 2395
f 2158 2395 2407
f 2118 2230 2156
f 2156 2268 2157
f 2157 2269 2158
f 2158 2270 2159
f 2159 2271 2160
f 2160 2272 2161
f 2161 2273 2162
f 2162 2274 2163
f 2163 2275 2164
f 2164 2276 2394
f 2134 2135 2407
f 2135 2136 2407
f 2132 2407 2136
f 2132 2140 2407
f 2143 2407 2148
f 2140 2141 2407
f 2141 2142 2407
f 2146 2147 2407
f 2142 2146 2407
f 2147 2148 2407
f 2125 2407 2126
f 2126 2407 2127
f 2127 2407 2149
f 2149 2407 2150
f 2150 2407 2151
f 2144 2407 2145
f 2144 2151 2407
f 2143 2145 2407
f 2165 2167 2166
f 2165 2172 2167
f 2167 2172 2168
f 2165 2407 2171
f 2169 2172 2171
f 2169 2171 2170
f 2165 2171 2172
f 2169 2173 2172
f 2155 2165 2277
f 2165 2166 2278
f 2166 2167 2279
f 2167 2168 2280
f 2169 2170 2282
f 2170 2171 2283
f 2168 2172 2284
f 2172 2173 2285
f 2169 2281 2173
f 2186 1549 2187
f 2187 1549 2188
f 2188 1549 2215
f 2215 1549 2216
f 2064 2174 2176
f 2062 2175 2174
f 2065 2176 2177
f 2066 2177 2178
f 2066 2178 2179
f 2069 2180 2181
f 2068 2182 2180
f 2070 2183 2182
f 2071 2184 2183
f 2072 2189 2184
f 2073 2179 2185
f 2074 2185 2186
f 2075 2186 2187
f 2076 2187 2188
f 2077 2190 2189
f 2078 2191 2190
f 2079 2192 2191
f 2080 2193 2192
f 2081 2194 2193
f 2082 2195 2194
f 2083 2218 2195
f 2176 2178 2177
f 2176 2179 2178
f 2180 2182 2181
f 2181 2182 2183
f 2181 2183 2184
f 2181 2184 2189
f 2181 2189 2190
f 2181 2190 2191
f 2181 2191 2192
f 2181 2192 2193
f 2181 2193 2194
f 2181 2194 2195
f 2181 2195 2218
f 2181 2218 2219
f 2181 2219 2220
f 2181 2220 2221
f 2181 2221 2222
f 2181 2222 2223
f 2181 2223 2224
f 2085 2181 2196
f 2084 2196 2197
f 2086 2197 2198
f 2087 2198 2199
f 2088 2199 2200
f 2089 2202 2201
f 2090 2203 2202
f 2091 2211 2203
f 2092 2200 2204
f 2093 2204 2205
f 2094 2205 2206
f 2095 2206 2207
f 2096 2207 2208
f 2097 2208 2209
f 2098 2209 2210
f 2099 2212 2211
f 2100 2213 2212
f 2101 2214 2213
f 2181 2197 2196
f 2181 2198 2197
f 2181 2199 2198
f 2181 2200 2199
f 2181 2204 2200
f 2181 2205 2204
f 2181 2206 2205
f 2181 2207 2206
f 2181 2208 2207
f 2181 2209 2208
f 2181 2210 2209
f 2181 2240 2210
f 2181 2241 2240
f 2181 2242 2241
f 2181 2243 2242
f 2181 2245 2243
f 2181 2246 2245
f 2181 2247 2246
f 2188 2215 2103
f 2104 2215 2216
f 2105 2216 2217
f 2106 2219 2218
f 2107 2220 2219
f 2108 2221 2220
f 2109 2222 2221
f 2110 2223 2222
f 2111 2224 2223
f 2112 2225 2224
f 2113 2226 2225
f 2115 2217 2227
f 2116 2227 2228
f 2117 2228 2229
f 2118 2229 2230
f 2114 2231 2226
f 2119 2232 2231
f 2120 2233 2232
f 2121 2234 2233
f 2122 2235 2234
f 2123 2236 2235
f 2124 2237 2236
f 2125 2238 2237
f 2126 2239 2238
f 2127 2261 2239
f 2181 2224 2225
f 2181 2225 2226
f 2181 2226 2231
f 2181 2231 2232
f 2181 2232 2233
f 2181 2233 2234
f 2181 2234 2235
f 2181 2235 2236
f 2181 2236 2237
f 2181 2237 2238
f 2181 2238 2239
f 2181 2256 2257
f 2181 2257 2255
f 2181 2255 2260
f 2181 2239 2261
f 2181 2261 2262
f 2181 2262 2263
f 2181 2263 2256
f 2210 2240 2128
f 2129 2240 2241
f 2130 2241 2242
f 2131 2242 2243
f 2133 2243 2245
f 2134 2245 2246
f 2135 2246 2247
f 2136 2247 2248
f 2132 2248 2244
f 2102 2249 2214
f 2137 2250 2249
f 2138 2251 2250
f 2139 2264 2251
f 2140 2244 2252
f 2141 2252 2253
f 2142 2253 2254
f 2151 2256 2263
f 2143 2260 2255
f 2144 2257 2256
f 2145 2255 2257
f 2146 2254 2258
f 2147 2258 2259
f 2148 2259 2260
f 2149 2262 2261
f 2150 2263 2262
f 2152 2265 2264
f 2153 2266 2265
f 2154 2267 2266
f 2181 2248 2247
f 2181 2253 2252
f 2181 2244 2248
f 2181 2252 2244
f 2181 2254 2253
f 2181 2258 2254
f 2181 2260 2259
f 2181 2259 2258
f 2156 2230 2268
f 2157 2268 2269
f 2158 2269 2270
f 2159 2270 2271
f 2160 2271 2272
f 2161 2272 2273
f 2162 2273 2274
f 2163 2274 2275
f 2164 2275 2276
f 2155 2277 2267
f 2165 2278 2277
f 2166 2279 2278
f 2167 2280 2279
f 2169 2282 2281
f 2170 2283 2282
f 2171 2419 2283
f 2168 2284 2280
f 2172 2285 2284
f 2173 2281 2285
f 2063 2089 2286
f 2089 2287 2286
f 2063 2286 2175
f 2286 2287 2289
f 2089 2289 2287
f 655 2430 2428
f 2175 2286 2288
f 2286 2289 2288
f 2089 2201 2289
f 2201 2202 2289
f 2202 2203 2289
f 2203 2211 2289
f 2211 2212 2289
f 2212 2213 2289
f 2213 2214 2289
f 2214 2249 2289
f 2249 2250 2289
f 2250 2251 2289
f 1242 1246 2430
f 1246 1247 2430
f 1247 1262 2430
f 1262 1263 2430
f 1263 1268 2430
f 1268 1269 2430
f 1269 2017 2430
f 2017 2018 2430
f 2018 2021 2430
f 2021 2022 2430
f 2022 2031 2430
f 2029 2430 2031
f 2029 2030 2430
f 2030 2032 2430
f 2251 2264 2289
f 2264 2265 2289
f 2032 2033 2430
f 2033 2034 2430
f 2034 2288 2430
f 2380 1689 1688
f 2382 1691 1690
f 2381 1690 1722
f 2384 1693 1692
f 2383 1692 1725
f 2389 1721 1689
f 2390 1722 1721
f 2391 1723 1691
f 2392 1725 1723
f 1726 2385 1727
f 2393 1726 1693
f 2291 2386 2290
f 2290 2386 2292
f 2292 2386 2293
f 2293 2386 2294
f 2294 2386 2295
f 2295 2386 2296
f 2296 2386 2297
f 2297 2386 2298
f 2298 2386 2299
f 2299 2386 2310
f 2310 2386 2311
f 2311 2386 2312
f 2312 2386 2344
f 2344 2386 2345
f 2345 2386 2346
f 2393 2385 1726
f 2346 2386 2347
f 2347 2386 2354
f 2216 2321 2322
f 2216 2322 2323
f 2216 2323 2324
f 2216 2324 2325
f 2216 2325 2326
f 2216 2352 2353
f 2216 2326 2327
f 2216 2327 2328
f 2216 2328 2329
f 2216 2329 2350
f 2216 2350 2351
f 2216 2351 2352
f 2216 2353 2348
f 2216 2348 2349
f 2216 2349 2360
f 2216 2360 2361
f 2216 2361 2359
f 2216 2359 2386
f 2216 2393 2217
f 2217 2393 2227
f 2227 2393 2228
f 2228 2393 2229
f 2229 2393 2230
f 2230 2393 2268
f 2268 2393 2269
f 2269 2393 2270
f 2270 2393 2271
f 2354 2386 2355
f 2355 2386 2356
f 2356 2386 2357
f 2357 2386 2358
f 2358 2386 2359
f 2216 2386 2393
f 2271 2393 2272
f 2272 2393 2273
f 2273 2393 2274
f 2274 2393 2275
f 2275 2393 2276
f 2276 2393 2411
f 2393 2412 2411
f 1344 2380 1688
f 2380 2389 1689
f 2381 2382 1690
f 2382 2391 1691
f 2383 2384 1692
f 2384 2393 1693
f 2380 2381 2390
f 2382 2383 2392
f 1340 2429 1341
f 2389 2390 1721
f 2381 1722 2390
f 2391 2392 1723
f 2383 1725 2392
f 2393 2386 2385
f 2380 2390 2389
f 2382 2392 2391
f 1341 2429 1342
f 1342 2429 1343
f 1343 2429 1344
f 1344 2429 2380
f 2380 2429 2381
f 2381 2429 2382
f 2382 2429 2383
f 2383 2429 2384
f 2384 2430 2393
f 1351 2428 2429
f 2164 2394 2395
f 2395 2396 2397
f 2395 2397 2399
f 2395 2399 2407
f 2397 2398 2399
f 2399 2400 2405
f 2394 2411 2395
f 2395 2412 2396
f 2396 2413 2397
f 2397 2414 2398
f 2398 2415 2399
f 2399 2416 2400
f 2400 2417 2405
f 2171 2404 2401
f 2171 2401 2402
f 2171 2407 2404
f 2401 2404 2403
f 2399 2405 2407
f 2405 2406 2407
f 2404 2407 2408
f 2404 2408 2409
f 2407 2410 2408
f 2401 2418 2402
f 2171 2402 2419
f 2401 2403 2420
f 2403 2404 2421
f 2405 2422 2406
f 2406 2423 2407
f 2407 2424 2410
f 2404 2409 2426
f 2408 2425 2409
f 2408 2410 2427
f 2276 2411 2394
f 2395 2411 2412
f 2396 2412 2413
f 2397 2413 2414
f 2398 2414 2415
f 2399 2415 2416
f 2400 2416 2417
f 2405 2417 2422
f 2402 2418 2419
f 2401 2420 2418
f 2403 2421 2420
f 2404 2426 2421
f 2406 2422 2423
f 2407 2423 2424
f 2408 2427 2425
f 2409 2425 2426
f 2410 2424 2427
f 2393 2413 2412
f 2393 2414 2413
f 2393 2415 2414
f 2393 2416 2415
f 2393 2417 2416
f 2393 2422 2417
f 2393 2423 2422
f 2277 2278 2430
f 2278 2279 2430
f 2279 2280 2430
f 2265 2430 2289
f 2265 2266 2430
f 2266 2267 2430
f 2267 2277 2430
f 2288 2289 2430
f 2280 2284 2430
f 2284 2285 2430
f 2281 2430 2285
f 2281 2282 2430
f 2282 2283 2430
f 2283 2419 2430
f 2418 2430 2419
f 2418 2420 2430
f 2420 2421 2430
f 2425 2427 2430
f 2421 2426 2430
f 2425 2430 2426
f 2423 2430 2424
f 2424 2430 2427
f 2384 2429 2430
f 2393 2430 2423
f 2428 2430 2429
f 22 7 8
f 23 8 9
f 26 9 12
f 24 11 10
f 29 12 15
f 25 13 11
f 27 14 13
f 30 15 16
f 28 17 14
f 31 18 17
f 60 10 48
f 19 7 22
f 19 22 23
f 19 25 24
f 19 27 25
f 19 60 20
f 20 60 21
f 19 24 60
f 22 8 23
f 23 9 26
f 24 25 11
f 26 12 29
f 25 27 13
f 27 28 14
f 29 15 30
f 28 31 17
f 31 32 18
f 19 32 31
f 19 28 27
f 19 31 28
f 19 131 32
f 19 132 131
f 19 23 144
f 23 26 29
f 19 134 132
f 19 137 134
f 19 138 137
f 23 29 130
f 19 139 138
f 29 30 130
f 19 140 139
f 19 143 140
f 24 10 60
f 40 41 58
f 59 39 38
f 59 38 47
f 59 41 39
f 70 58 41
f 19 47 7
f 19 20 47
f 20 21 47
f 21 59 47
f 61 48 49
f 62 53 50
f 63 49 51
f 64 51 52
f 65 56 53
f 66 52 54
f 67 54 55
f 68 57 56
f 62 50 58
f 21 60 62
f 21 62 59
f 60 48 61
f 62 65 53
f 61 49 63
f 63 51 64
f 64 52 66
f 66 54 67
f 65 68 56
f 68 69 57
f 60 61 62
f 61 63 62
f 62 63 64
f 62 68 65
f 62 256 68
f 68 256 69
f 59 70 41
f 62 70 59
f 62 58 70
f 130 16 71
f 32 72 18
f 131 73 72
f 133 71 74
f 132 75 73
f 134 78 75
f 135 77 76
f 136 74 77
f 137 79 78
f 138 80 79
f 139 81 80
f 140 84 81
f 141 76 82
f 142 82 83
f 143 85 84
f 144 86 85
f 145 87 86
f 146 89 87
f 147 83 88
f 150 88 91
f 148 90 89
f 149 92 90
f 157 91 98
f 151 93 92
f 152 94 93
f 153 103 94
f 154 239 95
f 155 95 96
f 156 96 97
f 30 16 130
f 32 131 72
f 131 132 73
f 130 71 133
f 132 134 75
f 134 137 78
f 136 77 135
f 135 76 141
f 133 74 136
f 137 138 79
f 138 139 80
f 139 140 81
f 23 130 141
f 19 144 143
f 130 133 136
f 136 135 141
f 130 136 141
f 23 145 144
f 141 82 142
f 142 83 147
f 140 143 84
f 143 144 85
f 144 145 86
f 145 146 87
f 147 88 150
f 146 148 89
f 148 149 90
f 150 91 157
f 141 142 147
f 23 141 161
f 23 161 145
f 141 147 157
f 147 150 157
f 145 161 146
f 146 161 148
f 149 151 92
f 151 152 93
f 152 153 94
f 154 271 239
f 154 95 155
f 155 96 156
f 174 156 97
f 158 98 99
f 159 99 100
f 160 100 101
f 161 101 102
f 162 104 103
f 163 105 104
f 164 106 105
f 165 107 106
f 166 108 107
f 167 109 108
f 168 110 109
f 169 111 110
f 170 112 111
f 171 113 112
f 173 115 114
f 174 97 115
f 175 114 116
f 176 116 117
f 178 118 119
f 172 121 113
f 180 122 121
f 181 120 122
f 179 123 120
f 182 119 123
f 177 117 118
f 183 102 124
f 184 124 125
f 185 125 126
f 186 126 127
f 187 127 128
f 188 128 129
f 157 98 158
f 158 99 159
f 159 100 160
f 160 101 161
f 161 102 183
f 141 157 161
f 157 158 159
f 148 161 149
f 149 161 151
f 151 161 152
f 152 161 153
f 157 159 161
f 153 161 162
f 162 161 163
f 163 161 164
f 159 160 161
f 153 162 103
f 162 163 104
f 163 164 105
f 164 165 106
f 165 166 107
f 166 167 108
f 167 168 109
f 168 169 110
f 169 170 111
f 170 171 112
f 171 172 113
f 174 115 173
f 175 173 114
f 176 175 116
f 177 118 178
f 182 178 119
f 181 179 120
f 172 180 121
f 181 122 180
f 179 182 123
f 176 117 177
f 164 161 165
f 165 161 166
f 176 177 278
f 166 161 167
f 167 161 168
f 168 161 169
f 169 161 170
f 170 161 171
f 171 161 172
f 172 161 180
f 181 180 161
f 181 161 278
f 182 278 178
f 177 178 278
f 181 278 179
f 179 278 182
f 183 124 184
f 184 125 185
f 185 126 186
f 186 127 187
f 187 128 188
f 188 129 205
f 161 183 184
f 161 184 186
f 184 185 186
f 161 186 206
f 186 187 188
f 186 188 206
f 161 218 278
f 161 206 218
f 205 129 189
f 206 189 190
f 207 190 191
f 208 191 192
f 209 192 193
f 212 193 196
f 292 194 287
f 211 204 195
f 210 195 194
f 213 196 197
f 214 197 198
f 215 198 199
f 216 203 200
f 217 200 201
f 218 199 202
f 219 202 203
f 220 201 204
f 205 189 206
f 188 205 206
f 206 190 207
f 207 191 208
f 208 192 209
f 209 193 212
f 210 194 292
f 220 204 211
f 210 211 195
f 212 196 213
f 213 197 214
f 214 198 215
f 215 199 218
f 216 219 203
f 216 200 217
f 218 202 219
f 217 201 220
f 206 207 208
f 206 208 212
f 208 209 212
f 206 212 218
f 291 220 210
f 291 218 220
f 220 211 210
f 212 213 214
f 212 214 218
f 214 215 218
f 216 220 218
f 216 217 220
f 216 218 219
f 253 55 221
f 254 221 222
f 255 222 223
f 258 223 226
f 69 224 57
f 256 225 224
f 259 226 227
f 260 227 228
f 261 228 229
f 257 230 225
f 262 231 230
f 263 236 231
f 264 229 232
f 265 232 233
f 266 233 234
f 267 234 235
f 268 237 236
f 269 240 237
f 270 235 238
f 271 238 239
f 272 241 240
f 273 242 241
f 67 55 253
f 253 221 254
f 254 222 255
f 255 223 258
f 69 256 224
f 256 257 225
f 258 226 259
f 259 227 260
f 260 228 261
f 261 229 264
f 257 262 230
f 262 263 231
f 62 268 256
f 256 262 257
f 62 64 278
f 64 66 278
f 66 67 278
f 67 253 278
f 256 268 262
f 262 268 263
f 264 232 265
f 265 233 266
f 266 234 267
f 267 235 270
f 263 268 236
f 268 269 237
f 270 238 271
f 269 272 240
f 272 273 241
f 273 274 242
f 253 254 278
f 254 255 278
f 255 258 278
f 258 259 278
f 259 260 278
f 62 278 268
f 268 272 269
f 260 261 278
f 261 264 278
f 264 265 278
f 265 266 278
f 266 267 278
f 267 270 278
f 268 274 272
f 272 274 273
f 274 243 242
f 275 244 243
f 277 246 245
f 278 247 246
f 276 245 244
f 279 248 247
f 280 249 248
f 281 250 249
f 282 251 250
f 283 252 251
f 284 285 252
f 274 275 243
f 275 276 244
f 276 277 245
f 277 278 246
f 270 271 278
f 154 278 271
f 155 156 278
f 154 155 278
f 174 278 156
f 174 173 278
f 175 278 173
f 176 278 175
f 268 278 274
f 274 276 275
f 274 278 276
f 276 278 277
f 278 279 247
f 279 280 248
f 280 281 249
f 282 250 281
f 282 283 251
f 283 284 252
f 278 280 279
f 278 282 280
f 280 282 281
f 278 291 282
f 282 284 283
f 278 218 291
f 291 284 282
f 290 286 285
f 291 287 286
f 290 285 284
f 291 286 290
f 291 292 287
f 291 290 284
f 291 210 292
f 293 289 288
f 293 294 289
f 319 307 295
f 320 295 296
f 321 298 297
f 322 303 298
f 323 302 299
f 325 299 301
f 324 301 300
f 326 297 302
f 327 304 303
f 328 305 304
f 329 306 305
f 330 308 306
f 331 300 307
f 332 309 308
f 333 310 309
f 334 376 310
f 319 295 320
f 320 296 335
f 331 319 320
f 325 320 338
f 321 322 298
f 322 327 303
f 325 323 299
f 325 301 324
f 323 326 302
f 326 321 297
f 327 328 304
f 328 329 305
f 329 330 306
f 324 300 331
f 331 307 319
f 330 332 308
f 332 333 309
f 333 334 310
f 334 385 376
f 325 326 323
f 325 324 331
f 325 322 326
f 326 322 321
f 325 330 322
f 322 328 327
f 322 330 328
f 328 330 329
f 325 331 320
f 325 338 330
f 330 333 332
f 330 385 333
f 333 385 334
f 335 296 311
f 336 311 312
f 337 312 313
f 338 313 314
f 339 314 315
f 340 315 316
f 341 316 317
f 342 317 318
f 356 318 343
f 336 335 311
f 336 312 337
f 337 313 338
f 338 314 339
f 336 320 335
f 336 338 320
f 336 337 338
f 338 339 340
f 339 315 340
f 340 316 341
f 341 317 342
f 342 318 356
f 338 340 342
f 340 341 342
f 338 342 359
f 330 338 367
f 357 343 344
f 358 344 345
f 359 345 346
f 360 346 347
f 361 347 348
f 362 348 349
f 356 343 357
f 357 344 358
f 358 345 359
f 342 356 357
f 342 357 359
f 357 358 359
f 359 346 360
f 360 347 361
f 361 348 362
f 338 359 367
f 359 360 361
f 359 361 363
f 361 362 363
f 363 349 350
f 364 350 351
f 365 351 352
f 366 352 353
f 367 353 354
f 368 354 355
f 362 349 363
f 363 350 364
f 364 351 365
f 359 363 367
f 363 364 365
f 363 365 367
f 330 367 548
f 365 352 366
f 366 353 367
f 367 354 368
f 365 366 367
f 367 368 533
f 663 414 370
f 293 288 405
f 385 377 376
f 386 378 377
f 387 379 378
f 388 380 379
f 389 381 380
f 405 288 401
f 294 570 289
f 390 382 381
f 391 383 382
f 392 384 383
f 393 398 384
f 385 386 377
f 386 387 378
f 387 388 379
f 388 389 380
f 389 390 381
f 330 389 385
f 385 387 386
f 385 389 387
f 293 577 294
f 387 389 388
f 390 391 382
f 391 392 383
f 392 393 384
f 330 405 389
f 389 391 390
f 389 393 391
f 391 393 392
f 389 405 393
f 675 369 395
f 396 395 394
f 460 394 406
f 396 397 395
f 397 675 395
f 396 394 460
f 396 460 461
f 396 724 397
f 396 466 465
f 396 465 724
f 396 467 466
f 396 468 467
f 396 469 468
f 402 399 398
f 403 400 399
f 404 401 400
f 393 402 398
f 402 403 399
f 403 404 400
f 404 405 401
f 393 403 402
f 393 405 403
f 293 405 577
f 403 405 404
f 330 548 405
f 294 577 570
f 512 670 373
f 510 372 371
f 511 373 372
f 515 375 374
f 515 371 375
f 515 374 458
f 461 406 407
f 462 407 408
f 463 408 409
f 464 409 410
f 472 410 419
f 465 412 411
f 466 413 412
f 467 415 413
f 724 411 414
f 468 416 415
f 469 417 416
f 470 418 417
f 471 424 418
f 473 419 420
f 474 420 421
f 475 421 422
f 476 422 423
f 477 425 424
f 478 426 425
f 479 427 426
f 480 428 427
f 481 429 428
f 482 430 429
f 483 431 430
f 460 406 461
f 461 407 462
f 462 408 463
f 463 409 464
f 464 410 472
f 396 461 484
f 461 462 463
f 461 463 472
f 463 464 472
f 465 466 412
f 466 467 413
f 467 468 415
f 465 411 724
f 468 469 416
f 469 470 417
f 471 418 470
f 396 470 469
f 396 471 470
f 396 477 471
f 396 478 477
f 396 479 478
f 396 480 479
f 396 481 480
f 396 482 481
f 396 483 482
f 396 484 483
f 472 419 473
f 473 420 474
f 474 421 475
f 475 422 476
f 476 423 485
f 461 472 476
f 472 473 474
f 472 474 476
f 474 475 476
f 461 476 502
f 471 477 424
f 477 478 425
f 478 479 426
f 479 480 427
f 480 481 428
f 481 482 429
f 482 483 430
f 483 484 431
f 461 489 484
f 461 502 489
f 485 423 432
f 486 432 433
f 487 433 434
f 488 434 435
f 499 435 446
f 484 436 431
f 489 437 436
f 490 438 437
f 491 439 438
f 492 440 439
f 493 441 440
f 494 442 441
f 495 443 442
f 496 444 443
f 497 445 444
f 500 446 447
f 501 447 448
f 502 448 449
f 503 449 450
f 498 451 445
f 504 452 451
f 505 453 452
f 506 454 453
f 507 455 454
f 508 456 455
f 509 457 456
f 513 459 457
f 514 458 459
f 511 372 510
f 511 512 373
f 515 510 371
f 485 432 486
f 486 433 487
f 487 434 488
f 488 435 499
f 476 485 486
f 476 486 488
f 486 487 488
f 476 488 502
f 484 489 436
f 489 490 437
f 490 491 438
f 491 492 439
f 492 493 440
f 493 494 441
f 494 495 442
f 495 496 443
f 496 497 444
f 497 498 445
f 489 502 490
f 490 502 491
f 491 502 492
f 492 502 493
f 493 502 494
f 499 446 500
f 500 447 501
f 501 448 502
f 502 449 503
f 488 499 500
f 488 500 502
f 500 501 502
f 502 503 601
f 498 504 451
f 504 505 452
f 505 506 453
f 506 507 454
f 507 508 455
f 508 509 456
f 509 513 457
f 513 514 459
f 514 515 458
f 503 450 601
f 494 502 495
f 495 502 496
f 496 502 497
f 497 502 498
f 498 502 504
f 504 502 505
f 505 502 506
f 506 502 507
f 507 502 508
f 508 502 509
f 502 513 509
f 502 514 513
f 502 515 514
f 502 510 515
f 502 769 510
f 533 355 516
f 534 516 517
f 535 517 518
f 536 518 519
f 537 519 520
f 538 520 521
f 539 521 522
f 368 355 533
f 533 516 534
f 534 517 535
f 367 533 535
f 533 534 535
f 367 535 539
f 535 518 536
f 536 519 537
f 537 520 538
f 535 536 537
f 535 537 539
f 538 521 539
f 537 538 539
f 367 539 548
f 540 522 523
f 541 523 524
f 542 524 525
f 543 525 526
f 544 526 527
f 545 527 528
f 546 528 529
f 547 529 530
f 548 530 531
f 549 531 532
f 539 522 540
f 540 523 541
f 541 524 542
f 542 525 543
f 543 526 544
f 539 540 541
f 539 541 543
f 541 542 543
f 539 543 548
f 543 544 545
f 544 527 545
f 545 528 546
f 546 529 547
f 547 530 548
f 548 531 549
f 543 545 548
f 545 546 547
f 545 547 548
f 550 572 551
f 575 552 553
f 554 581 555
f 556 557 596
f 598 559 560
f 561 624 562
f 625 563 564
f 565 632 566
f 633 567 568
f 550 571 572
f 575 553 576
f 577 571 570
f 405 579 577
f 405 548 579
f 577 572 571
f 577 580 572
f 578 532 573
f 579 574 575
f 549 532 578
f 548 549 578
f 548 578 579
f 579 575 576
f 577 579 617
f 579 576 618
f 554 580 581
f 616 557 558
f 803 558 774
f 615 596 557
f 598 560 599
f 577 617 580
f 601 450 582
f 602 582 583
f 603 583 584
f 604 584 585
f 605 585 586
f 606 586 587
f 607 587 588
f 617 581 580
f 617 597 581
f 608 588 589
f 609 589 590
f 610 590 591
f 611 591 592
f 612 592 593
f 613 593 594
f 614 594 595
f 615 595 596
f 615 557 616
f 803 616 558
f 601 582 602
f 602 583 603
f 603 584 604
f 604 585 605
f 605 586 606
f 606 587 607
f 502 601 603
f 601 602 603
f 502 603 607
f 502 615 769
f 603 604 605
f 603 605 607
f 502 607 615
f 605 606 607
f 607 588 608
f 608 589 609
f 609 590 610
f 610 591 611
f 611 592 612
f 612 593 613
f 613 594 614
f 614 595 615
f 607 608 609
f 607 609 611
f 609 610 611
f 607 611 615
f 611 612 613
f 611 613 615
f 613 614 615
f 803 615 616
f 803 802 615
f 618 576 598
f 579 618 617
f 617 600 597
f 618 598 599
f 618 599 600
f 617 618 600
f 561 623 624
f 625 564 626
f 579 621 574
f 627 573 619
f 578 573 627
f 578 629 579
f 578 627 629
f 579 629 621
f 629 619 621
f 628 623 620
f 628 620 622
f 630 622 625
f 627 619 629
f 628 622 630
f 628 624 623
f 628 631 624
f 630 625 626
f 628 630 814
f 630 626 638
f 631 632 565
f 633 568 634
f 814 775 569
f 814 569 635
f 638 626 633
f 628 814 631
f 814 630 815
f 815 630 816
f 816 630 638
f 814 632 631
f 814 635 632
f 638 633 634
f 638 634 636
f 1287 637 1274
f 639 636 637
f 639 638 636
f 639 637 1287
f 639 1287 638
f 671 660 369
f 661 672 662
f 665 702 664
f 716 666 667
f 675 671 369
f 673 662 672
f 675 672 671
f 397 724 675
f 675 724 727
f 675 727 676
f 676 673 672
f 676 674 673
f 676 704 674
f 675 676 672
f 727 748 676
f 676 748 704
f 414 663 677
f 702 665 703
f 763 667 668
f 764 668 669
f 765 669 670
f 760 716 667
f 724 414 677
f 724 677 678
f 725 678 679
f 726 679 680
f 729 680 683
f 727 682 681
f 728 687 682
f 730 683 684
f 731 684 685
f 732 685 686
f 733 688 687
f 734 693 688
f 727 681 702
f 735 686 689
f 736 689 690
f 737 690 691
f 738 691 692
f 739 694 693
f 740 695 694
f 742 692 696
f 743 696 697
f 744 697 698
f 745 698 699
f 741 700 695
f 746 701 700
f 747 709 701
f 724 678 725
f 725 679 726
f 726 680 729
f 727 728 682
f 729 683 730
f 730 684 731
f 731 685 732
f 732 686 735
f 728 733 687
f 733 734 688
f 734 739 693
f 724 725 727
f 725 726 727
f 726 729 727
f 727 733 728
f 727 739 733
f 733 739 734
f 735 689 736
f 736 690 737
f 737 691 738
f 739 740 694
f 740 741 695
f 738 692 742
f 742 696 743
f 743 697 744
f 744 698 745
f 741 746 700
f 746 747 701
f 727 747 739
f 739 741 740
f 729 769 727
f 739 747 741
f 729 730 769
f 730 731 769
f 741 747 746
f 731 732 769
f 732 735 769
f 735 736 769
f 727 769 747
f 748 702 703
f 748 703 704
f 727 702 748
f 749 699 705
f 750 705 706
f 751 706 707
f 752 707 708
f 753 710 709
f 754 717 710
f 755 713 711
f 756 708 712
f 757 712 713
f 758 711 714
f 759 714 715
f 760 715 716
f 761 718 717
f 762 719 718
f 760 667 763
f 764 669 765
f 763 668 764
f 512 765 670
f 766 720 719
f 767 721 720
f 768 722 721
f 769 723 722
f 770 780 723
f 745 699 749
f 749 705 750
f 751 750 706
f 751 707 752
f 752 708 756
f 747 753 709
f 753 754 710
f 756 712 757
f 755 757 713
f 755 711 758
f 759 758 714
f 759 715 760
f 754 761 717
f 761 762 718
f 762 766 719
f 736 737 769
f 737 738 769
f 738 742 769
f 747 754 753
f 742 743 769
f 743 744 769
f 747 762 754
f 751 769 750
f 751 752 769
f 752 756 769
f 756 757 769
f 744 745 769
f 745 749 769
f 749 750 769
f 754 762 761
f 747 769 762
f 766 767 720
f 767 768 721
f 768 769 722
f 769 770 723
f 755 769 757
f 755 758 769
f 760 763 769
f 759 760 769
f 759 769 758
f 511 769 512
f 511 510 769
f 763 764 769
f 512 769 765
f 764 765 769
f 762 767 766
f 762 769 767
f 767 769 768
f 769 791 770
f 805 779 778
f 802 771 773
f 802 773 772
f 800 774 771
f 802 772 789
f 791 781 780
f 792 782 781
f 793 785 782
f 797 783 786
f 794 784 783
f 796 786 785
f 799 790 788
f 795 787 784
f 798 788 787
f 801 789 790
f 800 771 802
f 803 774 800
f 770 791 780
f 792 781 791
f 792 793 782
f 797 794 783
f 795 784 794
f 793 796 785
f 797 786 796
f 769 793 791
f 792 791 793
f 769 795 793
f 769 615 795
f 797 793 795
f 797 795 794
f 797 796 793
f 799 801 790
f 798 787 795
f 799 788 798
f 802 789 801
f 615 802 795
f 802 801 799
f 799 798 795
f 802 799 795
f 803 800 802
f 814 776 775
f 815 777 776
f 816 778 777
f 817 805 778
f 817 806 805
f 814 815 776
f 815 816 777
f 816 817 778
f 818 807 806
f 819 808 807
f 820 809 808
f 821 810 809
f 822 811 810
f 823 812 811
f 824 813 812
f 825 1353 813
f 817 818 806
f 818 819 807
f 819 820 808
f 820 821 809
f 816 818 817
f 816 820 818
f 818 820 819
f 816 824 820
f 820 822 821
f 821 822 810
f 822 823 811
f 823 824 812
f 824 825 813
f 820 824 822
f 822 824 823
f 824 1366 825
f 816 1372 824
f 827 829 826
f 827 828 829
f 828 830 829
f 830 831 829
f 1288 1274 1275
f 1289 1275 1276
f 1290 1276 1277
f 1291 1277 1278
f 1292 1278 1279
f 1293 1279 1280
f 1287 1274 1288
f 1288 1275 1289
f 1289 1276 1290
f 1290 1277 1291
f 638 1287 1289
f 1287 1288 1289
f 638 1289 1293
f 1289 1290 1291
f 816 638 1318
f 1291 1278 1292
f 1292 1279 1293
f 1293 1280 1294
f 1289 1291 1293
f 1291 1292 1293
f 638 1293 1318
f 1294 1280 1281
f 1295 1281 1282
f 1296 1282 1283
f 1297 1283 1284
f 1298 1284 1285
f 1299 1285 1286
f 1294 1281 1295
f 1295 1282 1296
f 1296 1283 1297
f 1293 1294 1295
f 1293 1295 1297
f 1295 1296 1297
f 1297 1284 1298
f 1298 1285 1299
f 1299 1286 1317
f 1293 1297 1318
f 1297 1298 1299
f 1297 1299 1318
f 1317 1286 1300
f 1318 1300 1301
f 1319 1301 1302
f 1320 1302 1303
f 1321 1303 1304
f 1322 1304 1305
f 1323 1305 1306
f 1317 1300 1318
f 1299 1317 1318
f 1318 1301 1319
f 1319 1302 1320
f 1318 1319 1320
f 1320 1303 1321
f 1321 1304 1322
f 1322 1305 1323
f 1318 1320 1322
f 1320 1321 1322
f 1318 1322 1326
f 1324 1306 1307
f 1325 1307 1308
f 1326 1308 1309
f 1327 1309 1310
f 1328 1310 1311
f 1329 1311 1312
f 1330 1312 1313
f 1331 1313 1314
f 1332 1314 1315
f 1335 1315 1316
f 1323 1306 1324
f 1324 1307 1325
f 1325 1308 1326
f 1326 1309 1327
f 1322 1323 1324
f 1322 1324 1326
f 1318 1326 1336
f 1324 1325 1326
f 1318 1336 1490
f 1327 1310 1328
f 1328 1311 1329
f 1329 1312 1330
f 1330 1313 1331
f 1331 1314 1332
f 1332 1315 1335
f 1326 1327 1328
f 1326 1328 1330
f 1328 1329 1330
f 1326 1330 1336
f 1330 1331 1332
f 1330 1332 1336
f 1273 1333 1316
f 1336 1333 1334
f 1335 1316 1333
f 1335 1333 1336
f 1336 1334 1705
f 1332 1335 1336
f 1366 1354 1353
f 1367 1355 1354
f 1368 1356 1355
f 1369 1357 1356
f 1370 1358 1357
f 1371 1359 1358
f 825 1366 1353
f 1366 1367 1354
f 1367 1368 1355
f 1368 1369 1356
f 824 1368 1366
f 1366 1368 1367
f 824 1372 1368
f 1368 1370 1369
f 1369 1370 1357
f 1370 1371 1358
f 1371 1372 1359
f 1368 1372 1370
f 1370 1372 1371
f 1372 1360 1359
f 1373 1361 1360
f 1374 1362 1361
f 1375 1363 1362
f 1376 1364 1363
f 1377 1365 1364
f 816 1490 1372
f 1372 1373 1360
f 1373 1374 1361
f 1374 1375 1362
f 1372 1374 1373
f 1372 1376 1374
f 1374 1376 1375
f 816 1318 1490
f 1375 1376 1363
f 1376 1377 1364
f 1377 1378 1365
f 1372 1484 1376
f 1376 1378 1377
f 1376 1484 1378
f 1423 826 1379
f 1424 1379 1380
f 1425 1384 1381
f 1426 1380 1382
f 1427 1382 1383
f 1428 1385 1384
f 1429 1386 1385
f 1430 1387 1386
f 1431 1392 1387
f 1432 1383 1388
f 1433 1388 1389
f 1438 1389 1394
f 1434 1391 1390
f 1436 1393 1392
f 1437 1390 1393
f 827 826 1423
f 1423 1379 1424
f 1425 1381 1579
f 827 1423 1424
f 827 1579 828
f 827 1425 1579
f 827 1428 1425
f 827 1429 1428
f 827 1430 1429
f 827 1431 1430
f 827 1436 1431
f 827 1437 1436
f 1426 1382 1427
f 1424 1380 1426
f 1432 1427 1383
f 1425 1428 1384
f 1428 1429 1385
f 1430 1386 1429
f 1430 1431 1387
f 1432 1388 1433
f 1433 1389 1438
f 1437 1434 1390
f 1434 1435 1391
f 1431 1436 1392
f 1436 1437 1393
f 1424 1426 1427
f 827 1424 1448
f 827 1434 1437
f 827 1435 1434
f 827 1439 1435
f 1433 1424 1427
f 827 1442 1439
f 827 1443 1442
f 827 1446 1443
f 1432 1433 1427
f 827 1447 1446
f 827 1448 1447
f 1433 1444 1424
f 1440 1394 1396
f 1435 1395 1391
f 1439 1398 1395
f 1441 1396 1397
f 1442 1399 1398
f 1443 1402 1399
f 1444 1397 1400
f 1445 1400 1401
f 1446 1403 1402
f 1447 1404 1403
f 1448 1405 1404
f 1449 1408 1405
f 1450 1401 1406
f 1451 1406 1407
f 1452 1409 1408
f 1453 1410 1409
f 1454 1411 1410
f 1455 1412 1411
f 1456 1415 1412
f 1457 1407 1413
f 1458 1413 1414
f 1517 1414 1499
f 1459 1416 1415
f 1460 1417 1416
f 1461 1418 1417
f 1462 1419 1418
f 1463 1420 1419
f 1464 1421 1420
f 1465 1422 1421
f 1438 1394 1440
f 1435 1439 1395
f 1440 1396 1441
f 1439 1442 1398
f 1442 1443 1399
f 1443 1446 1402
f 1441 1397 1444
f 1444 1400 1445
f 1446 1447 1403
f 1447 1448 1404
f 1448 1449 1405
f 1449 1452 1408
f 1433 1438 1440
f 1424 1449 1448
f 1433 1440 1444
f 1440 1441 1444
f 1424 1444 1519
f 1444 1445 1450
f 1424 1519 1449
f 1445 1401 1450
f 1450 1406 1451
f 1451 1407 1457
f 1452 1453 1409
f 1453 1454 1410
f 1454 1455 1411
f 1455 1456 1412
f 1457 1413 1458
f 1458 1414 1517
f 1456 1459 1415
f 1459 1460 1416
f 1460 1461 1417
f 1461 1462 1418
f 1462 1463 1419
f 1463 1464 1420
f 1464 1465 1421
f 1465 1466 1422
f 1444 1450 1457
f 1450 1451 1457
f 1449 1519 1452
f 1444 1457 1519
f 1452 1519 1453
f 1457 1458 1517
f 1453 1519 1454
f 1454 1519 1455
f 1455 1519 1456
f 1456 1519 1459
f 1459 1519 1460
f 1460 1519 1461
f 1461 1519 1462
f 1378 1467 1365
f 1483 1468 1467
f 1484 1469 1468
f 1485 1470 1469
f 1486 1471 1470
f 1487 1472 1471
f 1488 1475 1472
f 1378 1483 1467
f 1483 1484 1468
f 1484 1485 1469
f 1378 1484 1483
f 1372 1490 1484
f 1484 1486 1485
f 1485 1486 1470
f 1486 1487 1471
f 1487 1488 1472
f 1484 1488 1486
f 1486 1488 1487
f 1484 1490 1488
f 1489 1474 1473
f 1490 1477 1474
f 1491 1476 1475
f 1492 1473 1476
f 1493 1478 1477
f 1494 1479 1478
f 1495 1480 1479
f 1496 1481 1480
f 1497 1482 1481
f 1492 1489 1473
f 1489 1490 1474
f 1492 1490 1489
f 1488 1491 1475
f 1491 1492 1476
f 1488 1492 1491
f 1488 1490 1492
f 1490 1493 1477
f 1493 1494 1478
f 1495 1479 1494
f 1495 1496 1480
f 1496 1497 1481
f 1498 1482 1497
f 1490 1494 1493
f 1490 1496 1494
f 1490 1336 1713
f 1490 1713 1496
f 1495 1494 1496
f 1496 1498 1497
f 1496 1713 1498
f 1518 1499 1500
f 1519 1500 1501
f 1466 1623 1422
f 1520 1501 1502
f 1521 1502 1503
f 1522 1503 1504
f 1523 1504 1505
f 1524 1505 1506
f 1525 1506 1507
f 1526 1507 1508
f 1527 1508 1509
f 1528 1509 1510
f 1529 1510 1511
f 1517 1499 1518
f 1518 1500 1519
f 1466 1651 1623
f 1519 1501 1520
f 1520 1502 1521
f 1521 1503 1522
f 1457 1517 1519
f 1517 1518 1519
f 1462 1519 1463
f 1519 1464 1463
f 1519 1465 1464
f 1519 1466 1465
f 1519 1651 1466
f 1519 1652 1651
f 1519 1653 1652
f 1519 1656 1653
f 1519 1654 1656
f 1519 1655 1654
f 1519 1520 1521
f 1519 1521 1523
f 1522 1504 1523
f 1523 1505 1524
f 1524 1506 1525
f 1525 1507 1526
f 1526 1508 1527
f 1527 1509 1528
f 1528 1510 1529
f 1529 1511 1530
f 1521 1522 1523
f 1519 1523 1527
f 1523 1524 1525
f 1523 1525 1527
f 1519 1527 1673
f 1525 1526 1527
f 1527 1528 1529
f 1527 1529 1531
f 1530 1511 1512
f 1531 1512 1513
f 1532 1513 1514
f 1533 1516 1515
f 1530 1512 1531
f 1531 1513 1532
f 1529 1530 1531
f 1527 1531 1673
f 1531 1532 1671
f 1533 1534 1516
f 1579 1381 1535
f 1581 1535 1537
f 1582 1537 1538
f 1583 1538 1539
f 1584 1539 1540
f 1585 1540 1541
f 1586 1541 1542
f 1587 1542 1543
f 1588 1543 1544
f 1580 1545 1536
f 1589 1546 1545
f 1590 1547 1546
f 1591 1548 1547
f 1592 1557 1548
f 1579 1535 1581
f 828 1579 830
f 830 1579 1580
f 1579 1581 1580
f 830 1580 831
f 1581 1537 1582
f 1582 1538 1583
f 1583 1539 1584
f 1584 1540 1585
f 1585 1541 1586
f 1586 1542 1587
f 1587 1543 1588
f 1581 1582 1580
f 1582 1583 1580
f 1580 1589 1545
f 1589 1590 1546
f 1590 1591 1547
f 1591 1592 1548
f 1592 1601 1557
f 1580 1590 1589
f 1580 1592 1590
f 1590 1592 1591
f 1580 1604 1592
f 1580 1536 1549
f 831 1549 829
f 1580 1549 1593
f 1580 1593 831
f 831 1593 1549
f 1594 1544 1550
f 1595 1550 1551
f 1596 1551 1552
f 1598 1552 1554
f 1597 1554 1553
f 1599 1553 1555
f 1600 1555 1556
f 1606 1556 1562
f 1601 1558 1557
f 1602 1559 1558
f 1603 1560 1559
f 1604 1561 1560
f 1607 1562 1563
f 1609 1563 1565
f 1608 1565 1564
f 1610 1564 1566
f 1612 1567 1568
f 1613 1568 1569
f 1615 1572 1571
f 1614 1571 1570
f 1616 1569 1572
f 1617 1566 1573
f 1618 1573 1574
f 1611 1574 1567
f 1605 1575 1561
f 1619 1576 1575
f 1620 1577 1576
f 1621 1578 1577
f 1622 1630 1578
f 1588 1544 1594
f 1594 1550 1595
f 1595 1551 1596
f 1596 1552 1598
f 1597 1553 1599
f 1598 1554 1597
f 1599 1555 1600
f 1606 1600 1556
f 1583 1660 1580
f 1583 1584 1660
f 1584 1585 1660
f 1585 1586 1660
f 1586 1587 1660
f 1587 1588 1660
f 1588 1594 1660
f 1594 1595 1660
f 1601 1602 1558
f 1602 1603 1559
f 1603 1604 1560
f 1604 1605 1561
f 1592 1602 1601
f 1592 1604 1602
f 1602 1604 1603
f 1580 1660 1604
f 1604 1619 1605
f 1606 1562 1607
f 1607 1563 1609
f 1609 1565 1608
f 1608 1564 1610
f 1617 1610 1566
f 1612 1611 1567
f 1612 1568 1613
f 1616 1613 1569
f 1615 1616 1572
f 1614 1615 1571
f 1618 1617 1573
f 1618 1574 1611
f 1595 1596 1660
f 1596 1598 1660
f 1598 1597 1660
f 1597 1599 1660
f 1599 1600 1660
f 1606 1660 1600
f 1606 1607 1660
f 1607 1609 1660
f 1609 1608 1660
f 1617 1660 1610
f 1618 1660 1617
f 1612 1660 1611
f 1618 1611 1660
f 1608 1610 1660
f 1605 1619 1575
f 1619 1620 1576
f 1621 1577 1620
f 1621 1622 1578
f 1622 1658 1630
f 1621 1619 1604
f 1621 1620 1619
f 1621 1604 1660
f 1621 1658 1622
f 1651 1624 1623
f 1652 1625 1624
f 1653 1628 1625
f 1654 1627 1626
f 1655 1629 1627
f 1656 1626 1628
f 1657 1570 1629
f 1658 1631 1630
f 1659 1632 1631
f 1660 1633 1632
f 1661 1634 1633
f 1662 1635 1634
f 1663 1636 1635
f 1664 1637 1636
f 1665 1638 1637
f 1667 1640 1639
f 1666 1639 1638
f 1668 1642 1640
f 1669 1650 1641
f 1670 1641 1642
f 1651 1652 1624
f 1652 1653 1625
f 1653 1656 1628
f 1656 1654 1626
f 1654 1655 1627
f 1657 1629 1655
f 1657 1614 1570
f 1662 1663 1635
f 1519 1660 1655
f 1615 1660 1616
f 1612 1613 1660
f 1616 1660 1613
f 1657 1655 1660
f 1657 1660 1614
f 1614 1660 1615
f 1658 1659 1631
f 1659 1660 1632
f 1660 1661 1633
f 1662 1634 1661
f 1621 1660 1658
f 1658 1660 1659
f 1660 1662 1661
f 1660 1664 1662
f 1664 1636 1663
f 1665 1637 1664
f 1665 1666 1638
f 1668 1640 1667
f 1666 1667 1639
f 1668 1670 1642
f 1669 1641 1670
f 1519 1673 1660
f 1662 1664 1663
f 1660 1668 1664
f 1660 1673 1668
f 1665 1664 1666
f 1664 1668 1666
f 1668 1667 1666
f 1668 1669 1670
f 1674 1669 1668
f 1671 1514 1643
f 1672 1643 1644
f 1673 1644 1645
f 1675 1645 1647
f 1678 1646 1650
f 1677 1648 1649
f 1676 1647 1648
f 1674 1649 1646
f 1532 1514 1671
f 1671 1643 1672
f 1672 1644 1673
f 1673 1645 1675
f 1674 1646 1678
f 1675 1647 1676
f 1677 1676 1648
f 1677 1649 1674
f 1678 1650 1669
f 1531 1671 1673
f 1671 1672 1673
f 1674 1668 1673
f 1673 1675 1676
f 1674 1673 1676
f 1677 1674 1676
f 1674 1678 1669
f 1702 1683 1682
f 1684 1704 1685
f 1686 1716 1687
f 1722 1690 1691
f 1725 1692 1693
f 1705 1334 1679
f 1706 1679 1680
f 1706 1680 1681
f 1706 1681 1694
f 1724 1682 1688
f 1714 1702 1682
f 1684 1703 1704
f 1713 1698 1701
f 1707 1694 1695
f 1708 1695 1696
f 1709 1696 1697
f 1711 1697 1699
f 1710 1699 1698
f 1705 1679 1706
f 1498 1700 1482
f 1712 1701 1700
f 1706 1694 1707
f 1707 1695 1708
f 1708 1696 1709
f 1709 1697 1711
f 1711 1699 1710
f 1710 1698 1713
f 1712 1700 1498
f 1712 1713 1701
f 1336 1705 1706
f 1336 1708 1713
f 1336 1706 1708
f 1706 1707 1708
f 1708 1709 1711
f 1708 1711 1713
f 1711 1710 1713
f 1712 1498 1713
f 1714 1703 1702
f 1714 1704 1703
f 1714 1682 1724
f 1714 1715 1704
f 1714 1719 1715
f 1714 1724 1719
f 1686 1715 1716
f 1534 1718 1516
f 1719 1515 1717
f 1533 1515 1719
f 1533 1720 1534
f 1534 1720 1718
f 1533 1719 1720
f 1719 1716 1715
f 1724 1728 1719
f 1719 1717 1716
f 1720 1729 1718
f 1720 1738 1729
f 1719 1740 1720
f 1720 1739 1738
f 1724 1688 1689
f 1724 1689 1721
f 1691 1723 1722
f 1724 1721 1722
f 1724 1722 1723
f 1724 1723 1725
f 1724 1725 1728
f 1725 1693 1726
f 1728 1725 1726
f 1728 1726 1727
f 1719 1728 2300
f 1738 1730 1729
f 1739 1731 1730
f 1740 1732 1731
f 1741 1733 1732
f 1742 1734 1733
f 1743 1735 1734
f 1744 1736 1735
f 1745 1737 1736
f 1738 1739 1730
f 1720 1740 1739
f 1739 1740 1731
f 1740 1741 1732
f 1741 1742 1733
f 1742 1743 1734
f 1743 1744 1735
f 1744 1745 1736
f 1745 1746 1737
f 1740 1742 1741
f 1719 1761 1740
f 1740 1744 1742
f 1742 1744 1743
f 1740 1761 1744
f 1744 1746 1745
f 1744 1761 1746
f 1746 1747 1737
f 1760 1748 1747
f 1761 1749 1748
f 1762 1750 1749
f 1763 1751 1750
f 1764 1752 1751
f 1765 1753 1752
f 1766 1754 1753
f 1746 1760 1747
f 1760 1761 1748
f 1761 1762 1749
f 1746 1761 1760
f 1761 1763 1762
f 1762 1763 1750
f 1761 1765 1763
f 1763 1764 1751
f 1764 1765 1752
f 1765 1766 1753
f 1766 1767 1754
f 1763 1765 1764
f 1761 1769 1765
f 1765 1767 1766
f 1767 1755 1754
f 1768 1756 1755
f 1769 1757 1756
f 1770 1758 1757
f 1771 1759 1758
f 1772 2316 1759
f 1719 2378 1761
f 1767 1768 1755
f 1768 1769 1756
f 1769 1770 1757
f 1765 1769 1767
f 1767 1769 1768
f 1761 2334 1769
f 1770 1771 1758
f 1771 1772 1759
f 1772 2330 2316
f 1769 1771 1770
f 1769 2330 1771
f 1771 2330 1772
f 2301 2291 2290
f 2302 2290 2292
f 1728 1727 2387
f 1719 2300 2308
f 2300 2291 2301
f 2301 2290 2302
f 1719 2308 2378
f 2300 2301 2302
f 2300 2302 2304
f 2303 2292 2293
f 2304 2293 2294
f 2305 2294 2295
f 2306 2295 2296
f 2307 2296 2297
f 2300 2386 2291
f 2308 2297 2298
f 2309 2298 2299
f 2313 2299 2310
f 2302 2292 2303
f 2303 2293 2304
f 2304 2294 2305
f 2305 2295 2306
f 1728 2388 2300
f 2302 2303 2304
f 2300 2304 2308
f 2304 2305 2306
f 2306 2296 2307
f 2307 2297 2308
f 2308 2298 2309
f 2309 2299 2313
f 2304 2306 2308
f 2306 2307 2308
f 2308 2309 2313
f 2387 1727 2385
f 2314 2310 2311
f 2315 2311 2312
f 2313 2310 2314
f 2314 2311 2315
f 1728 2387 2388
f 2308 2313 2315
f 2313 2314 2315
f 2308 2315 2365
f 2300 2388 2386
f 2330 2317 2316
f 2331 2318 2317
f 2332 2319 2318
f 2333 2320 2319
f 2334 2321 2320
f 2335 2322 2321
f 2330 2331 2317
f 2331 2332 2318
f 2332 2333 2319
f 1769 2334 2330
f 2330 2332 2331
f 2330 2334 2332
f 1761 2378 2334
f 2333 2334 2320
f 2334 2335 2321
f 2335 2336 2322
f 2332 2334 2333
f 2334 2336 2335
f 2336 2323 2322
f 2337 2324 2323
f 2338 2325 2324
f 2339 2326 2325
f 2340 2327 2326
f 2341 2328 2327
f 2343 2350 2329
f 2342 2329 2328
f 2336 2337 2323
f 2337 2338 2324
f 2338 2339 2325
f 2334 2338 2336
f 2336 2338 2337
f 2334 2342 2338
f 2338 2340 2339
f 2339 2340 2326
f 2340 2341 2327
f 2341 2342 2328
f 2342 2343 2329
f 2338 2342 2340
f 2334 2378 2342
f 2340 2342 2341
f 2368 2343 2342
f 2362 2312 2344
f 2363 2344 2345
f 2364 2345 2346
f 2365 2346 2347
f 2366 2349 2348
f 2367 2360 2349
f 2368 2351 2350
f 2369 2352 2351
f 2370 2353 2352
f 2371 2348 2353
f 2372 2347 2354
f 2373 2354 2355
f 2374 2355 2356
f 2375 2356 2357
f 2376 2357 2358
f 2377 2358 2359
f 2378 2361 2360
f 2379 2359 2361
f 2315 2312 2362
f 2362 2344 2363
f 2363 2345 2364
f 2364 2346 2365
f 2365 2347 2372
f 2371 2366 2348
f 2367 2349 2366
f 2378 2360 2367
f 2315 2362 2363
f 2315 2363 2365
f 2308 2365 2378
f 2363 2364 2365
f 2378 2366 2370
f 2378 2367 2366
f 2368 2350 2343
f 2368 2369 2351
f 2369 2370 2352
f 2371 2353 2370
f 2368 2342 2370
f 2368 2370 2369
f 2378 2370 2342
f 2371 2370 2366
f 2372 2354 2373
f 2373 2355 2374
f 2377 2359 2379
f 2374 2356 2375
f 2375 2357 2376
f 2376 2358 2377
f 2379 2361 2378
f 2365 2372 2373
f 2365 2373 2375
f 2373 2374 2375
f 2365 2375 2378
f 2375 2377 2378
f 2375 2376 2377
f 2377 2379 2378
f 2388 2385 2386
f 2387 2385 2388

