# https://github.com/mikedh/trimesh
v 0.60000002 0.60000002 0.00000000
v 0.00000000 0.60000002 0.60000002
v 0.60000002 0.00000000 0.60000002
v 0.00000000 0.60000002 4.40000010
v 0.60000002 0.00000000 4.40000010
v 0.60000002 0.60000002 5.00000000
v 1.85000002 23.29999924 5.00000000
v 2.29999995 23.29999924 5.00000000
v 2.29999995 23.45407104 5.00000000
v 2.33251238 23.77218819 5.00000000
v 2.29999995 23.79090500 5.00000000
v 2.36348248 23.41859627 5.00000000
v 2.42904830 23.38753891 5.00000000
v 2.49641657 23.36103058 5.00000000
v 2.37125587 23.75328445 5.00000000
v 2.41106439 23.73714828 5.00000000
v 2.45176768 23.72385216 5.00000000
v 2.49319124 23.71344948 5.00000000
v 2.29999995 25.00909615 5.00000000
v 2.33251238 25.02781105 5.00000000
v 2.37125587 25.04671478 5.00000000
v 2.41106439 25.06285095 5.00000000
v 2.45176768 25.07614899 5.00000000
v 2.49319124 25.08654976 5.00000000
v 2.29999995 25.44592857 5.00000000
v 2.36348248 25.48140335 5.00000000
v 2.42904830 25.51246071 5.00000000
v 2.49641657 25.53896904 5.00000000
v 1.85000002 23.29999924 5.50000000
v 1.85000002 23.97237968 5.50000000
v 1.85000002 24.92762184 5.50000000
v 2.29999995 23.29999924 5.50000000
v 2.29999995 23.45407104 5.50000000
v 2.33251238 23.77218819 5.50000000
v 2.29999995 23.79090500 5.50000000
v 2.36348248 23.41859627 5.50000000
v 2.42904830 23.38753891 5.50000000
v 2.49641657 23.36103058 5.50000000
v 2.37125587 23.75328445 5.50000000
v 2.41106439 23.73714828 5.50000000
v 2.45176768 23.72385216 5.50000000
v 2.49319124 23.71344948 5.50000000
v 2.29999995 25.00909615 5.50000000
v 2.33251238 25.02781105 5.50000000
v 2.37125587 25.04671478 5.50000000
v 2.41106439 25.06285095 5.50000000
v 2.45176768 25.07614899 5.50000000
v 2.49319124 25.08654976 5.50000000
v 2.29999995 25.44592857 5.50000000
v 2.36348248 25.48140335 5.50000000
v 2.42904830 25.51246071 5.50000000
v 2.49641657 25.53896904 5.50000000
v 0.19999985 29.62500000 4.59999990
v 0.19999985 29.97500038 4.59999990
v 0.19999985 32.22499847 4.59999990
v 0.19999985 32.57500076 4.59999990
v 0.19999985 34.82500076 4.59999990
v 0.60000002 29.62500000 5.00000000
v 0.60000002 29.97500038 5.00000000
v 0.60000002 32.22499847 5.00000000
v 0.60000002 32.57500076 5.00000000
v 0.60000002 34.82500076 5.00000000
v 1.85000002 28.50000000 5.00000000
v 2.29999995 28.50000000 5.00000000
v 1.85000002 28.50000000 5.50000000
v 2.29999995 28.50000000 5.50000000
v 2.56529903 23.33918571 5.00000000
v 2.63540053 23.32209778 5.00000000
v 2.53515792 23.70598793 5.00000000
v 2.57748795 23.70149803 5.00000000
v 2.61999989 23.70000076 5.00000000
v 2.70642114 23.30983925 5.00000000
v 2.77805662 23.30246162 5.00000000
v 2.66251206 23.70149803 5.00000000
v 2.70484209 23.70598793 5.00000000
v 2.74680877 23.71344948 5.00000000
v 2.78823233 23.72385216 5.00000000
v 2.84999990 23.29999924 5.00000000
v 2.92194343 23.30246162 5.00000000
v 2.82893562 23.73714828 5.00000000
v 2.86874413 23.75328445 5.00000000
v 2.90748763 23.77218819 5.00000000
v 2.94499993 23.79378128 5.00000000
v 2.99357891 23.30983925 5.00000000
v 3.06459928 23.32209778 5.00000000
v 2.98112059 23.81797218 5.00000000
v 3.01569486 23.84465218 5.00000000
v 3.04857469 23.87371254 5.00000000
v 3.07961941 23.90502548 5.00000000
v 3.10869598 23.93845749 5.00000000
v 2.53515792 25.09401131 5.00000000
v 2.57748795 25.09850121 5.00000000
v 2.61999989 25.10000038 5.00000000
v 2.66251206 25.09850121 5.00000000
v 2.70484209 25.09401131 5.00000000
v 2.74680877 25.08654976 5.00000000
v 2.78823233 25.07614899 5.00000000
v 2.56529903 25.56081390 5.00000000
v 2.63540053 25.57790375 5.00000000
v 2.70642114 25.59016228 5.00000000
v 2.77805662 25.59753799 5.00000000
v 2.82893562 25.06285095 5.00000000
v 2.86874413 25.04671478 5.00000000
v 2.90748763 25.02781105 5.00000000
v 2.94499993 25.00621796 5.00000000
v 2.98112059 24.98202896 5.00000000
v 3.01569486 24.95534706 5.00000000
v 3.10869598 24.86154175 5.00000000
v 3.04857469 24.92628860 5.00000000
v 3.07961941 24.89497566 5.00000000
v 2.84999990 25.60000038 5.00000000
v 2.92194343 25.59753799 5.00000000
v 2.99357891 25.59016228 5.00000000
v 3.06459928 25.57790375 5.00000000
v 3.13470101 23.33918571 5.00000000
v 3.20358348 23.36103058 5.00000000
v 3.27095175 23.38753891 5.00000000
v 3.13567972 23.97386742 5.00000000
v 3.16045523 24.01110077 5.00000000
v 3.18291640 24.04999924 5.00000000
v 3.33651757 23.41859627 5.00000000
v 3.40000010 23.45407104 5.00000000
v 3.46112728 23.49381065 5.00000000
v 3.51963758 23.53764343 5.00000000
v 3.57528043 23.58538437 5.00000000
v 3.62781739 23.63682747 5.00000000
v 3.67702389 23.69175148 5.00000000
v 3.72268867 23.74992371 5.00000000
v 3.20296717 24.09039879 5.00000000
v 3.22052169 24.13212204 5.00000000
v 3.23550463 24.17499161 5.00000000
v 3.24785185 24.21882629 5.00000000
v 3.25751042 24.26343727 5.00000000
v 3.26443911 24.30863190 5.00000000
v 3.26860833 24.35421753 5.00000000
v 3.26999998 24.39999962 5.00000000
v 3.26860833 24.44578171 5.00000000
v 3.25751042 24.53656387 5.00000000
v 3.24785185 24.58117294 5.00000000
v 3.26443911 24.49136925 5.00000000
v 3.13567972 24.82613373 5.00000000
v 3.16045523 24.78889847 5.00000000
v 3.20296717 24.70960236 5.00000000
v 3.18291640 24.75000000 5.00000000
v 3.22052169 24.66787910 5.00000000
v 3.23550463 24.62500763 5.00000000
v 3.13470101 25.56081390 5.00000000
v 3.20358348 25.53896904 5.00000000
v 3.27095175 25.51246071 5.00000000
v 3.33651757 25.48140335 5.00000000
v 3.40000010 25.44592857 5.00000000
v 3.72268867 25.15007591 5.00000000
v 3.46112728 25.40619087 5.00000000
v 3.51963758 25.36235619 5.00000000
v 3.57528043 25.31461525 5.00000000
v 3.62781739 25.26317215 5.00000000
v 3.67702389 25.20824814 5.00000000
v 2.56529903 23.33918571 5.50000000
v 2.63540053 23.32209778 5.50000000
v 2.53515792 23.70598793 5.50000000
v 2.57748795 23.70149803 5.50000000
v 2.61999989 23.70000076 5.50000000
v 2.70642114 23.30983925 5.50000000
v 2.77805662 23.30246162 5.50000000
v 2.66251206 23.70149803 5.50000000
v 2.70484209 23.70598793 5.50000000
v 2.74680877 23.71344948 5.50000000
v 2.78823233 23.72385216 5.50000000
v 2.84999990 23.29999924 5.50000000
v 2.92194343 23.30246162 5.50000000
v 2.82893562 23.73714828 5.50000000
v 2.86874413 23.75328445 5.50000000
v 2.90748763 23.77218819 5.50000000
v 2.94499993 23.79378128 5.50000000
v 2.99357891 23.30983925 5.50000000
v 3.06459928 23.32209778 5.50000000
v 2.98112059 23.81797218 5.50000000
v 3.01569486 23.84465218 5.50000000
v 3.04857469 23.87371254 5.50000000
v 3.07961941 23.90502548 5.50000000
v 3.10869598 23.93845749 5.50000000
v 2.53515792 25.09401131 5.50000000
v 2.57748795 25.09850121 5.50000000
v 2.61999989 25.10000038 5.50000000
v 2.66251206 25.09850121 5.50000000
v 2.70484209 25.09401131 5.50000000
v 2.74680877 25.08654976 5.50000000
v 2.78823233 25.07614899 5.50000000
v 2.56529903 25.56081390 5.50000000
v 2.63540053 25.57790375 5.50000000
v 2.70642114 25.59016228 5.50000000
v 2.77805662 25.59753799 5.50000000
v 2.82893562 25.06285095 5.50000000
v 2.86874413 25.04671478 5.50000000
v 2.90748763 25.02781105 5.50000000
v 2.94499993 25.00621796 5.50000000
v 2.98112059 24.98202896 5.50000000
v 3.01569486 24.95534706 5.50000000
v 3.10869598 24.86154175 5.50000000
v 3.04857469 24.92628860 5.50000000
v 3.07961941 24.89497566 5.50000000
v 2.84999990 25.60000038 5.50000000
v 2.92194343 25.59753799 5.50000000
v 2.99357891 25.59016228 5.50000000
v 3.06459928 25.57790375 5.50000000
v 3.13470101 23.33918571 5.50000000
v 3.20358348 23.36103058 5.50000000
v 3.27095175 23.38753891 5.50000000
v 3.13567972 23.97386742 5.50000000
v 3.16045523 24.01110077 5.50000000
v 3.18291640 24.04999924 5.50000000
v 3.33651757 23.41859627 5.50000000
v 3.40000010 23.45407104 5.50000000
v 3.46112728 23.49381065 5.50000000
v 3.51963758 23.53764343 5.50000000
v 3.57528043 23.58538437 5.50000000
v 3.62781739 23.63682747 5.50000000
v 3.67702389 23.69175148 5.50000000
v 3.72268867 23.74992371 5.50000000
v 3.20296717 24.09039879 5.50000000
v 3.22052169 24.13212204 5.50000000
v 3.23550463 24.17499161 5.50000000
v 3.24785185 24.21882629 5.50000000
v 3.25751042 24.26343727 5.50000000
v 3.26443911 24.30863190 5.50000000
v 3.26860833 24.35421753 5.50000000
v 3.26999998 24.39999962 5.50000000
v 3.26860833 24.44578171 5.50000000
v 3.25751042 24.53656387 5.50000000
v 3.24785185 24.58117294 5.50000000
v 3.26443911 24.49136925 5.50000000
v 3.13567972 24.82613373 5.50000000
v 3.16045523 24.78889847 5.50000000
v 3.20296717 24.70960236 5.50000000
v 3.18291640 24.75000000 5.50000000
v 3.22052169 24.66787910 5.50000000
v 3.23550463 24.62500763 5.50000000
v 3.13470101 25.56081390 5.50000000
v 3.20358348 25.53896904 5.50000000
v 3.27095175 25.51246071 5.50000000
v 3.33651757 25.48140335 5.50000000
v 3.40000010 25.44592857 5.50000000
v 3.72268867 25.15007591 5.50000000
v 3.46112728 25.40619087 5.50000000
v 3.51963758 25.36235619 5.50000000
v 3.57528043 25.31461525 5.50000000
v 3.62781739 25.26317215 5.50000000
v 3.67702389 25.20824814 5.50000000
v 3.76461649 23.81109428 5.00000000
v 3.80262804 23.87500000 5.00000000
v 3.83656001 23.94136810 5.00000000
v 3.86626744 24.00991440 5.00000000
v 3.89162326 24.08034515 5.00000000
v 3.76461649 25.08890533 5.00000000
v 3.80262804 25.02499962 5.00000000
v 3.89162326 24.81965446 5.00000000
v 3.83656001 24.95863152 5.00000000
v 3.86626744 24.89008522 5.00000000
v 3.91251850 24.15235901 5.00000000
v 3.92886376 24.22564697 5.00000000
v 3.94058943 24.29989433 5.00000000
v 3.94058943 24.60010529 5.00000000
v 3.94764471 24.37478638 5.00000000
v 3.95000005 24.45000076 5.00000000
v 3.94764471 24.52521324 5.00000000
v 3.92886376 24.67435455 5.00000000
v 3.91251850 24.74764252 5.00000000
v 4.40000010 24.35000038 5.00000000
v 4.40000010 24.85000038 5.00000000
v 3.76461649 23.81109428 5.50000000
v 3.80262804 23.87500000 5.50000000
v 3.83656001 23.94136810 5.50000000
v 3.86626744 24.00991440 5.50000000
v 3.89162326 24.08034515 5.50000000
v 3.76461649 25.08890533 5.50000000
v 3.80262804 25.02499962 5.50000000
v 3.89162326 24.81965446 5.50000000
v 3.83656001 24.95863152 5.50000000
v 3.86626744 24.89008522 5.50000000
v 3.91251850 24.15235901 5.50000000
v 3.92886376 24.22564697 5.50000000
v 3.94058943 24.29989433 5.50000000
v 3.94058943 24.60010529 5.50000000
v 3.94764471 24.37478638 5.50000000
v 3.95000005 24.45000076 5.50000000
v 3.94764471 24.52521324 5.50000000
v 3.92886376 24.67435455 5.50000000
v 3.91251850 24.74764252 5.50000000
v 4.40000010 24.35000038 5.50000000
v 4.40000010 24.85000038 5.50000000
v 4.40000010 26.95000076 5.00000000
v 4.40000010 27.45000076 5.00000000
v 4.40000010 26.95000076 5.50000000
v 4.40000010 27.45000076 5.50000000
v 5.43635130 24.03087807 5.00000000
v 5.46558046 23.96098900 5.00000000
v 5.50137997 23.89383698 5.00000000
v 5.54359722 23.82970619 5.00000000
v 5.59205055 23.76887703 5.00000000
v 5.38919592 24.25392151 5.00000000
v 5.38721228 24.33166504 5.00000000
v 5.38835621 24.35000038 5.00000000
v 5.39807701 24.17765808 5.00000000
v 5.41381836 24.10320473 5.00000000
v 5.54122019 24.85000038 5.00000000
v 5.56347227 24.88896942 5.00000000
v 5.61451912 24.96635437 5.00000000
v 5.64653349 23.71160507 5.00000000
v 5.70681143 23.65813828 5.00000000
v 5.77262735 23.60870361 5.00000000
v 5.84369946 23.56351471 5.00000000
v 5.91972256 23.52276421 5.00000000
v 6.00037146 23.48662567 5.00000000
v 6.08530140 23.45525551 5.00000000
v 6.17414808 23.42878723 5.00000000
v 5.67149878 25.04217148 5.00000000
v 5.73416758 25.11609459 5.00000000
v 5.80225658 25.18780708 5.00000000
v 5.87547445 25.25700378 5.00000000
v 5.95350790 25.32338524 5.00000000
v 6.03602266 25.38667107 5.00000000
v 6.12266493 25.44658661 5.00000000
v 6.21306419 25.50287819 5.00000000
v 5.43635130 24.03087807 5.50000000
v 5.46558046 23.96098900 5.50000000
v 5.50137997 23.89383698 5.50000000
v 5.54359722 23.82970619 5.50000000
v 5.59205055 23.76887703 5.50000000
v 5.38919592 24.25392151 5.50000000
v 5.38721228 24.33166504 5.50000000
v 5.38835621 24.35000038 5.50000000
v 5.39807701 24.17765808 5.50000000
v 5.41381836 24.10320473 5.50000000
v 5.54122019 24.85000038 5.50000000
v 5.56347227 24.88896942 5.50000000
v 5.61451912 24.96635437 5.50000000
v 5.64653349 23.71160507 5.50000000
v 5.70681143 23.65813828 5.50000000
v 5.77262735 23.60870361 5.50000000
v 5.84369946 23.56351471 5.50000000
v 5.91972256 23.52276421 5.50000000
v 6.00037146 23.48662567 5.50000000
v 6.08530140 23.45525551 5.50000000
v 6.17414808 23.42878723 5.50000000
v 5.67149878 25.04217148 5.50000000
v 5.73416758 25.11609459 5.50000000
v 5.80225658 25.18780708 5.50000000
v 5.87547445 25.25700378 5.50000000
v 5.95350790 25.32338524 5.50000000
v 6.03602266 25.38667107 5.50000000
v 6.12266493 25.44658661 5.50000000
v 6.21306419 25.50287819 5.50000000
v 6.26653099 23.40733337 5.00000000
v 6.36205482 23.39098740 5.00000000
v 6.46031046 23.37981987 5.00000000
v 6.56087685 23.37387466 5.00000000
v 6.66332388 23.37318230 5.00000000
v 6.76721287 23.37774277 5.00000000
v 6.87209845 23.38753700 5.00000000
v 6.30683374 25.55530357 5.00000000
v 6.40357113 25.60363770 5.00000000
v 6.50286245 25.64767456 5.00000000
v 6.60428286 25.68722343 5.00000000
v 6.70739746 25.72211838 5.00000000
v 6.81176519 25.75220871 5.00000000
v 6.97753143 23.40252304 5.00000000
v 7.08306122 23.42263603 5.00000000
v 7.18823481 23.44779205 5.00000000
v 7.29260254 23.47788048 5.00000000
v 7.39571714 23.51277542 5.00000000
v 7.49713755 23.55232620 5.00000000
v 6.91693878 25.77736282 5.00000000
v 7.02246857 25.79747772 5.00000000
v 7.12790155 25.81246376 5.00000000
v 7.23278713 25.82225800 5.00000000
v 7.33667612 25.82681847 5.00000000
v 7.43912315 25.82612419 5.00000000
v 6.26653099 23.40733337 5.50000000
v 6.36205482 23.39098740 5.50000000
v 6.46031046 23.37981987 5.50000000
v 6.56087685 23.37387466 5.50000000
v 6.66332388 23.37318230 5.50000000
v 6.76721287 23.37774277 5.50000000
v 6.87209845 23.38753700 5.50000000
v 6.30683374 25.55530357 5.50000000
v 6.40357113 25.60363770 5.50000000
v 6.50286245 25.64767456 5.50000000
v 6.60428286 25.68722343 5.50000000
v 6.70739746 25.72211838 5.50000000
v 6.81176519 25.75220871 5.50000000
v 6.97753143 23.40252304 5.50000000
v 7.08306122 23.42263603 5.50000000
v 7.18823481 23.44779205 5.50000000
v 7.29260254 23.47788048 5.50000000
v 7.39571714 23.51277542 5.50000000
v 7.49713755 23.55232620 5.50000000
v 6.91693878 25.77736282 5.50000000
v 7.02246857 25.79747772 5.50000000
v 7.12790155 25.81246376 5.50000000
v 7.23278713 25.82225800 5.50000000
v 7.33667612 25.82681847 5.50000000
v 7.43912315 25.82612419 5.50000000
v 5.84999990 32.40000153 4.59999990
v 5.84999990 32.57500076 4.59999990
v 5.84999990 34.82500076 4.59999990
v 6.30000019 32.40000153 4.59999990
v 6.30000019 32.55406952 4.59999990
v 6.36348248 32.51859665 4.59999990
v 6.42904806 32.48753738 4.59999990
v 6.49641657 32.46102905 4.59999990
v 6.56529903 32.43918610 4.59999990
v 6.63540077 32.42209625 4.59999990
v 6.70642138 32.40983963 4.59999990
v 6.77805662 32.40246201 4.59999990
v 6.84999990 32.40000153 4.59999990
v 6.30000019 34.82500076 4.59999990
v 6.92194366 32.40246201 4.59999990
v 6.99357891 32.40983963 4.59999990
v 7.06459951 32.42209625 4.59999990
v 7.13470078 32.43918610 4.59999990
v 7.20358324 32.46102905 4.59999990
v 7.27095175 32.48753738 4.59999990
v 7.33651733 32.51859665 4.59999990
v 7.40000010 32.55406952 4.59999990
v 7.43219471 32.57500076 4.59999990
v 5.84999990 32.57500076 5.00000000
v 5.84999990 34.82500076 5.00000000
v 5.84999990 32.40000153 5.50000000
v 5.84999990 33.07238007 5.50000000
v 5.84999990 34.02762222 5.50000000
v 6.53515816 32.80598831 5.00000000
v 6.57748795 32.80149841 5.00000000
v 6.61999989 32.79999924 5.00000000
v 6.66251183 32.80149841 5.00000000
v 6.70484209 32.80598831 5.00000000
v 6.30000019 32.89090347 5.00000000
v 6.33251238 32.87218857 5.00000000
v 6.37125587 32.85328293 5.00000000
v 6.41106415 32.83715057 5.00000000
v 6.45176744 32.82385254 5.00000000
v 6.49319124 32.81344986 5.00000000
v 6.30000019 34.10909653 5.00000000
v 6.33251238 34.12781143 5.00000000
v 6.37125587 34.14671707 5.00000000
v 6.30000019 34.54592896 5.00000000
v 6.30000019 34.82500076 5.00000000
v 6.36348248 34.58140182 5.00000000
v 6.41106415 34.16284943 5.00000000
v 6.45176744 34.17614746 5.00000000
v 6.49319124 34.18655014 5.00000000
v 6.53515816 34.19401169 5.00000000
v 6.42904806 34.61246109 5.00000000
v 6.49641657 34.63896942 5.00000000
v 6.74680853 32.81344986 5.00000000
v 6.78823233 32.82385254 5.00000000
v 6.82893562 32.83715057 5.00000000
v 6.86874437 32.85328293 5.00000000
v 6.57748795 34.19850159 5.00000000
v 6.61999989 34.20000076 5.00000000
v 6.66251183 34.19850159 5.00000000
v 6.70484209 34.19401169 5.00000000
v 6.56529903 34.66081619 5.00000000
v 6.63540077 34.67790222 5.00000000
v 6.70642138 34.69016266 5.00000000
v 6.78823233 34.17614746 5.00000000
v 6.74680853 34.18655014 5.00000000
v 6.82893562 34.16284943 5.00000000
v 6.86874437 34.14671707 5.00000000
v 6.77805662 34.69753647 5.00000000
v 6.84999990 34.70000076 5.00000000
v 7.43219471 32.57500076 5.00000000
v 7.46112728 32.59381104 5.00000000
v 6.90748787 32.87218857 5.00000000
v 6.94500017 32.89378357 5.00000000
v 6.98112059 32.91797256 5.00000000
v 7.01569510 32.94465256 5.00000000
v 7.04857492 32.97371292 5.00000000
v 7.07961941 33.00502396 5.00000000
v 7.10869598 33.03845978 5.00000000
v 7.13567972 33.07386780 5.00000000
v 7.16045523 33.11109924 5.00000000
v 7.18291664 33.15000153 5.00000000
v 7.16045523 33.88890076 5.00000000
v 7.18291664 33.84999847 5.00000000
v 6.90748787 34.12781143 5.00000000
v 6.94500017 34.10621643 5.00000000
v 6.98112059 34.08202744 5.00000000
v 7.01569510 34.05534744 5.00000000
v 6.92194366 34.69753647 5.00000000
v 6.99357891 34.69016266 5.00000000
v 7.04857492 34.02628708 5.00000000
v 7.07961941 33.99497604 5.00000000
v 7.10869598 33.96154022 5.00000000
v 7.13567972 33.92613220 5.00000000
v 7.06459951 34.67790222 5.00000000
v 7.13470078 34.66081619 5.00000000
v 7.20296717 33.19039917 5.00000000
v 7.22052193 33.23212051 5.00000000
v 7.23550463 33.27499390 5.00000000
v 7.24785185 33.31882477 5.00000000
v 7.25751066 33.36343765 5.00000000
v 7.26443911 33.40863037 5.00000000
v 7.26443911 33.59136963 5.00000000
v 7.22052193 33.76787949 5.00000000
v 7.20296717 33.80960083 5.00000000
v 7.23550463 33.72500610 5.00000000
v 7.25751066 33.63656235 5.00000000
v 7.24785185 33.68117523 5.00000000
v 7.26860809 33.45421600 5.00000000
v 7.26999998 33.50000000 5.00000000
v 7.26860809 33.54578400 5.00000000
v 7.20358324 34.63896942 5.00000000
v 7.27095175 34.61246109 5.00000000
v 7.33651733 34.58140182 5.00000000
v 7.40000010 34.54592896 5.00000000
v 7.46112728 34.50619125 5.00000000
v 6.30000019 32.40000153 5.50000000
v 6.30000019 32.55406952 5.50000000
v 6.36348248 32.51859665 5.50000000
v 6.42904806 32.48753738 5.50000000
v 6.49641657 32.46102905 5.50000000
v 6.53515816 32.80598831 5.50000000
v 6.56529903 32.43918610 5.50000000
v 6.63540077 32.42209625 5.50000000
v 6.57748795 32.80149841 5.50000000
v 6.61999989 32.79999924 5.50000000
v 6.70642138 32.40983963 5.50000000
v 6.66251183 32.80149841 5.50000000
v 6.70484209 32.80598831 5.50000000
v 6.77805662 32.40246201 5.50000000
v 6.84999990 32.40000153 5.50000000
v 6.30000019 32.89090347 5.50000000
v 6.33251238 32.87218857 5.50000000
v 6.37125587 32.85328293 5.50000000
v 6.41106415 32.83715057 5.50000000
v 6.45176744 32.82385254 5.50000000
v 6.49319124 32.81344986 5.50000000
v 6.30000019 34.10909653 5.50000000
v 6.33251238 34.12781143 5.50000000
v 6.37125587 34.14671707 5.50000000
v 6.30000019 34.54592896 5.50000000
v 6.36348248 34.58140182 5.50000000
v 6.41106415 34.16284943 5.50000000
v 6.45176744 34.17614746 5.50000000
v 6.49319124 34.18655014 5.50000000
v 6.53515816 34.19401169 5.50000000
v 6.42904806 34.61246109 5.50000000
v 6.49641657 34.63896942 5.50000000
v 6.74680853 32.81344986 5.50000000
v 6.78823233 32.82385254 5.50000000
v 6.82893562 32.83715057 5.50000000
v 6.86874437 32.85328293 5.50000000
v 6.57748795 34.19850159 5.50000000
v 6.61999989 34.20000076 5.50000000
v 6.66251183 34.19850159 5.50000000
v 6.70484209 34.19401169 5.50000000
v 6.56529903 34.66081619 5.50000000
v 6.63540077 34.67790222 5.50000000
v 6.70642138 34.69016266 5.50000000
v 6.78823233 34.17614746 5.50000000
v 6.74680853 34.18655014 5.50000000
v 6.82893562 34.16284943 5.50000000
v 6.86874437 34.14671707 5.50000000
v 6.77805662 34.69753647 5.50000000
v 6.84999990 34.70000076 5.50000000
v 6.92194366 32.40246201 5.50000000
v 6.99357891 32.40983963 5.50000000
v 7.06459951 32.42209625 5.50000000
v 7.13470078 32.43918610 5.50000000
v 7.20358324 32.46102905 5.50000000
v 7.27095175 32.48753738 5.50000000
v 7.33651733 32.51859665 5.50000000
v 7.40000010 32.55406952 5.50000000
v 7.46112728 32.59381104 5.50000000
v 6.90748787 32.87218857 5.50000000
v 6.94500017 32.89378357 5.50000000
v 6.98112059 32.91797256 5.50000000
v 7.01569510 32.94465256 5.50000000
v 7.04857492 32.97371292 5.50000000
v 7.07961941 33.00502396 5.50000000
v 7.10869598 33.03845978 5.50000000
v 7.13567972 33.07386780 5.50000000
v 7.16045523 33.11109924 5.50000000
v 7.18291664 33.15000153 5.50000000
v 7.16045523 33.88890076 5.50000000
v 7.18291664 33.84999847 5.50000000
v 6.90748787 34.12781143 5.50000000
v 6.94500017 34.10621643 5.50000000
v 6.98112059 34.08202744 5.50000000
v 7.01569510 34.05534744 5.50000000
v 6.92194366 34.69753647 5.50000000
v 6.99357891 34.69016266 5.50000000
v 7.04857492 34.02628708 5.50000000
v 7.07961941 33.99497604 5.50000000
v 7.10869598 33.96154022 5.50000000
v 7.13567972 33.92613220 5.50000000
v 7.06459951 34.67790222 5.50000000
v 7.13470078 34.66081619 5.50000000
v 7.20296717 33.19039917 5.50000000
v 7.22052193 33.23212051 5.50000000
v 7.23550463 33.27499390 5.50000000
v 7.24785185 33.31882477 5.50000000
v 7.25751066 33.36343765 5.50000000
v 7.26443911 33.40863037 5.50000000
v 7.26443911 33.59136963 5.50000000
v 7.22052193 33.76787949 5.50000000
v 7.20296717 33.80960083 5.50000000
v 7.23550463 33.72500610 5.50000000
v 7.25751066 33.63656235 5.50000000
v 7.24785185 33.68117523 5.50000000
v 7.26860809 33.45421600 5.50000000
v 7.26999998 33.50000000 5.50000000
v 7.26860809 33.54578400 5.50000000
v 7.20358324 34.63896942 5.50000000
v 7.27095175 34.61246109 5.50000000
v 7.33651733 34.58140182 5.50000000
v 7.40000010 34.54592896 5.50000000
v 7.46112728 34.50619125 5.50000000
v 7.59642887 23.59636307 5.00000000
v 7.69316626 23.64469719 5.00000000
v 7.78693581 23.69712067 5.00000000
v 7.87733507 23.75341225 5.00000000
v 7.96397734 23.81332970 5.00000000
v 8.04649258 23.87661362 5.00000000
v 8.12452507 23.94299698 5.00000000
v 7.53968954 25.82018089 5.00000000
v 7.63794518 25.80901146 5.00000000
v 7.73346901 25.79266739 5.00000000
v 7.82585192 25.77121353 5.00000000
v 7.91469860 25.74474525 5.00000000
v 8.08027744 25.67723656 5.00000000
v 8.11294460 25.65972710 5.00000000
v 7.99962854 25.71337509 5.00000000
v 8.19774342 24.01219368 5.00000000
v 8.26583290 24.08390617 5.00000000
v 8.32850075 24.15782928 5.00000000
v 8.38548088 24.23364639 5.00000000
v 8.43652821 24.31103134 5.00000000
v 8.45877934 24.35000038 5.00000000
v 8.61294460 24.85000038 5.00000000
v 7.59642887 23.59636307 5.50000000
v 7.69316626 23.64469719 5.50000000
v 7.78693581 23.69712067 5.50000000
v 7.87733507 23.75341225 5.50000000
v 7.96397734 23.81332970 5.50000000
v 8.04649258 23.87661362 5.50000000
v 8.12452507 23.94299698 5.50000000
v 7.53968954 25.82018089 5.50000000
v 7.63794518 25.80901146 5.50000000
v 7.73346901 25.79266739 5.50000000
v 7.82585192 25.77121353 5.50000000
v 7.91469860 25.74474525 5.50000000
v 8.08027744 25.67723656 5.50000000
v 8.11294460 25.65972710 5.50000000
v 7.99962854 25.71337509 5.50000000
v 8.19774342 24.01219368 5.50000000
v 8.26583290 24.08390617 5.50000000
v 8.32850075 24.15782928 5.50000000
v 8.38548088 24.23364639 5.50000000
v 8.43652821 24.31103134 5.50000000
v 8.45877934 24.35000038 5.50000000
v 8.61294460 24.85000038 5.50000000
v 9.60000038 24.35000038 5.00000000
v 9.60000038 24.85000038 5.00000000
v 9.60000038 24.35000038 5.50000000
v 9.60000038 24.85000038 5.50000000
v 8.11294460 29.62500000 4.59999990
v 8.11294460 29.97500038 4.59999990
v 8.61294460 29.62500000 4.59999990
v 8.61294460 29.97500038 4.59999990
v 8.11294460 32.22499847 4.59999990
v 8.11294460 32.57500076 4.59999990
v 8.61294460 32.22499847 4.59999990
v 8.61294460 32.57500076 4.59999990
v 8.11294460 26.95000076 5.00000000
v 8.11294460 27.45000076 5.00000000
v 8.11294460 29.62500000 5.00000000
v 8.11294460 29.97500038 5.00000000
v 8.61294460 26.95000076 5.00000000
v 8.61294460 27.45000076 5.00000000
v 8.61294460 29.62500000 5.00000000
v 8.61294460 29.97500038 5.00000000
v 8.11294460 26.95000076 5.50000000
v 8.11294460 27.45000076 5.50000000
v 8.61294460 26.95000076 5.50000000
v 8.61294460 27.45000076 5.50000000
v 7.51963758 32.63764191 5.00000000
v 7.57528019 32.68538284 5.00000000
v 7.62781763 32.73682785 5.00000000
v 7.67702389 32.79175186 5.00000000
v 8.11294460 32.22499847 5.00000000
v 8.11294460 32.57500076 5.00000000
v 7.72268867 32.84992599 5.00000000
v 7.76461649 32.91109467 5.00000000
v 7.80262804 32.97499847 5.00000000
v 7.57528019 34.41461563 5.00000000
v 7.62781763 34.36317444 5.00000000
v 7.51963758 34.46235657 5.00000000
v 7.67702389 34.30824661 5.00000000
v 7.72268867 34.25007629 5.00000000
v 7.80262804 34.12500000 5.00000000
v 7.76461649 34.18890762 5.00000000
v 7.83656025 33.04136658 5.00000000
v 7.86626768 33.10991287 5.00000000
v 7.89162302 33.18034363 5.00000000
v 7.91251850 33.25235748 5.00000000
v 7.92886400 33.32564545 5.00000000
v 7.94058943 33.39989471 5.00000000
v 7.94764471 33.47478485 5.00000000
v 7.94764471 33.62521362 5.00000000
v 7.94999981 33.54999924 5.00000000
v 7.92886400 33.77435303 5.00000000
v 7.91251850 33.84764099 5.00000000
v 7.94058943 33.70010376 5.00000000
v 8.11294460 32.90000153 5.00000000
v 7.83656025 34.05863190 5.00000000
v 7.86626768 33.99008560 5.00000000
v 7.89162302 33.91965485 5.00000000
v 8.61294460 32.22499847 5.00000000
v 8.61294460 32.57500076 5.00000000
v 8.61294460 32.90000153 5.00000000
v 7.51963758 32.63764191 5.50000000
v 7.57528019 32.68538284 5.50000000
v 7.62781763 32.73682785 5.50000000
v 7.67702389 32.79175186 5.50000000
v 7.72268867 32.84992599 5.50000000
v 7.76461649 32.91109467 5.50000000
v 7.80262804 32.97499847 5.50000000
v 7.57528019 34.41461563 5.50000000
v 7.62781763 34.36317444 5.50000000
v 7.51963758 34.46235657 5.50000000
v 7.67702389 34.30824661 5.50000000
v 7.72268867 34.25007629 5.50000000
v 7.80262804 34.12500000 5.50000000
v 7.76461649 34.18890762 5.50000000
v 7.83656025 33.04136658 5.50000000
v 7.86626768 33.10991287 5.50000000
v 7.89162302 33.18034363 5.50000000
v 7.91251850 33.25235748 5.50000000
v 7.92886400 33.32564545 5.50000000
v 7.94058943 33.39989471 5.50000000
v 7.94764471 33.47478485 5.50000000
v 7.94764471 33.62521362 5.50000000
v 7.94999981 33.54999924 5.50000000
v 7.92886400 33.77435303 5.50000000
v 7.91251850 33.84764099 5.50000000
v 7.94058943 33.70010376 5.50000000
v 8.11294460 32.90000153 5.50000000
v 7.83656025 34.05863190 5.50000000
v 7.86626768 33.99008560 5.50000000
v 7.89162302 33.91965485 5.50000000
v 8.61294460 32.90000153 5.50000000
v 9.60000038 26.95000076 5.00000000
v 9.60000038 27.45000076 5.00000000
v 9.60000038 26.95000076 5.50000000
v 9.60000038 27.45000076 5.50000000
v 9.64653301 32.81160355 5.00000000
v 9.70681190 32.75813675 5.00000000
v 9.77262783 32.70870209 5.00000000
v 9.84369946 32.66351318 5.00000000
v 9.91972256 32.62276459 5.00000000
v 9.41381836 33.20320511 5.00000000
v 9.38919640 33.35391998 5.00000000
v 9.39807701 33.27766037 5.00000000
v 9.43635178 33.13087845 5.00000000
v 9.46558094 33.06098938 5.00000000
v 9.50137997 32.99383545 5.00000000
v 9.38721275 33.43166351 5.00000000
v 9.39213467 33.51055908 5.00000000
v 9.40394306 33.59026337 5.00000000
v 9.42258453 33.67043686 5.00000000
v 9.44798183 33.75074005 5.00000000
v 9.48002529 33.83082199 5.00000000
v 9.54359722 32.92970657 5.00000000
v 9.59205055 32.86887741 5.00000000
v 9.51857662 33.91034698 5.00000000
v 9.56347179 33.98896790 5.00000000
v 9.61451912 34.06635284 5.00000000
v 9.67149925 34.14216995 5.00000000
v 9.73416710 34.21609497 5.00000000
v 9.80225658 34.28780746 5.00000000
v 9.87547493 34.35700226 5.00000000
v 9.95350742 34.42338562 5.00000000
v 9.64653301 32.81160355 5.50000000
v 9.70681190 32.75813675 5.50000000
v 9.77262783 32.70870209 5.50000000
v 9.84369946 32.66351318 5.50000000
v 9.91972256 32.62276459 5.50000000
v 9.41381836 33.20320511 5.50000000
v 9.38919640 33.35391998 5.50000000
v 9.39807701 33.27766037 5.50000000
v 9.43635178 33.13087845 5.50000000
v 9.46558094 33.06098938 5.50000000
v 9.50137997 32.99383545 5.50000000
v 9.38721275 33.43166351 5.50000000
v 9.39213467 33.51055908 5.50000000
v 9.40394306 33.59026337 5.50000000
v 9.42258453 33.67043686 5.50000000
v 9.44798183 33.75074005 5.50000000
v 9.48002529 33.83082199 5.50000000
v 9.54359722 32.92970657 5.50000000
v 9.59205055 32.86887741 5.50000000
v 9.51857662 33.91034698 5.50000000
v 9.56347179 33.98896790 5.50000000
v 9.61451912 34.06635284 5.50000000
v 9.67149925 34.14216995 5.50000000
v 9.73416710 34.21609497 5.50000000
v 9.80225658 34.28780746 5.50000000
v 9.87547493 34.35700226 5.50000000
v 9.95350742 34.42338562 5.50000000
v 0.60000002 69.40000153 0.00000000
v 0.00000000 69.40000153 0.60000002
v 0.60000002 70.00000000 0.60000002
v 0.19999985 35.17499924 4.59999990
v 0.19999985 37.42499924 4.59999990
v 0.19999985 37.77500153 4.59999990
v 0.19999985 40.02500153 4.59999990
v 0.19999985 40.37500000 4.59999990
v 0.60000002 35.17499924 5.00000000
v 0.60000002 37.42499924 5.00000000
v 0.60000002 37.77500153 5.00000000
v 0.60000002 40.02500153 5.00000000
v 0.60000002 40.37500000 5.00000000
v 0.00000000 69.40000153 4.40000010
v 0.60000002 70.00000000 4.40000010
v 0.60000002 69.40000153 5.00000000
v 4.18169689 56.73559189 4.59999990
v 4.18169689 56.73559189 5.00000000
v 5.84999990 35.17499924 4.59999990
v 5.84999990 37.42499924 4.59999990
v 5.84999990 37.59999847 4.59999990
v 6.30000019 35.17499924 4.59999990
v 6.30000019 37.42499924 4.59999990
v 6.30000019 37.59999847 4.59999990
v 5.84999990 35.17499924 5.00000000
v 5.84999990 37.42499924 5.00000000
v 5.84999990 37.59999847 5.50000000
v 6.30000019 35.17499924 5.00000000
v 6.30000019 37.42499924 5.00000000
v 6.30000019 37.59999847 5.50000000
v 9.85000038 41.50000000 5.00000000
v 9.85000038 41.50000000 5.50000000
v 9.85000038 42.17237854 5.50000000
v 9.85000038 43.12762070 5.50000000
v 9.85000038 46.70000076 5.00000000
v 9.85000038 46.70000076 5.50000000
v 5.39330292 56.26440811 4.59999990
v 6.28214359 58.54999924 4.59999990
v 6.78769922 59.84999847 4.59999990
v 5.39330292 56.26440811 5.00000000
v 6.28214359 58.54999924 5.00000000
v 6.78769922 59.84999847 5.00000000
v 9.78730106 59.84999847 4.59999990
v 9.78730106 59.84999847 5.00000000
v 8.28750038 63.70663071 4.59999990
v 8.28750038 65.50000000 4.59999990
v 7.68169689 65.73558807 4.59999990
v 8.89330292 65.73558807 4.59999990
v 8.28750038 63.70663071 5.00000000
v 8.28750038 65.50000000 5.00000000
v 7.68169689 65.73558807 5.00000000
v 8.89330292 65.73558807 5.00000000
v 19.39999962 0.60000002 0.00000000
v 19.39999962 0.00000000 0.60000002
v 20.00000000 0.60000002 0.60000002
v 10.03184223 32.57500076 4.59999990
v 10.08530140 32.55525589 4.59999990
v 10.17414761 32.52878571 4.59999990
v 10.26653099 32.50733185 4.59999990
v 10.36205482 32.49098587 4.59999990
v 10.46030998 32.47982025 4.59999990
v 10.56087685 32.47387695 4.59999990
v 10.66332436 32.47318268 4.59999990
v 10.76721287 32.47774124 4.59999990
v 10.87209797 32.48753738 4.59999990
v 10.97753143 32.50252151 4.59999990
v 11.08306122 32.52263641 4.59999990
v 11.18823433 32.54779053 4.59999990
v 10.71738815 34.82500076 4.59999990
v 10.81176567 34.85220718 4.59999990
v 10.91693878 34.87736511 4.59999990
v 11.02246857 34.89747620 4.59999990
v 11.12790203 34.91246414 4.59999990
v 11.23278713 34.92225647 4.59999990
v 11.28261280 32.57500076 4.59999990
v 11.33667564 34.92681885 4.59999990
v 11.43912315 34.92612457 4.59999990
v 11.53969002 34.92018127 4.59999990
v 11.63794518 34.90901184 4.59999990
v 11.73346901 34.89266586 4.59999990
v 11.82585239 34.87121201 4.59999990
v 11.91469860 34.84474564 4.59999990
v 11.96815109 34.82500076 4.59999990
v 12.11294460 34.82500076 4.59999990
v 10.00037193 32.58662415 5.00000000
v 10.03184223 32.57500076 5.00000000
v 10.03602219 34.48667145 5.00000000
v 10.12266541 34.54658890 5.00000000
v 10.21306419 34.60287857 5.00000000
v 10.30683327 34.65530396 5.00000000
v 10.40357113 34.70363617 5.00000000
v 10.50286198 34.74767303 5.00000000
v 10.60428238 34.78722382 5.00000000
v 10.71738815 34.82500076 5.00000000
v 10.70739746 34.82212067 5.00000000
v 10.00037193 32.58662415 5.50000000
v 10.08530140 32.55525589 5.50000000
v 10.17414761 32.52878571 5.50000000
v 10.26653099 32.50733185 5.50000000
v 10.36205482 32.49098587 5.50000000
v 10.46030998 32.47982025 5.50000000
v 10.56087685 32.47387695 5.50000000
v 10.03602219 34.48667145 5.50000000
v 10.12266541 34.54658890 5.50000000
v 10.21306419 34.60287857 5.50000000
v 10.30683327 34.65530396 5.50000000
v 10.40357113 34.70363617 5.50000000
v 10.50286198 34.74767303 5.50000000
v 10.60428238 34.78722382 5.50000000
v 10.66332436 32.47318268 5.50000000
v 10.76721287 32.47774124 5.50000000
v 10.87209797 32.48753738 5.50000000
v 10.97753143 32.50252151 5.50000000
v 11.08306122 32.52263641 5.50000000
v 11.18823433 32.54779053 5.50000000
v 10.70739746 34.82212067 5.50000000
v 10.81176567 34.85220718 5.50000000
v 10.91693878 34.87736511 5.50000000
v 11.02246857 34.89747620 5.50000000
v 11.12790203 34.91246414 5.50000000
v 11.23278713 34.92225647 5.50000000
v 11.28261280 32.57500076 5.00000000
v 11.29260254 32.57788086 5.00000000
v 11.39571762 32.61277390 5.00000000
v 11.49713802 32.65232468 5.00000000
v 11.59642887 32.69636154 5.00000000
v 11.69316673 32.74469757 5.00000000
v 11.78693581 32.79712296 5.00000000
v 11.87733459 32.85341263 5.00000000
v 11.96397781 32.91333008 5.00000000
v 12.04649258 32.97661591 5.00000000
v 12.12452507 33.04299545 5.00000000
v 11.96815109 34.82500076 5.00000000
v 11.99962807 34.81337357 5.00000000
v 12.08027744 34.77723694 5.00000000
v 12.11294460 34.75972748 5.00000000
v 12.11294460 34.82500076 5.00000000
v 12.19774342 33.11219406 5.00000000
v 12.26583290 33.18390656 5.00000000
v 12.32850075 33.25782776 5.00000000
v 12.38548088 33.33364487 5.00000000
v 12.43652821 33.41102982 5.00000000
v 12.48142338 33.48965454 5.00000000
v 11.29260254 32.57788086 5.50000000
v 11.39571762 32.61277390 5.50000000
v 11.49713802 32.65232468 5.50000000
v 11.59642887 32.69636154 5.50000000
v 11.69316673 32.74469757 5.50000000
v 11.78693581 32.79712296 5.50000000
v 11.33667564 34.92681885 5.50000000
v 11.43912315 34.92612457 5.50000000
v 11.53969002 34.92018127 5.50000000
v 11.63794518 34.90901184 5.50000000
v 11.73346901 34.89266586 5.50000000
v 11.82585239 34.87121201 5.50000000
v 11.87733459 32.85341263 5.50000000
v 11.96397781 32.91333008 5.50000000
v 12.04649258 32.97661591 5.50000000
v 12.12452507 33.04299545 5.50000000
v 11.91469860 34.84474564 5.50000000
v 11.99962807 34.81337357 5.50000000
v 12.08027744 34.77723694 5.50000000
v 12.11294460 34.75972748 5.50000000
v 12.19774342 33.11219406 5.50000000
v 12.26583290 33.18390656 5.50000000
v 12.32850075 33.25782776 5.50000000
v 12.38548088 33.33364487 5.50000000
v 12.43652821 33.41102982 5.50000000
v 12.48142338 33.48965454 5.50000000
v 12.61294460 34.82500076 4.59999990
v 13.38705540 34.82500076 4.59999990
v 13.88705540 34.82500076 4.59999990
v 12.51997471 33.56917953 5.00000000
v 12.55201817 33.64926147 5.00000000
v 12.56806564 33.70000076 5.00000000
v 12.61294460 33.70000076 5.00000000
v 12.61294460 34.82500076 5.00000000
v 13.38705540 33.70000076 5.00000000
v 13.38705540 34.82500076 5.00000000
v 12.51997471 33.56917953 5.50000000
v 12.55201817 33.64926147 5.50000000
v 12.56806564 33.70000076 5.50000000
v 12.61294460 33.70000076 5.50000000
v 13.38705540 33.70000076 5.50000000
v 13.88705540 33.70000076 5.00000000
v 13.88705540 34.82500076 5.00000000
v 13.88705540 33.70000076 5.50000000
v 19.39999962 0.00000000 4.40000010
v 20.00000000 0.60000002 4.40000010
v 19.39999962 0.60000002 5.00000000
v 19.79999924 29.62500000 4.59999990
v 19.79999924 29.97500038 4.59999990
v 19.79999924 32.22499847 4.59999990
v 19.79999924 32.57500076 4.59999990
v 19.79999924 34.82500076 4.59999990
v 19.39999962 29.62500000 5.00000000
v 19.39999962 29.97500038 5.00000000
v 19.39999962 32.22499847 5.00000000
v 19.39999962 32.57500076 5.00000000
v 19.39999962 34.82500076 5.00000000
v 19.39999962 69.40000153 0.00000000
v 19.39999962 70.00000000 0.60000002
v 20.00000000 69.40000153 0.60000002
v 12.11294460 35.17499924 4.59999990
v 12.11294460 37.42499924 4.59999990
v 12.11294460 37.77500153 4.59999990
v 12.11294460 40.02500153 4.59999990
v 12.11294460 40.37500000 4.59999990
v 10.30000019 41.50000000 5.00000000
v 10.49641705 41.56103134 5.00000000
v 10.56529903 41.53918457 5.00000000
v 10.30000019 41.65407181 5.00000000
v 10.30000019 41.99090576 5.00000000
v 10.30000019 43.20909500 5.00000000
v 10.30000019 43.64592743 5.00000000
v 10.36348248 41.61859512 5.00000000
v 10.33251190 41.97219086 5.00000000
v 10.37125587 41.95328522 5.00000000
v 10.42904854 41.58753967 5.00000000
v 10.41106415 41.93714905 5.00000000
v 10.45176792 41.92385101 5.00000000
v 10.49319172 41.91345215 5.00000000
v 10.53515816 41.90598679 5.00000000
v 10.57748795 41.90149689 5.00000000
v 10.61999989 41.90000153 5.00000000
v 10.33251190 43.22780991 5.00000000
v 10.37125587 43.24671555 5.00000000
v 10.36348248 43.68140411 5.00000000
v 10.41106415 43.26285172 5.00000000
v 10.45176792 43.27614975 5.00000000
v 10.42904854 43.71245956 5.00000000
v 10.49319172 43.28654861 5.00000000
v 10.53515816 43.29401016 5.00000000
v 10.49641705 43.73896790 5.00000000
v 10.57748795 43.29850006 5.00000000
v 10.61999989 43.29999924 5.00000000
v 10.63540077 41.52209854 5.00000000
v 10.70642090 41.50983810 5.00000000
v 10.77805614 41.50246048 5.00000000
v 10.85000038 41.50000000 5.00000000
v 10.92194366 41.50246048 5.00000000
v 10.99357891 41.50983810 5.00000000
v 11.06459904 41.52209854 5.00000000
v 11.13470078 41.53918457 5.00000000
v 11.20358372 41.56103134 5.00000000
v 10.66251183 41.90149689 5.00000000
v 10.70484161 41.90598679 5.00000000
v 10.74680901 41.91345215 5.00000000
v 10.78823280 41.92385101 5.00000000
v 10.82893562 41.93714905 5.00000000
v 10.86874390 41.95328522 5.00000000
v 10.90748787 41.97219086 5.00000000
v 10.66251183 43.29850006 5.00000000
v 10.70484161 43.29401016 5.00000000
v 10.74680901 43.28654861 5.00000000
v 10.78823280 43.27614975 5.00000000
v 10.82893562 43.26285172 5.00000000
v 10.86874390 43.24671555 5.00000000
v 10.90748787 43.22780991 5.00000000
v 10.94499969 41.99378204 5.00000000
v 10.98112106 42.01797104 5.00000000
v 11.01569462 42.04465103 5.00000000
v 11.04857445 42.07371140 5.00000000
v 11.07961941 42.10502625 5.00000000
v 11.10869598 42.13845825 5.00000000
v 11.13567924 42.17386627 5.00000000
v 11.16045570 42.21110153 5.00000000
v 11.18291664 42.25000000 5.00000000
v 11.20296764 42.29039764 5.00000000
v 11.22052193 42.33212280 5.00000000
v 11.23550415 42.37499237 5.00000000
v 11.24785137 42.41882706 5.00000000
v 10.98112106 43.18202972 5.00000000
v 11.01569462 43.15534592 5.00000000
v 11.04857445 43.12628937 5.00000000
v 11.07961941 43.09497452 5.00000000
v 10.94499969 43.20621872 5.00000000
v 11.10869598 43.06154251 5.00000000
v 11.13567924 43.02613449 5.00000000
v 11.16045570 42.98889923 5.00000000
v 11.20296764 42.90960312 5.00000000
v 11.24785137 42.78117371 5.00000000
v 11.22052193 42.86787796 5.00000000
v 11.23550415 42.82500839 5.00000000
v 11.18291664 42.95000076 5.00000000
v 11.20358372 43.73896790 5.00000000
v 10.30000019 41.50000000 5.50000000
v 10.49641705 41.56103134 5.50000000
v 10.56529903 41.53918457 5.50000000
v 10.30000019 41.65407181 5.50000000
v 10.30000019 41.99090576 5.50000000
v 10.30000019 43.20909500 5.50000000
v 10.30000019 43.64592743 5.50000000
v 10.36348248 41.61859512 5.50000000
v 10.33251190 41.97219086 5.50000000
v 10.37125587 41.95328522 5.50000000
v 10.42904854 41.58753967 5.50000000
v 10.41106415 41.93714905 5.50000000
v 10.45176792 41.92385101 5.50000000
v 10.49319172 41.91345215 5.50000000
v 10.53515816 41.90598679 5.50000000
v 10.57748795 41.90149689 5.50000000
v 10.61999989 41.90000153 5.50000000
v 10.33251190 43.22780991 5.50000000
v 10.37125587 43.24671555 5.50000000
v 10.36348248 43.68140411 5.50000000
v 10.41106415 43.26285172 5.50000000
v 10.45176792 43.27614975 5.50000000
v 10.42904854 43.71245956 5.50000000
v 10.49319172 43.28654861 5.50000000
v 10.53515816 43.29401016 5.50000000
v 10.49641705 43.73896790 5.50000000
v 10.57748795 43.29850006 5.50000000
v 10.61999989 43.29999924 5.50000000
v 10.63540077 41.52209854 5.50000000
v 10.70642090 41.50983810 5.50000000
v 10.77805614 41.50246048 5.50000000
v 10.85000038 41.50000000 5.50000000
v 10.92194366 41.50246048 5.50000000
v 10.99357891 41.50983810 5.50000000
v 11.06459904 41.52209854 5.50000000
v 11.13470078 41.53918457 5.50000000
v 11.20358372 41.56103134 5.50000000
v 10.66251183 41.90149689 5.50000000
v 10.70484161 41.90598679 5.50000000
v 10.74680901 41.91345215 5.50000000
v 10.78823280 41.92385101 5.50000000
v 10.82893562 41.93714905 5.50000000
v 10.86874390 41.95328522 5.50000000
v 10.90748787 41.97219086 5.50000000
v 10.66251183 43.29850006 5.50000000
v 10.70484161 43.29401016 5.50000000
v 10.74680901 43.28654861 5.50000000
v 10.78823280 43.27614975 5.50000000
v 10.82893562 43.26285172 5.50000000
v 10.86874390 43.24671555 5.50000000
v 10.90748787 43.22780991 5.50000000
v 10.94499969 41.99378204 5.50000000
v 10.98112106 42.01797104 5.50000000
v 11.01569462 42.04465103 5.50000000
v 11.04857445 42.07371140 5.50000000
v 11.07961941 42.10502625 5.50000000
v 11.10869598 42.13845825 5.50000000
v 11.13567924 42.17386627 5.50000000
v 11.16045570 42.21110153 5.50000000
v 11.18291664 42.25000000 5.50000000
v 11.20296764 42.29039764 5.50000000
v 11.22052193 42.33212280 5.50000000
v 11.23550415 42.37499237 5.50000000
v 11.24785137 42.41882706 5.50000000
v 10.98112106 43.18202972 5.50000000
v 11.01569462 43.15534592 5.50000000
v 11.04857445 43.12628937 5.50000000
v 11.07961941 43.09497452 5.50000000
v 10.94499969 43.20621872 5.50000000
v 11.10869598 43.06154251 5.50000000
v 11.13567924 43.02613449 5.50000000
v 11.16045570 42.98889923 5.50000000
v 11.20296764 42.90960312 5.50000000
v 11.24785137 42.78117371 5.50000000
v 11.22052193 42.86787796 5.50000000
v 11.23550415 42.82500839 5.50000000
v 11.18291664 42.95000076 5.50000000
v 11.20358372 43.73896790 5.50000000
v 12.11294460 35.17499924 5.00000000
v 12.11294460 37.42499924 5.00000000
v 12.11294460 37.77500153 5.00000000
v 11.27095222 41.58753967 5.00000000
v 11.33651733 41.61859512 5.00000000
v 11.39999962 41.65407181 5.00000000
v 11.25751019 42.46343613 5.00000000
v 11.26443958 42.50863266 5.00000000
v 11.26860809 42.55421829 5.00000000
v 11.26860809 42.64578247 5.00000000
v 11.27000046 42.59999847 5.00000000
v 11.46112728 41.69380951 5.00000000
v 11.51963711 41.73764420 5.00000000
v 11.26443958 42.69136810 5.00000000
v 11.25751019 42.73656464 5.00000000
v 11.27095222 43.71245956 5.00000000
v 11.33651733 43.68140411 5.00000000
v 11.39999962 43.64592743 5.00000000
v 11.46112728 43.60618973 5.00000000
v 11.51963711 43.56235504 5.00000000
v 11.57528019 41.78538513 5.00000000
v 11.62781715 41.83682632 5.00000000
v 11.67702389 41.89175415 5.00000000
v 11.72268867 41.94992447 5.00000000
v 11.76461697 42.01109314 5.00000000
v 11.80262756 42.07500076 5.00000000
v 11.83656025 42.14136887 5.00000000
v 11.86626720 42.20991516 5.00000000
v 11.62781715 43.46317291 5.00000000
v 11.57528019 43.51461411 5.00000000
v 11.67702389 43.40824890 5.00000000
v 11.83656025 43.15863037 5.00000000
v 11.86626720 43.09008408 5.00000000
v 11.72268867 43.35007477 5.00000000
v 11.76461697 43.28890610 5.00000000
v 11.80262756 43.22499847 5.00000000
v 12.11294460 40.02500153 5.00000000
v 12.11294460 40.37500000 5.00000000
v 11.89162350 42.28034592 5.00000000
v 11.91251850 42.35235977 5.00000000
v 11.92886353 42.42564774 5.00000000
v 11.94058895 42.49989319 5.00000000
v 11.94764519 42.57478714 5.00000000
v 11.94999981 42.65000153 5.00000000
v 12.11294460 42.00000000 5.00000000
v 11.94764519 42.72521210 5.00000000
v 11.92886353 42.87435532 5.00000000
v 11.94058895 42.80010605 5.00000000
v 11.89162350 43.01965714 5.00000000
v 11.91251850 42.94764328 5.00000000
v 12.39999962 42.54999924 5.00000000
v 12.39999962 43.04999924 5.00000000
v 11.27095222 41.58753967 5.50000000
v 11.33651733 41.61859512 5.50000000
v 11.39999962 41.65407181 5.50000000
v 11.25751019 42.46343613 5.50000000
v 11.26443958 42.50863266 5.50000000
v 11.26860809 42.55421829 5.50000000
v 11.26860809 42.64578247 5.50000000
v 11.27000046 42.59999847 5.50000000
v 11.46112728 41.69380951 5.50000000
v 11.51963711 41.73764420 5.50000000
v 11.26443958 42.69136810 5.50000000
v 11.25751019 42.73656464 5.50000000
v 11.27095222 43.71245956 5.50000000
v 11.33651733 43.68140411 5.50000000
v 11.39999962 43.64592743 5.50000000
v 11.46112728 43.60618973 5.50000000
v 11.51963711 43.56235504 5.50000000
v 11.57528019 41.78538513 5.50000000
v 11.62781715 41.83682632 5.50000000
v 11.67702389 41.89175415 5.50000000
v 11.72268867 41.94992447 5.50000000
v 11.76461697 42.01109314 5.50000000
v 11.80262756 42.07500076 5.50000000
v 11.83656025 42.14136887 5.50000000
v 11.86626720 42.20991516 5.50000000
v 11.62781715 43.46317291 5.50000000
v 11.57528019 43.51461411 5.50000000
v 11.67702389 43.40824890 5.50000000
v 11.83656025 43.15863037 5.50000000
v 11.86626720 43.09008408 5.50000000
v 11.72268867 43.35007477 5.50000000
v 11.76461697 43.28890610 5.50000000
v 11.80262756 43.22499847 5.50000000
v 11.89162350 42.28034592 5.50000000
v 11.91251850 42.35235977 5.50000000
v 11.92886353 42.42564774 5.50000000
v 11.94058895 42.49989319 5.50000000
v 11.94764519 42.57478714 5.50000000
v 11.94999981 42.65000153 5.50000000
v 12.11294460 42.00000000 5.50000000
v 11.94764519 42.72521210 5.50000000
v 11.92886353 42.87435532 5.50000000
v 11.94058895 42.80010605 5.50000000
v 11.89162350 43.01965714 5.50000000
v 11.91251850 42.94764328 5.50000000
v 12.39999962 42.54999924 5.50000000
v 12.39999962 43.04999924 5.50000000
v 10.56529903 43.76081467 5.00000000
v 10.30000019 46.70000076 5.00000000
v 10.63540077 43.77790451 5.00000000
v 10.70642090 43.79016113 5.00000000
v 10.77805614 43.79753876 5.00000000
v 10.85000038 43.79999924 5.00000000
v 10.92194366 43.79753876 5.00000000
v 10.99357891 43.79016113 5.00000000
v 11.06459904 43.77790451 5.00000000
v 11.13470078 43.76081467 5.00000000
v 10.56529903 43.76081467 5.50000000
v 10.30000019 46.70000076 5.50000000
v 10.63540077 43.77790451 5.50000000
v 10.70642090 43.79016113 5.50000000
v 10.77805614 43.79753876 5.50000000
v 10.85000038 43.79999924 5.50000000
v 10.92194366 43.79753876 5.50000000
v 10.99357891 43.79016113 5.50000000
v 11.06459904 43.77790451 5.50000000
v 11.13470078 43.76081467 5.50000000
v 12.61294460 35.17499924 4.59999990
v 12.61294460 37.42499924 4.59999990
v 12.61294460 37.77500153 4.59999990
v 13.38705540 35.17499924 4.59999990
v 13.38705540 37.42499924 4.59999990
v 13.38705540 37.77500153 4.59999990
v 12.61294460 40.02500153 4.59999990
v 12.61294460 40.37500000 4.59999990
v 13.38705540 40.02500153 4.59999990
v 13.38705540 40.37500000 4.59999990
v 13.88705540 35.17499924 4.59999990
v 13.88705540 37.42499924 4.59999990
v 13.88705540 37.77500153 4.59999990
v 13.88705540 40.02500153 4.59999990
v 13.88705540 40.37500000 4.59999990
v 12.61294460 35.17499924 5.00000000
v 12.61294460 37.42499924 5.00000000
v 12.61294460 37.77500153 5.00000000
v 13.38705540 35.17499924 5.00000000
v 13.38705540 37.42499924 5.00000000
v 13.38705540 37.77500153 5.00000000
v 12.61294460 40.02500153 5.00000000
v 12.61294460 40.37500000 5.00000000
v 12.61294460 42.00000000 5.00000000
v 13.38705540 40.02500153 5.00000000
v 13.38705540 40.37500000 5.00000000
v 13.38705540 42.54999924 5.00000000
v 13.54122066 43.04999924 5.00000000
v 13.56347179 43.08897018 5.00000000
v 13.61451912 43.16635513 5.00000000
v 13.67149925 43.24217224 5.00000000
v 13.73416710 43.31609344 5.00000000
v 12.61294460 42.00000000 5.50000000
v 13.38705540 42.54999924 5.50000000
v 13.54122066 43.04999924 5.50000000
v 13.56347179 43.08897018 5.50000000
v 13.61451912 43.16635513 5.50000000
v 13.67149925 43.24217224 5.50000000
v 13.73416710 43.31609344 5.50000000
v 13.88705540 35.17499924 5.00000000
v 13.88705540 37.42499924 5.00000000
v 13.88705540 37.77500153 5.00000000
v 13.88705540 40.02500153 5.00000000
v 13.88705540 40.37500000 5.00000000
v 13.88705540 41.74027252 5.00000000
v 13.91972256 41.72276306 5.00000000
v 14.00037193 41.68662643 5.00000000
v 13.80225658 43.38780594 5.00000000
v 13.87547493 43.45700455 5.00000000
v 13.95350742 43.52338409 5.00000000
v 14.03602219 43.58666992 5.00000000
v 14.08530140 41.65525436 5.00000000
v 14.17414761 41.62878799 5.00000000
v 14.26653099 41.60733414 5.00000000
v 14.36205482 41.59098816 5.00000000
v 14.12266541 43.64658737 5.00000000
v 14.21306419 43.70287704 5.00000000
v 14.46030998 41.57981873 5.00000000
v 14.56087685 41.57387543 5.00000000
v 14.66332436 41.57318115 5.00000000
v 14.76721287 41.57774353 5.00000000
v 14.87209797 41.58753586 5.00000000
v 14.97753143 41.60252380 5.00000000
v 13.88705540 41.74027252 5.50000000
v 13.91972256 41.72276306 5.50000000
v 14.00037193 41.68662643 5.50000000
v 13.80225658 43.38780594 5.50000000
v 13.87547493 43.45700455 5.50000000
v 13.95350742 43.52338409 5.50000000
v 14.03602219 43.58666992 5.50000000
v 14.08530140 41.65525436 5.50000000
v 14.17414761 41.62878799 5.50000000
v 14.26653099 41.60733414 5.50000000
v 14.36205482 41.59098816 5.50000000
v 14.12266541 43.64658737 5.50000000
v 14.21306419 43.70287704 5.50000000
v 14.46030998 41.57981873 5.50000000
v 14.56087685 41.57387543 5.50000000
v 14.66332436 41.57318115 5.50000000
v 14.76721287 41.57774353 5.50000000
v 14.87209797 41.58753586 5.50000000
v 14.97753143 41.60252380 5.50000000
v 14.30683327 43.75530243 5.00000000
v 14.40357113 43.80363846 5.00000000
v 14.50286198 43.84767532 5.00000000
v 14.60428238 43.88722610 5.00000000
v 14.70739746 43.92211914 5.00000000
v 14.81176567 43.95220947 5.00000000
v 14.91693878 43.97736359 5.00000000
v 14.30683327 43.75530243 5.50000000
v 14.40357113 43.80363846 5.50000000
v 14.50286198 43.84767532 5.50000000
v 14.60428238 43.88722610 5.50000000
v 14.70739746 43.92211914 5.50000000
v 14.81176567 43.95220947 5.50000000
v 14.91693878 43.97736359 5.50000000
v 11.18169689 56.26440811 4.59999990
v 10.29285622 58.54999924 4.59999990
v 12.39330292 56.73559189 4.59999990
v 11.18169689 56.26440811 5.00000000
v 10.29285622 58.54999924 5.00000000
v 12.39330292 56.73559189 5.00000000
v 13.19330311 57.75000000 4.59999990
v 13.19330311 58.59047318 4.59999990
v 13.19330311 59.78452682 4.59999990
v 13.89642811 57.75000000 4.59999990
v 13.89642811 57.86922073 4.59999990
v 13.91711330 57.85942459 4.59999990
v 14.00132370 57.82628632 4.59999990
v 13.89868736 58.44652557 4.59999990
v 13.89642811 58.44764328 4.59999990
v 13.93983555 58.42959976 4.59999990
v 13.98190880 58.41564941 4.59999990
v 14.02472687 58.40473557 4.59999990
v 14.08742714 57.79898071 4.59999990
v 14.17505360 57.77762222 4.59999990
v 14.26382923 57.76229858 4.59999990
v 14.35337353 57.75307846 4.59999990
v 14.06810570 58.39690781 4.59999990
v 14.11186028 58.39219666 4.59999990
v 14.15580273 58.39062500 4.59999990
v 14.19974613 58.39219666 4.59999990
v 14.24350071 58.39690781 4.59999990
v 14.28687954 58.40473557 4.59999990
v 14.32969666 58.41564941 4.59999990
v 14.37176991 58.42959976 4.59999990
v 13.89868736 59.80347443 4.59999990
v 13.89642811 59.80235672 4.59999990
v 13.93983555 59.82040024 4.59999990
v 13.98190880 59.83435059 4.59999990
v 14.02472687 59.84526443 4.59999990
v 13.89642811 60.50577927 4.59999990
v 13.91711330 60.51557541 4.59999990
v 14.00132370 60.54871368 4.59999990
v 14.06810570 59.85309219 4.59999990
v 14.11186028 59.85780334 4.59999990
v 14.15580273 59.85937500 4.59999990
v 14.19974613 59.85780334 4.59999990
v 14.24350071 59.85309219 4.59999990
v 14.28687954 59.84526443 4.59999990
v 14.32969666 59.83435059 4.59999990
v 14.37176991 59.82040024 4.59999990
v 14.08742714 60.57601929 4.59999990
v 14.17505360 60.59737778 4.59999990
v 14.26382923 60.61270142 4.59999990
v 14.35337353 60.62192154 4.59999990
v 14.44330311 57.75000000 4.59999990
v 14.53323269 57.75307846 4.59999990
v 14.62277699 57.76229858 4.59999990
v 14.41291809 58.44652557 4.59999990
v 14.45296574 58.46635818 4.59999990
v 14.49174023 58.48901367 4.59999990
v 14.52907658 58.51438904 4.59999990
v 14.56481457 58.54238129 4.59999990
v 14.59880066 58.57286835 4.59999990
v 14.63089085 58.60571671 4.59999990
v 14.66094494 58.64079285 4.59999990
v 14.71155262 57.77762222 4.59999990
v 14.79917908 57.79898071 4.59999990
v 14.88528252 57.82628632 4.59999990
v 14.96949291 57.85942459 4.59999990
v 14.68883705 58.67794037 4.59999990
v 14.71444702 58.71700287 4.59999990
v 14.73766422 58.75781250 4.59999990
v 14.75838947 58.80019379 4.59999990
v 14.77653503 58.84396744 4.59999990
v 14.79202175 58.88894272 4.59999990
v 14.80478477 58.93492889 4.59999990
v 14.81476784 58.98173141 4.59999990
v 14.82192993 59.02914429 4.59999990
v 14.41291809 59.80347443 4.59999990
v 14.45296574 59.78364182 4.59999990
v 14.49174023 59.76098633 4.59999990
v 14.52907658 59.73561096 4.59999990
v 14.66094494 59.60920715 4.59999990
v 14.56481457 59.70761871 4.59999990
v 14.59880066 59.67713165 4.59999990
v 14.63089085 59.64428329 4.59999990
v 14.44330311 60.62500000 4.59999990
v 14.53323269 60.62192154 4.59999990
v 14.62277699 60.61270142 4.59999990
v 14.68883705 59.57205963 4.59999990
v 14.71444702 59.53299713 4.59999990
v 14.75838947 59.44980621 4.59999990
v 14.73766422 59.49218750 4.59999990
v 14.82623959 59.07696915 4.59999990
v 14.82767773 59.12500000 4.59999990
v 14.82623959 59.17303085 4.59999990
v 14.82192993 59.22085571 4.59999990
v 14.81476784 59.26826859 4.59999990
v 14.80478477 59.31507111 4.59999990
v 14.77653503 59.40603256 4.59999990
v 14.79202175 59.36105728 4.59999990
v 14.71155262 60.59737778 4.59999990
v 14.79917908 60.57601929 4.59999990
v 14.88528252 60.54871368 4.59999990
v 14.96949291 60.51557541 4.59999990
v 13.19330311 57.75000000 5.00000000
v 13.89642811 57.75000000 5.00000000
v 13.89642811 57.86922073 5.00000000
v 13.91711330 57.85942459 5.00000000
v 14.00132370 57.82628632 5.00000000
v 13.89868736 58.44652557 5.00000000
v 13.89642811 58.44764328 5.00000000
v 13.93983555 58.42959976 5.00000000
v 13.98190880 58.41564941 5.00000000
v 14.02472687 58.40473557 5.00000000
v 14.08742714 57.79898071 5.00000000
v 14.17505360 57.77762222 5.00000000
v 14.26382923 57.76229858 5.00000000
v 14.35337353 57.75307846 5.00000000
v 14.06810570 58.39690781 5.00000000
v 14.11186028 58.39219666 5.00000000
v 14.15580273 58.39062500 5.00000000
v 14.19974613 58.39219666 5.00000000
v 14.24350071 58.39690781 5.00000000
v 14.28687954 58.40473557 5.00000000
v 14.32969666 58.41564941 5.00000000
v 14.37176991 58.42959976 5.00000000
v 13.89642811 59.80235672 5.00000000
v 13.89868736 59.80347443 5.00000000
v 13.93983555 59.82040024 5.00000000
v 13.98190880 59.83435059 5.00000000
v 14.02472687 59.84526443 5.00000000
v 13.89642811 60.50577927 5.00000000
v 13.91711330 60.51557541 5.00000000
v 14.00132370 60.54871368 5.00000000
v 14.06810570 59.85309219 5.00000000
v 14.11186028 59.85780334 5.00000000
v 14.15580273 59.85937500 5.00000000
v 14.19974613 59.85780334 5.00000000
v 14.24350071 59.85309219 5.00000000
v 14.28687954 59.84526443 5.00000000
v 14.32969666 59.83435059 5.00000000
v 14.37176991 59.82040024 5.00000000
v 14.08742714 60.57601929 5.00000000
v 14.17505360 60.59737778 5.00000000
v 14.26382923 60.61270142 5.00000000
v 14.35337353 60.62192154 5.00000000
v 14.44330311 57.75000000 5.00000000
v 14.53323269 57.75307846 5.00000000
v 14.62277699 57.76229858 5.00000000
v 14.41291809 58.44652557 5.00000000
v 14.45296574 58.46635818 5.00000000
v 14.49174023 58.48901367 5.00000000
v 14.52907658 58.51438904 5.00000000
v 14.56481457 58.54238129 5.00000000
v 14.59880066 58.57286835 5.00000000
v 14.63089085 58.60571671 5.00000000
v 14.66094494 58.64079285 5.00000000
v 14.71155262 57.77762222 5.00000000
v 14.79917908 57.79898071 5.00000000
v 14.88528252 57.82628632 5.00000000
v 14.96949291 57.85942459 5.00000000
v 14.68883705 58.67794037 5.00000000
v 14.71444702 58.71700287 5.00000000
v 14.73766422 58.75781250 5.00000000
v 14.75838947 58.80019379 5.00000000
v 14.77653503 58.84396744 5.00000000
v 14.79202175 58.88894272 5.00000000
v 14.80478477 58.93492889 5.00000000
v 14.81476784 58.98173141 5.00000000
v 14.82192993 59.02914429 5.00000000
v 14.41291809 59.80347443 5.00000000
v 14.45296574 59.78364182 5.00000000
v 14.49174023 59.76098633 5.00000000
v 14.52907658 59.73561096 5.00000000
v 14.66094494 59.60920715 5.00000000
v 14.56481457 59.70761871 5.00000000
v 14.59880066 59.67713165 5.00000000
v 14.63089085 59.64428329 5.00000000
v 14.44330311 60.62500000 5.00000000
v 14.53323269 60.62192154 5.00000000
v 14.62277699 60.61270142 5.00000000
v 14.68883705 59.57205963 5.00000000
v 14.71444702 59.53299713 5.00000000
v 14.75838947 59.44980621 5.00000000
v 14.73766422 59.49218750 5.00000000
v 14.82623959 59.07696915 5.00000000
v 14.82767773 59.12500000 5.00000000
v 14.82623959 59.17303085 5.00000000
v 14.82192993 59.22085571 5.00000000
v 14.81476784 59.26826859 5.00000000
v 14.80478477 59.31507111 5.00000000
v 14.77653503 59.40603256 5.00000000
v 14.79202175 59.36105728 5.00000000
v 14.71155262 60.59737778 5.00000000
v 14.79917908 60.57601929 5.00000000
v 14.88528252 60.54871368 5.00000000
v 14.96949291 60.51557541 5.00000000
v 13.19330311 64.25000000 4.59999990
v 13.89642811 64.25000000 4.59999990
v 13.19330311 64.25000000 5.00000000
v 13.89642811 64.25000000 5.00000000
v 15.08306122 41.62263489 5.00000000
v 15.18823433 41.64779282 5.00000000
v 15.29260254 41.67787933 5.00000000
v 15.39571762 41.71277618 5.00000000
v 15.49713802 41.75232697 5.00000000
v 15.59642887 41.79636383 5.00000000
v 15.69316673 41.84469604 5.00000000
v 15.78693581 41.89712143 5.00000000
v 15.87733459 41.95341110 5.00000000
v 15.96397781 42.01332855 5.00000000
v 16.04649162 42.07661438 5.00000000
v 16.12452507 42.14299774 5.00000000
v 16.19774437 42.21219254 5.00000000
v 15.08306122 41.62263489 5.50000000
v 15.18823433 41.64779282 5.50000000
v 15.29260254 41.67787933 5.50000000
v 15.39571762 41.71277618 5.50000000
v 15.49713802 41.75232697 5.50000000
v 15.59642887 41.79636383 5.50000000
v 15.69316673 41.84469604 5.50000000
v 15.78693581 41.89712143 5.50000000
v 15.87733459 41.95341110 5.50000000
v 15.96397781 42.01332855 5.50000000
v 16.04649162 42.07661438 5.50000000
v 16.12452507 42.14299774 5.50000000
v 16.19774437 42.21219254 5.50000000
v 16.26583290 42.28390503 5.00000000
v 16.32850075 42.35783005 5.00000000
v 16.38548088 42.43364716 5.00000000
v 16.43652725 42.51103210 5.00000000
v 16.45878029 42.54999924 5.00000000
v 16.29318810 43.74186325 5.00000000
v 16.35346603 43.68839645 5.00000000
v 16.40794945 43.63112259 5.00000000
v 16.45640373 43.57029343 5.00000000
v 16.53442001 43.43901062 5.00000000
v 16.49861908 43.50616455 5.00000000
v 16.61164284 43.04999924 5.00000000
v 16.61278725 43.06833649 5.00000000
v 16.61080360 43.14608002 5.00000000
v 16.58618164 43.29679489 5.00000000
v 16.56364822 43.36912155 5.00000000
v 16.60192299 43.22233963 5.00000000
v 16.26583290 42.28390503 5.50000000
v 16.32850075 42.35783005 5.50000000
v 16.38548088 42.43364716 5.50000000
v 16.43652725 42.51103210 5.50000000
v 16.45878029 42.54999924 5.50000000
v 16.29318810 43.74186325 5.50000000
v 16.35346603 43.68839645 5.50000000
v 16.40794945 43.63112259 5.50000000
v 16.45640373 43.57029343 5.50000000
v 16.53442001 43.43901062 5.50000000
v 16.49861908 43.50616455 5.50000000
v 16.61164284 43.04999924 5.50000000
v 16.61278725 43.06833649 5.50000000
v 16.61080360 43.14608002 5.50000000
v 16.58618164 43.29679489 5.50000000
v 16.56364822 43.36912155 5.50000000
v 16.60192299 43.22233963 5.50000000
v 15.02246857 43.99747849 5.00000000
v 15.12790203 44.01246262 5.00000000
v 15.23278713 44.02225876 5.00000000
v 15.33667564 44.02681732 5.00000000
v 15.43912315 44.02612305 5.00000000
v 15.53969002 44.02017975 5.00000000
v 15.63794518 44.00901413 5.00000000
v 15.73346901 43.99266815 5.00000000
v 15.82585239 43.97121429 5.00000000
v 15.91469860 43.94474411 5.00000000
v 15.99962807 43.91337585 5.00000000
v 16.08027840 43.87723541 5.00000000
v 16.15630150 43.83648682 5.00000000
v 16.22737312 43.79129791 5.00000000
v 15.02246857 43.99747849 5.50000000
v 15.12790203 44.01246262 5.50000000
v 15.23278713 44.02225876 5.50000000
v 15.33667564 44.02681732 5.50000000
v 15.43912315 44.02612305 5.50000000
v 15.53969002 44.02017975 5.50000000
v 15.63794518 44.00901413 5.50000000
v 15.73346901 43.99266815 5.50000000
v 15.82585239 43.97121429 5.50000000
v 15.91469860 43.94474411 5.50000000
v 15.99962807 43.91337585 5.50000000
v 16.08027840 43.87723541 5.50000000
v 16.15630150 43.83648682 5.50000000
v 16.22737312 43.79129791 5.50000000
v 19.79999924 35.17499924 4.59999990
v 19.79999924 37.42499924 4.59999990
v 19.79999924 37.77500153 4.59999990
v 19.79999924 40.02500153 4.59999990
v 19.79999924 40.37500000 4.59999990
v 17.60000038 42.54999924 5.00000000
v 17.60000038 43.04999924 5.00000000
v 17.60000038 42.54999924 5.50000000
v 17.60000038 43.04999924 5.50000000
v 19.39999962 35.17499924 5.00000000
v 19.39999962 37.42499924 5.00000000
v 19.39999962 37.77500153 5.00000000
v 19.39999962 40.02500153 5.00000000
v 19.39999962 40.37500000 5.00000000
v 15.05144978 57.89824677 4.59999990
v 15.13080311 57.94258881 4.59999990
v 15.20721245 57.99226379 4.59999990
v 15.28034973 58.04705429 4.59999990
v 15.34990311 58.10673141 4.59999990
v 15.41557503 58.17103577 4.59999990
v 15.47708321 58.23968887 4.59999990
v 15.53416348 58.31240463 4.59999990
v 15.58657360 58.38886642 4.59999990
v 15.05144978 60.47675323 4.59999990
v 15.13080311 60.43241119 4.59999990
v 15.20721245 60.38273621 4.59999990
v 15.28034973 60.32794571 4.59999990
v 15.47708321 60.13531113 4.59999990
v 15.53416348 60.06259537 4.59999990
v 15.58657360 59.98613358 4.59999990
v 15.34990311 60.26826859 4.59999990
v 15.41557503 60.20396423 4.59999990
v 15.63408756 58.46875000 4.59999990
v 15.67650318 58.55170822 4.59999990
v 15.71363735 58.63739395 4.59999990
v 15.74533176 58.72542953 4.59999990
v 15.77145100 58.81544876 4.59999990
v 15.79188251 58.90705872 4.59999990
v 15.80653954 58.99987030 4.59999990
v 15.77145100 59.55955124 4.59999990
v 15.67650318 59.82329178 4.59999990
v 15.63408756 59.90625000 4.59999990
v 15.71363735 59.73760605 4.59999990
v 15.74533176 59.64957047 4.59999990
v 15.81535912 59.09348297 4.59999990
v 15.81830311 59.18750000 4.59999990
v 15.81535912 59.28151703 4.59999990
v 15.79188251 59.46794128 4.59999990
v 15.80653954 59.37512970 4.59999990
v 15.05144978 57.89824677 5.00000000
v 15.13080311 57.94258881 5.00000000
v 15.20721245 57.99226379 5.00000000
v 15.28034973 58.04705429 5.00000000
v 15.34990311 58.10673141 5.00000000
v 15.41557503 58.17103577 5.00000000
v 15.47708321 58.23968887 5.00000000
v 15.53416348 58.31240463 5.00000000
v 15.58657360 58.38886642 5.00000000
v 15.05144978 60.47675323 5.00000000
v 15.13080311 60.43241119 5.00000000
v 15.20721245 60.38273621 5.00000000
v 15.28034973 60.32794571 5.00000000
v 15.47708321 60.13531113 5.00000000
v 15.53416348 60.06259537 5.00000000
v 15.58657360 59.98613358 5.00000000
v 15.34990311 60.26826859 5.00000000
v 15.41557503 60.20396423 5.00000000
v 15.63408756 58.46875000 5.00000000
v 15.67650318 58.55170822 5.00000000
v 15.71363735 58.63739395 5.00000000
v 15.74533176 58.72542953 5.00000000
v 15.77145100 58.81544876 5.00000000
v 15.79188251 58.90705872 5.00000000
v 15.80653954 58.99987030 5.00000000
v 15.77145100 59.55955124 5.00000000
v 15.67650318 59.82329178 5.00000000
v 15.63408756 59.90625000 5.00000000
v 15.71363735 59.73760605 5.00000000
v 15.74533176 59.64957047 5.00000000
v 15.81535912 59.09348297 5.00000000
v 15.81830311 59.18750000 5.00000000
v 15.81535912 59.28151703 5.00000000
v 15.79188251 59.46794128 5.00000000
v 15.80653954 59.37512970 5.00000000
v 19.39999962 70.00000000 4.40000010
v 20.00000000 69.40000153 4.40000010
v 19.39999962 69.40000153 5.00000000
f 1 3 2
f 2 3 5
f 1 2 811
f 2 4 812
f 1 864 3
f 1 811 863
f 2 5 4
f 4 5 6
f 4 6 53
f 6 7 63
f 6 8 7
f 6 12 8
f 6 13 12
f 6 14 13
f 6 67 14
f 6 68 67
f 6 72 68
f 6 73 72
f 6 78 73
f 6 79 78
f 6 84 79
f 6 85 84
f 6 115 85
f 6 116 115
f 6 117 116
f 6 121 117
f 6 122 121
f 6 58 53
f 6 63 58
f 8 12 9
f 11 10 15
f 11 15 16
f 11 16 17
f 11 17 18
f 11 18 69
f 11 69 70
f 11 70 71
f 11 20 19
f 11 21 20
f 11 22 21
f 11 23 22
f 11 24 23
f 11 91 24
f 11 92 91
f 11 93 92
f 4 53 824
f 54 59 55
f 56 61 57
f 55 404 56
f 57 62 405
f 59 60 55
f 57 61 62
f 26 64 25
f 27 64 26
f 28 64 27
f 98 64 28
f 56 426 61
f 61 427 62
f 11 71 74
f 11 74 75
f 11 75 76
f 11 76 77
f 11 77 80
f 11 80 81
f 11 81 82
f 11 82 83
f 11 83 86
f 11 86 87
f 11 87 88
f 11 88 89
f 11 89 90
f 11 90 118
f 11 118 119
f 11 119 120
f 11 120 129
f 11 129 130
f 11 131 132
f 11 130 131
f 11 94 93
f 11 95 94
f 11 96 95
f 11 97 96
f 11 102 97
f 11 105 104
f 11 106 105
f 11 107 106
f 11 109 107
f 11 110 109
f 11 103 102
f 11 104 103
f 11 108 110
f 11 141 108
f 11 142 141
f 11 144 142
f 11 139 146
f 11 133 134
f 11 132 133
f 11 135 136
f 11 134 135
f 11 137 140
f 11 136 137
f 11 138 139
f 11 140 138
f 11 145 143
f 11 143 144
f 11 146 145
f 150 291 149
f 151 291 150
f 256 269 258
f 255 269 254
f 257 269 255
f 258 269 257
f 153 291 151
f 154 291 153
f 155 291 154
f 157 291 156
f 156 291 155
f 152 291 157
f 254 291 152
f 264 268 265
f 265 269 262
f 262 269 266
f 267 269 256
f 266 269 267
f 269 265 268
f 254 269 291
f 269 307 291
f 53 668 54
f 53 58 667
f 55 60 671
f 55 403 404
f 55 406 403
f 56 404 426
f 57 405 829
f 55 413 406
f 55 414 413
f 55 415 414
f 99 64 98
f 100 64 99
f 101 64 100
f 111 64 101
f 112 64 111
f 113 64 112
f 114 64 113
f 147 64 114
f 148 64 147
f 149 64 148
f 54 678 59
f 149 291 64
f 64 291 292
f 58 63 677
f 59 691 60
f 677 63 64
f 677 64 292
f 62 427 405
f 61 426 427
f 3 998 5
f 5 998 6
f 6 1000 122
f 1000 123 122
f 1000 124 123
f 1000 125 124
f 1000 126 125
f 1000 127 126
f 1000 128 127
f 1000 249 128
f 1000 250 249
f 1000 251 250
f 1000 252 251
f 1000 253 252
f 1000 260 259
f 1000 259 253
f 1000 261 260
f 1000 263 261
f 1000 264 263
f 1000 268 264
f 1000 297 268
f 268 303 300
f 268 304 303
f 268 300 301
f 268 301 302
f 268 295 304
f 268 296 295
f 268 297 296
f 269 305 306
f 269 306 307
f 316 291 307
f 317 291 316
f 318 291 317
f 319 291 318
f 320 291 319
f 321 291 320
f 322 291 321
f 291 322 323
f 291 323 360
f 291 360 361
f 291 361 362
f 291 362 363
f 291 363 364
f 291 364 365
f 291 365 372
f 291 372 373
f 291 373 374
f 291 374 375
f 291 375 376
f 291 376 377
f 53 667 668
f 54 668 678
f 55 671 415
f 406 408 407
f 406 409 408
f 409 406 410
f 410 406 411
f 411 406 412
f 412 406 413
f 671 417 415
f 671 418 417
f 671 419 418
f 671 420 419
f 672 421 420
f 58 677 667
f 60 691 671
f 59 678 691
f 291 377 675
f 677 292 676
f 438 436 437
f 439 436 438
f 440 436 439
f 436 443 442
f 441 436 440
f 431 436 441
f 432 436 431
f 433 436 432
f 434 436 433
f 435 436 434
f 443 436 487
f 446 445 447
f 446 447 452
f 443 487 444
f 444 468 448
f 446 452 453
f 446 453 462
f 446 462 463
f 446 463 464
f 436 435 454
f 436 454 455
f 436 455 456
f 436 456 457
f 436 457 473
f 436 473 474
f 436 474 475
f 436 475 476
f 436 476 477
f 436 477 478
f 436 478 479
f 436 479 480
f 436 480 481
f 487 436 488
f 436 491 488
f 436 493 492
f 436 494 493
f 436 483 494
f 436 492 491
f 448 467 449
f 449 465 450
f 450 466 451
f 451 461 458
f 458 461 459
f 449 467 465
f 444 485 468
f 448 468 467
f 450 465 466
f 451 466 461
f 459 461 460
f 446 464 469
f 446 469 470
f 446 470 489
f 444 486 485
f 444 487 486
f 446 489 490
f 446 490 495
f 436 481 482
f 436 482 497
f 436 497 498
f 436 498 499
f 436 499 500
f 436 501 502
f 436 500 501
f 436 509 510
f 436 502 509
f 436 511 503
f 436 510 511
f 436 504 505
f 436 484 483
f 436 505 484
f 436 506 504
f 436 508 506
f 436 507 508
f 436 503 507
f 626 675 377
f 627 675 626
f 628 675 627
f 629 675 628
f 630 675 629
f 633 675 630
f 631 675 633
f 632 675 631
f 640 664 753
f 672 422 421
f 672 423 422
f 672 424 423
f 672 425 424
f 671 672 420
f 692 425 672
f 416 446 879
f 673 866 674
f 879 880 416
f 416 880 881
f 673 867 866
f 673 868 867
f 673 869 868
f 673 870 869
f 673 871 870
f 673 872 871
f 674 866 896
f 416 881 882
f 416 882 883
f 416 883 884
f 416 884 1014
f 692 471 425
f 692 472 471
f 692 687 472
f 692 688 687
f 692 689 688
f 692 690 689
f 692 693 690
f 692 694 693
f 692 715 694
f 694 715 695
f 695 715 703
f 703 715 704
f 704 715 705
f 446 495 898
f 496 898 495
f 705 721 706
f 706 721 707
f 707 721 708
f 705 715 721
f 708 768 709
f 709 769 711
f 711 770 710
f 710 770 714
f 714 771 712
f 712 772 713
f 773 718 713
f 512 898 496
f 513 898 512
f 514 898 513
f 696 783 698
f 701 778 702
f 718 776 717
f 717 777 716
f 716 777 701
f 700 780 699
f 702 779 700
f 699 781 697
f 697 782 696
f 515 898 514
f 698 897 516
f 516 898 515
f 721 763 708
f 640 753 679
f 674 896 720
f 720 775 774
f 720 757 775
f 720 758 757
f 720 759 758
f 446 904 879
f 720 766 721
f 768 708 763
f 769 709 768
f 770 711 769
f 771 714 770
f 772 712 771
f 773 713 772
f 718 773 776
f 446 898 899
f 717 776 777
f 778 701 777
f 779 702 778
f 780 700 779
f 446 899 900
f 446 900 901
f 763 721 764
f 762 721 765
f 765 721 766
f 720 767 766
f 764 721 762
f 720 774 767
f 699 780 781
f 697 781 782
f 696 782 783
f 446 901 902
f 446 902 903
f 698 783 897
f 516 897 898
f 446 903 905
f 446 905 904
f 720 760 759
f 720 761 760
f 720 895 761
f 720 896 895
f 2 812 811
f 811 812 813
f 812 825 813
f 811 813 1012
f 813 825 1012
f 4 824 812
f 814 819 815
f 816 821 817
f 53 54 824
f 57 829 814
f 815 831 816
f 815 820 830
f 815 819 820
f 821 822 817
f 814 835 819
f 819 836 820
f 54 55 824
f 55 56 824
f 56 57 824
f 57 814 824
f 814 815 824
f 815 816 824
f 816 817 824
f 817 818 824
f 818 823 824
f 814 829 835
f 815 830 831
f 816 831 834
f 817 1018 818
f 817 822 1017
f 818 1018 823
f 819 835 836
f 820 836 830
f 816 1177 821
f 821 1211 822
f 823 850 828
f 812 824 825
f 823 826 824
f 823 828 826
f 824 826 825
f 827 828 847
f 828 850 847
f 826 828 861
f 816 834 1016
f 823 841 845
f 823 1019 841
f 823 1047 1019
f 823 1048 1047
f 823 1049 1048
f 823 1050 1049
f 823 1051 1050
f 823 1393 850
f 823 845 1393
f 416 1014 832
f 833 1016 834
f 833 839 1015
f 816 1016 1177
f 817 1017 1018
f 832 1175 838
f 838 1176 839
f 821 1177 1211
f 823 1052 1051
f 823 1212 1052
f 822 1211 1017
f 823 1018 1212
f 827 847 848
f 827 848 849
f 847 850 848
f 827 849 855
f 849 852 855
f 827 861 828
f 850 851 848
f 850 1394 851
f 827 856 857
f 827 857 861
f 827 855 856
f 825 826 1760
f 848 851 1391
f 848 853 849
f 848 1391 853
f 849 853 854
f 849 854 852
f 852 854 859
f 851 1394 1391
f 850 1393 1394
f 853 859 854
f 856 861 857
f 856 858 862
f 853 856 855
f 853 855 859
f 853 1391 856
f 856 1392 858
f 852 859 855
f 856 860 861
f 856 862 860
f 860 862 861
f 826 861 1762
f 1 863 864
f 3 864 998
f 863 865 864
f 864 865 998
f 863 1011 865
f 1000 298 297
f 1000 299 298
f 1000 308 299
f 1000 309 308
f 1000 310 309
f 1000 311 310
f 1000 312 311
f 1000 313 312
f 1000 314 313
f 1000 315 314
f 1000 353 315
f 1000 354 353
f 1000 355 354
f 1000 356 355
f 1000 357 356
f 1000 358 357
f 1000 359 358
f 1000 366 359
f 1000 367 366
f 1000 368 367
f 1000 369 368
f 1000 370 369
f 1000 371 370
f 1000 619 371
f 1000 620 619
f 1000 621 620
f 1000 622 621
f 1000 623 622
f 1000 624 623
f 1000 625 624
f 1000 634 625
f 1000 635 634
f 1000 636 635
f 1000 637 636
f 1000 638 637
f 1000 639 638
f 1000 663 639
f 6 998 1000
f 1000 664 663
f 1002 670 669
f 1001 669 681
f 1014 889 890
f 1003 673 719
f 1014 890 891
f 1014 891 892
f 1014 892 893
f 893 894 1014
f 893 943 894
f 1007 682 670
f 1006 681 680
f 1008 719 682
f 894 943 947
f 943 944 947
f 947 944 945
f 947 945 946
f 1003 872 673
f 980 987 981
f 1003 873 872
f 1003 874 873
f 980 981 1297
f 1003 875 874
f 1003 876 875
f 1003 877 876
f 1003 878 877
f 1003 885 878
f 1006 680 754
f 1006 753 664
f 1006 754 753
f 984 986 985
f 987 986 988
f 987 989 981
f 987 988 989
f 1009 932 885
f 1009 933 932
f 1009 934 933
f 1009 935 934
f 1009 936 935
f 1009 937 936
f 1009 938 937
f 1009 939 938
f 1009 940 939
f 1009 941 940
f 1009 942 941
f 1009 948 942
f 1009 949 948
f 1009 950 949
f 1009 951 950
f 1009 952 951
f 1009 953 952
f 1009 983 953
f 1009 984 983
f 1009 986 984
f 865 999 998
f 998 999 1000
f 999 1006 1000
f 865 1761 999
f 1000 1006 664
f 1001 1002 669
f 1002 1007 670
f 1005 982 996
f 1004 1009 885
f 1003 1004 885
f 1001 681 1006
f 1009 988 986
f 1009 995 988
f 1003 719 1008
f 1007 1008 682
f 1010 996 995
f 999 1001 1006
f 1005 1676 982
f 999 1761 1001
f 1002 1003 1008
f 1004 1005 1010
f 1005 996 1010
f 1009 1010 995
f 1002 1008 1007
f 1004 1010 1009
f 811 1011 863
f 811 1012 1011
f 865 1011 1013
f 865 1013 1761
f 1011 1012 1013
f 1012 1761 1013
f 832 1014 1175
f 833 1015 1016
f 1014 884 886
f 1014 886 887
f 1014 887 888
f 1014 888 889
f 1175 1176 838
f 839 1176 1015
f 1029 1019 1020
f 1020 1019 1021
f 1021 1019 1047
f 1023 1036 1024
f 1019 1026 1022
f 1019 1029 1026
f 1028 1023 1027
f 1030 1023 1028
f 1031 1023 1030
f 1032 1023 1031
f 1033 1023 1032
f 1034 1023 1033
f 1035 1023 1034
f 1056 1023 1035
f 1057 1023 1056
f 1023 1057 1058
f 1023 1058 1059
f 1023 1037 1036
f 1023 1039 1037
f 1023 1040 1039
f 1023 1042 1040
f 1023 1043 1042
f 1023 1045 1043
f 1023 1046 1045
f 1023 1063 1046
f 1023 1064 1063
f 1023 1065 1064
f 1023 1066 1065
f 1023 1059 1060
f 1023 1060 1061
f 1023 1061 1062
f 1023 1062 1070
f 1023 1070 1071
f 1023 1071 1072
f 1023 1072 1073
f 1023 1073 1074
f 1023 1074 1075
f 1023 1075 1076
f 1023 1076 1077
f 1023 1078 1079
f 1023 1077 1078
f 1023 1079 1080
f 1023 1080 1081
f 1023 1082 1181
f 1023 1081 1082
f 1023 1095 1090
f 1023 1091 1095
f 1023 1189 1092
f 1023 1093 1091
f 1023 1094 1093
f 1023 1092 1094
f 1023 1067 1066
f 1023 1068 1067
f 1023 1069 1068
f 1023 1087 1069
f 1023 1083 1087
f 1023 1084 1083
f 1023 1085 1084
f 1023 1086 1085
f 1023 1088 1086
f 1023 1089 1088
f 1023 1090 1089
f 1023 1183 1185
f 1023 1182 1183
f 1023 1181 1182
f 1023 1184 1188
f 1023 1185 1184
f 1023 1188 1189
f 1212 1053 1052
f 1212 1054 1053
f 1212 1055 1054
f 1212 1178 1055
f 1212 1179 1178
f 1212 1180 1179
f 1212 1186 1180
f 1212 1187 1186
f 1212 1195 1187
f 1212 1196 1195
f 1212 1197 1196
f 1212 1198 1197
f 1212 1199 1198
f 1212 1219 1199
f 1199 1219 1200
f 1200 1219 1201
f 1201 1219 1202
f 1202 1219 1213
f 1213 1219 1214
f 1214 1225 1215
f 1215 1225 1216
f 1216 1225 1217
f 1217 1225 1218
f 1214 1219 1225
f 1210 1226 1209
f 1206 1226 1210
f 1222 1226 1221
f 1218 1226 1220
f 1220 1226 1222
f 1224 1226 1223
f 1223 1226 1207
f 1207 1226 1206
f 1221 1226 1224
f 1317 1225 1219
f 1226 1218 1225
f 1038 1275 1025
f 1041 1275 1038
f 1044 1275 1041
f 1274 1275 1044
f 1276 1275 1274
f 1277 1275 1276
f 1275 1277 1278
f 1275 1278 1279
f 1275 1279 1280
f 1275 1280 1281
f 1275 1281 1282
f 1283 1275 1282
f 1096 1275 1283
f 1190 1275 1096
f 1191 1275 1190
f 1192 1275 1191
f 1393 845 1275
f 1393 1275 1192
f 1393 1192 1193
f 1393 1193 1194
f 1393 1194 1204
f 1393 1204 1203
f 1393 1203 1205
f 1393 1205 1208
f 1393 1208 1209
f 1393 1209 1226
f 1393 1226 1324
f 980 1297 1294
f 1295 1299 1296
f 1295 1310 1298
f 1294 1297 1312
f 1295 1298 1299
f 1296 1299 1314
f 1303 1301 1300
f 1300 1315 1302
f 1302 1303 1300
f 1303 1319 1301
f 1294 1312 1309
f 1313 1310 1309
f 1314 1311 1296
f 1311 1318 1315
f 1309 1312 1313
f 1298 1310 1313
f 1314 1318 1311
f 1319 1316 1301
f 1319 1317 1316
f 1225 1317 1320
f 1302 1315 1318
f 1319 1320 1317
f 1226 1321 1322
f 1226 1322 1323
f 1226 1323 1324
f 1337 1339 1338
f 1337 1340 1339
f 1337 1345 1340
f 1337 1346 1345
f 1337 1347 1346
f 1337 1348 1347
f 1337 1351 1348
f 1337 1352 1351
f 1337 1353 1352
f 1337 1354 1353
f 1393 1324 1325
f 1393 1325 1341
f 1393 1341 1342
f 1393 1342 1343
f 1393 1343 1344
f 1393 1344 1349
f 1393 1349 1350
f 1393 1350 1376
f 1393 1376 1377
f 1393 1377 1378
f 1393 1378 1379
f 1393 1379 1380
f 1393 1380 1381
f 1393 1381 1382
f 1393 1382 1648
f 1393 1648 1649
f 1393 1649 1650
f 1393 1650 1651
f 1393 1651 1652
f 1393 1652 1653
f 1393 1653 1654
f 1393 1654 1655
f 1393 1655 1656
f 1393 1656 1657
f 1393 1657 1658
f 1393 1658 1659
f 1393 1659 1660
f 1393 1660 1661
f 1393 1661 1619
f 1393 1621 1622
f 1393 1619 1620
f 1393 1620 1621
f 1393 1622 1624
f 1393 1624 1623
f 1393 1689 1395
f 825 1760 1012
f 1390 1391 1394
f 856 1391 1392
f 858 1392 1395
f 1390 1393 1392
f 1390 1392 1391
f 1390 1394 1393
f 1393 1395 1392
f 858 1395 862
f 862 1395 1586
f 861 862 1762
f 1396 1421 1397
f 1396 1399 1400
f 1396 1403 1404
f 1396 1405 1403
f 1396 1406 1405
f 1396 1407 1406
f 1396 1404 1421
f 1396 1491 1399
f 1397 1421 1398
f 1398 1421 1425
f 1396 1397 1586
f 1397 1398 1586
f 1400 1401 1402
f 1400 1402 1409
f 1396 1412 1407
f 1396 1413 1412
f 1396 1414 1413
f 1396 1400 1444
f 1396 1415 1414
f 1396 1416 1415
f 1396 1417 1416
f 1396 1418 1417
f 1396 1419 1418
f 1396 1443 1419
f 1396 1444 1443
f 1402 1408 1409
f 1400 1409 1441
f 1409 1410 1411
f 1409 1411 1441
f 1400 1445 1444
f 1400 1446 1445
f 1400 1447 1446
f 1400 1448 1447
f 1399 1492 1400
f 1400 1493 1401
f 1401 1494 1402
f 1402 1495 1408
f 1403 1496 1404
f 1404 1497 1421
f 1403 1405 1498
f 1405 1406 1499
f 1406 1407 1500
f 1407 1412 1505
f 1408 1501 1409
f 1409 1502 1410
f 1410 1503 1411
f 1412 1413 1506
f 1413 1414 1507
f 1414 1415 1508
f 1415 1416 1509
f 1416 1417 1510
f 1417 1418 1511
f 1418 1419 1512
f 1420 1425 1421
f 1420 1422 1425
f 1422 1423 1425
f 1423 1424 1425
f 1424 1428 1425
f 1425 1428 1429
f 1425 1429 1430
f 1425 1427 1426
f 1425 1430 1431
f 1425 1431 1432
f 1425 1432 1433
f 1425 1433 1434
f 1425 1434 1435
f 1425 1439 1427
f 1427 1437 1436
f 1427 1439 1437
f 1437 1439 1438
f 1420 1421 1513
f 1420 1514 1422
f 1422 1515 1423
f 1423 1516 1424
f 1424 1517 1428
f 1425 1426 1519
f 1426 1427 1520
f 1427 1436 1529
f 1428 1521 1429
f 1429 1522 1430
f 1430 1523 1431
f 1431 1524 1432
f 1432 1525 1433
f 1433 1526 1434
f 1434 1527 1435
f 1436 1437 1530
f 1437 1438 1531
f 1438 1439 1532
f 1411 1440 1441
f 1400 1441 1692
f 1441 1442 1451
f 1441 1451 1453
f 1451 1452 1453
f 1441 1453 1692
f 1453 1454 1690
f 1400 1722 1448
f 1400 1692 1722
f 1411 1504 1440
f 1440 1533 1441
f 1441 1534 1442
f 1442 1535 1451
f 1419 1443 1536
f 1443 1444 1537
f 1444 1445 1538
f 1445 1446 1539
f 1446 1447 1540
f 1447 1448 1541
f 1448 1449 1542
f 1449 1450 1543
f 1450 1455 1548
f 1451 1544 1452
f 1452 1545 1453
f 1453 1546 1454
f 1454 1547 1690
f 1455 1456 1549
f 1456 1457 1550
f 1457 1458 1551
f 1458 1459 1552
f 1459 1460 1553
f 1460 1461 1554
f 1461 1462 1555
f 1462 1463 1556
f 1463 1479 1572
f 1425 1699 1439
f 1439 1473 1472
f 1439 1487 1473
f 1473 1487 1474
f 1425 1435 1722
f 1465 1466 1722
f 1466 1467 1722
f 1467 1469 1722
f 1469 1470 1722
f 1435 1464 1722
f 1464 1465 1722
f 1425 1722 1699
f 1439 1699 1487
f 1487 1489 1488
f 1487 1699 1489
f 1489 1699 1490
f 1435 1528 1464
f 1464 1557 1465
f 1465 1558 1466
f 1466 1559 1467
f 1468 1561 1475
f 1467 1560 1469
f 1469 1562 1470
f 1470 1563 1471
f 1468 1471 1564
f 1439 1472 1565
f 1472 1473 1566
f 1473 1474 1567
f 1474 1487 1580
f 1475 1568 1476
f 1476 1569 1478
f 1477 1570 1485
f 1477 1478 1571
f 1479 1480 1573
f 1480 1481 1574
f 1481 1482 1575
f 1482 1483 1576
f 1483 1484 1577
f 1485 1578 1486
f 1484 1486 1579
f 1487 1488 1581
f 1488 1489 1582
f 1489 1490 1583
f 1395 1491 1586
f 1491 1492 1399
f 1395 1492 1491
f 1395 1502 1492
f 1395 1504 1503
f 1395 1533 1504
f 1395 1503 1502
f 1396 1586 1491
f 1400 1492 1493
f 1401 1493 1494
f 1402 1494 1495
f 1408 1495 1501
f 1404 1496 1497
f 1403 1498 1496
f 1405 1499 1498
f 1406 1500 1499
f 1407 1505 1500
f 1409 1501 1502
f 1410 1502 1503
f 1411 1503 1504
f 1412 1506 1505
f 1413 1507 1506
f 1414 1508 1507
f 1415 1509 1508
f 1416 1510 1509
f 1417 1511 1510
f 1418 1512 1511
f 1395 1534 1533
f 1395 1535 1534
f 1492 1494 1493
f 1395 1544 1535
f 1395 1545 1544
f 1492 1495 1494
f 1395 1546 1545
f 1492 1501 1495
f 1492 1502 1501
f 1496 1498 1497
f 1497 1498 1499
f 1497 1499 1500
f 1497 1500 1505
f 1497 1505 1506
f 1497 1506 1507
f 1395 1547 1546
f 1497 1507 1508
f 1497 1508 1509
f 1497 1509 1510
f 1497 1510 1511
f 1497 1511 1512
f 1497 1512 1536
f 1497 1536 1537
f 1497 1537 1538
f 1497 1538 1539
f 1497 1539 1540
f 1497 1540 1541
f 1421 1497 1513
f 1420 1513 1514
f 1422 1514 1515
f 1423 1515 1516
f 1424 1516 1517
f 1428 1517 1521
f 1425 1519 1518
f 1426 1520 1519
f 1427 1529 1520
f 1429 1521 1522
f 1430 1522 1523
f 1431 1523 1524
f 1432 1524 1525
f 1433 1525 1526
f 1434 1526 1527
f 1435 1527 1528
f 1436 1530 1529
f 1437 1531 1530
f 1438 1532 1531
f 1497 1514 1513
f 1497 1515 1514
f 1497 1516 1515
f 1497 1517 1516
f 1497 1521 1517
f 1497 1522 1521
f 1497 1523 1522
f 1497 1524 1523
f 1497 1525 1524
f 1497 1526 1525
f 1497 1527 1526
f 1497 1528 1527
f 1497 1559 1558
f 1497 1557 1528
f 1497 1558 1557
f 1497 1560 1559
f 1497 1562 1560
f 1497 1563 1562
f 1440 1504 1533
f 1441 1533 1534
f 1442 1534 1535
f 1451 1535 1544
f 1419 1536 1512
f 1443 1537 1536
f 1444 1538 1537
f 1445 1539 1538
f 1446 1540 1539
f 1447 1541 1540
f 1448 1542 1541
f 1449 1543 1542
f 1450 1548 1543
f 1452 1544 1545
f 1453 1545 1546
f 1454 1546 1547
f 1455 1549 1548
f 1456 1550 1549
f 1457 1551 1550
f 1458 1552 1551
f 1459 1553 1552
f 1460 1554 1553
f 1461 1555 1554
f 1462 1556 1555
f 1463 1572 1556
f 1497 1541 1542
f 1497 1542 1543
f 1497 1543 1548
f 1497 1548 1549
f 1497 1549 1550
f 1497 1550 1551
f 1497 1551 1552
f 1497 1552 1553
f 1497 1553 1554
f 1497 1554 1555
f 1497 1555 1556
f 1497 1556 1572
f 1497 1572 1573
f 1497 1573 1574
f 1497 1575 1576
f 1497 1576 1577
f 1497 1577 1579
f 1497 1574 1575
f 1464 1528 1557
f 1465 1557 1558
f 1466 1558 1559
f 1467 1559 1560
f 1475 1561 1568
f 1469 1560 1562
f 1470 1562 1563
f 1471 1563 1564
f 1468 1564 1561
f 1439 1565 1532
f 1472 1566 1565
f 1473 1567 1566
f 1474 1580 1567
f 1476 1568 1569
f 1477 1571 1570
f 1478 1569 1571
f 1484 1579 1577
f 1479 1573 1572
f 1480 1574 1573
f 1481 1575 1574
f 1482 1576 1575
f 1483 1577 1576
f 1485 1570 1578
f 1486 1578 1579
f 1487 1581 1580
f 1488 1582 1581
f 1489 1583 1582
f 1490 1734 1583
f 1497 1564 1563
f 1497 1561 1564
f 1497 1569 1568
f 1497 1571 1569
f 1497 1568 1561
f 1497 1570 1571
f 1497 1579 1578
f 1497 1578 1570
f 1398 1425 1584
f 1425 1585 1584
f 1398 1584 1586
f 1584 1585 1587
f 826 1762 1760
f 1425 1587 1585
f 1584 1587 1586
f 1425 1518 1587
f 1518 1519 1587
f 1519 1520 1587
f 1520 1529 1587
f 1529 1530 1587
f 1530 1531 1587
f 1531 1532 1587
f 1532 1565 1587
f 1565 1566 1587
f 1566 1567 1587
f 1567 1580 1587
f 1580 1581 1587
f 862 1586 1762
f 1676 1304 982
f 1678 1306 1305
f 1677 1305 1334
f 1680 1308 1307
f 1679 1307 1336
f 1685 1333 1304
f 1686 1334 1333
f 1687 1335 1306
f 1688 1336 1335
f 1689 1337 1308
f 1689 1354 1337
f 1689 1355 1354
f 1689 1356 1355
f 1689 1588 1356
f 1689 1589 1588
f 1689 1590 1589
f 1689 1591 1590
f 1689 1592 1591
f 1689 1593 1592
f 1689 1594 1593
f 1689 1595 1594
f 1689 1596 1595
f 1689 1597 1596
f 1689 1598 1597
f 1689 1599 1598
f 1625 1682 1626
f 1630 1682 1628
f 1626 1682 1627
f 1627 1682 1630
f 1629 1682 1623
f 1628 1682 1629
f 1689 1600 1599
f 1689 1614 1600
f 1689 1615 1614
f 1689 1616 1615
f 1689 1617 1616
f 1689 1618 1617
f 1393 1623 1682
f 1393 1682 1689
f 1395 1689 1547
f 1547 1689 1725
f 1689 1726 1725
f 1689 1727 1726
f 1689 1728 1727
f 1689 1729 1728
f 1689 1730 1729
f 1689 1731 1730
f 1689 1732 1731
f 1689 1733 1732
f 1689 1743 1733
f 1689 1744 1743
f 1676 1685 1304
f 1677 1678 1305
f 1678 1687 1306
f 1679 1680 1307
f 1680 1689 1308
f 1676 1677 1686
f 1678 1679 1688
f 1001 1761 1002
f 1685 1686 1333
f 1677 1334 1686
f 1687 1688 1335
f 1679 1336 1688
f 1689 1681 1618
f 1689 1682 1681
f 1676 1686 1685
f 1678 1688 1687
f 1002 1761 1003
f 1003 1761 1004
f 1004 1761 1005
f 1005 1761 1676
f 1676 1761 1677
f 1677 1761 1678
f 1678 1761 1679
f 1679 1761 1680
f 1680 1762 1689
f 1012 1760 1761
f 1453 1690 1692
f 1690 1691 1692
f 1448 1722 1449
f 1449 1722 1450
f 1450 1722 1455
f 1455 1722 1456
f 1456 1722 1457
f 1457 1722 1458
f 1458 1722 1459
f 1459 1722 1460
f 1460 1722 1461
f 1692 1693 1694
f 1692 1694 1696
f 1694 1695 1696
f 1692 1696 1709
f 1696 1697 1698
f 1696 1698 1709
f 1692 1709 1722
f 1690 1725 1691
f 1691 1726 1692
f 1692 1727 1693
f 1693 1728 1694
f 1694 1729 1695
f 1695 1730 1696
f 1696 1731 1697
f 1697 1732 1698
f 1698 1733 1708
f 1470 1471 1722
f 1468 1722 1471
f 1475 1476 1722
f 1468 1475 1722
f 1461 1722 1462
f 1462 1722 1463
f 1463 1722 1479
f 1481 1722 1482
f 1482 1722 1483
f 1483 1722 1484
f 1484 1722 1486
f 1476 1478 1722
f 1477 1485 1722
f 1477 1722 1478
f 1485 1486 1722
f 1479 1722 1480
f 1480 1722 1481
f 1699 1701 1700
f 1699 1706 1701
f 1701 1706 1702
f 1699 1722 1705
f 1703 1706 1705
f 1703 1705 1704
f 1699 1705 1706
f 1703 1707 1706
f 1490 1699 1734
f 1699 1700 1735
f 1700 1701 1736
f 1701 1702 1737
f 1703 1704 1739
f 1704 1705 1740
f 1705 1717 1752
f 1702 1706 1741
f 1706 1707 1742
f 1703 1738 1707
f 1698 1708 1709
f 1709 1710 1711
f 1709 1711 1713
f 1709 1713 1722
f 1711 1712 1713
f 1713 1714 1720
f 1708 1743 1709
f 1709 1744 1710
f 1710 1745 1711
f 1711 1746 1712
f 1712 1747 1713
f 1713 1748 1714
f 1714 1749 1720
f 1715 1719 1723
f 1705 1719 1716
f 1705 1716 1717
f 1705 1722 1719
f 1716 1719 1718
f 1713 1720 1722
f 1720 1721 1722
f 1719 1722 1723
f 1722 1724 1723
f 1715 1750 1719
f 1716 1751 1717
f 1716 1718 1753
f 1718 1719 1754
f 1720 1755 1721
f 1721 1756 1722
f 1722 1757 1724
f 1723 1724 1759
f 1715 1723 1758
f 1547 1725 1690
f 1691 1725 1726
f 1692 1726 1727
f 1693 1727 1728
f 1694 1728 1729
f 1695 1729 1730
f 1696 1730 1731
f 1697 1731 1732
f 1698 1732 1733
f 1708 1733 1743
f 1699 1735 1734
f 1700 1736 1735
f 1701 1737 1736
f 1702 1741 1737
f 1703 1739 1738
f 1704 1740 1739
f 1705 1752 1740
f 1706 1742 1741
f 1707 1738 1742
f 1709 1743 1744
f 1710 1744 1745
f 1711 1745 1746
f 1712 1746 1747
f 1713 1747 1748
f 1714 1748 1749
f 1720 1749 1755
f 1715 1758 1750
f 1717 1751 1752
f 1716 1753 1751
f 1718 1754 1753
f 1719 1750 1754
f 1721 1755 1756
f 1722 1756 1757
f 1723 1759 1758
f 1724 1757 1759
f 1689 1745 1744
f 1689 1746 1745
f 1689 1747 1746
f 1689 1748 1747
f 1689 1749 1748
f 1689 1755 1749
f 1689 1756 1755
f 1581 1762 1587
f 1586 1587 1762
f 1734 1735 1762
f 1735 1736 1762
f 1736 1737 1762
f 1737 1741 1762
f 1741 1742 1762
f 1738 1762 1742
f 1739 1740 1762
f 1740 1752 1762
f 1738 1739 1762
f 1581 1582 1762
f 1582 1583 1762
f 1583 1734 1762
f 1750 1762 1754
f 1750 1758 1762
f 1756 1762 1757
f 1757 1762 1759
f 1758 1759 1762
f 1751 1762 1752
f 1751 1753 1762
f 1753 1754 1762
f 1680 1761 1762
f 1689 1762 1756
f 1760 1762 1761
f 29 63 7
f 29 30 63
f 30 31 63
f 32 7 8
f 33 8 9
f 36 9 12
f 35 10 11
f 37 12 13
f 38 13 14
f 34 15 10
f 39 16 15
f 40 17 16
f 41 18 17
f 29 7 32
f 29 32 33
f 29 34 35
f 29 39 34
f 29 35 43
f 32 8 33
f 33 9 36
f 35 34 10
f 36 12 37
f 37 13 38
f 34 39 15
f 39 40 16
f 40 41 17
f 41 42 18
f 29 33 172
f 29 40 39
f 29 41 40
f 29 42 41
f 29 160 42
f 29 161 160
f 33 36 37
f 33 37 158
f 37 38 158
f 29 162 161
f 29 165 162
f 29 166 165
f 29 167 166
f 29 168 167
f 29 171 168
f 43 11 19
f 44 19 20
f 45 20 21
f 46 21 22
f 47 22 23
f 48 23 24
f 49 26 25
f 50 27 26
f 51 28 27
f 29 43 30
f 30 43 31
f 31 43 49
f 35 11 43
f 43 19 44
f 44 20 45
f 45 21 46
f 46 22 47
f 47 23 48
f 49 50 26
f 50 51 27
f 51 52 28
f 43 44 49
f 44 45 49
f 49 45 46
f 49 51 50
f 49 189 51
f 51 189 52
f 31 65 63
f 49 25 64
f 31 49 65
f 49 66 65
f 49 64 66
f 65 64 63
f 65 66 64
f 158 14 67
f 159 67 68
f 42 69 18
f 160 70 69
f 161 71 70
f 162 74 71
f 163 68 72
f 164 72 73
f 165 75 74
f 166 76 75
f 167 77 76
f 168 80 77
f 169 73 78
f 170 78 79
f 171 81 80
f 172 82 81
f 173 83 82
f 174 86 83
f 175 79 84
f 176 84 85
f 206 85 115
f 177 87 86
f 178 88 87
f 179 89 88
f 180 90 89
f 181 118 90
f 38 14 158
f 158 67 159
f 42 160 69
f 160 161 70
f 161 162 71
f 162 165 74
f 159 68 163
f 163 72 164
f 164 73 169
f 165 166 75
f 166 167 76
f 167 168 77
f 33 158 169
f 158 159 163
f 29 172 171
f 158 163 169
f 163 164 169
f 33 173 172
f 169 78 170
f 170 79 175
f 168 171 80
f 171 172 81
f 172 173 82
f 173 174 83
f 175 84 176
f 176 85 206
f 174 177 86
f 177 178 87
f 178 179 88
f 179 180 89
f 180 181 90
f 33 169 213
f 169 170 175
f 33 213 173
f 169 175 206
f 175 176 206
f 173 213 174
f 174 213 177
f 182 24 91
f 183 91 92
f 184 92 93
f 185 93 94
f 186 94 95
f 187 95 96
f 188 96 97
f 52 98 28
f 189 99 98
f 190 100 99
f 191 101 100
f 192 111 101
f 193 97 102
f 194 102 103
f 195 103 104
f 196 104 105
f 197 105 106
f 198 106 107
f 200 107 109
f 199 110 108
f 201 109 110
f 202 112 111
f 203 113 112
f 204 114 113
f 205 147 114
f 48 24 182
f 182 91 183
f 183 92 184
f 184 93 185
f 185 94 186
f 186 95 187
f 187 96 188
f 188 97 193
f 52 189 98
f 189 190 99
f 190 191 100
f 191 192 101
f 49 202 189
f 189 191 190
f 49 46 242
f 189 202 191
f 46 47 242
f 47 48 242
f 48 182 242
f 191 202 192
f 193 102 194
f 194 103 195
f 195 104 196
f 196 105 197
f 197 106 198
f 200 198 107
f 232 199 108
f 200 109 201
f 201 110 199
f 196 197 242
f 192 202 111
f 202 203 112
f 203 204 113
f 204 205 114
f 205 238 147
f 182 183 242
f 183 184 242
f 49 242 202
f 184 185 242
f 185 186 242
f 186 187 242
f 202 204 203
f 187 188 242
f 188 193 242
f 193 194 242
f 202 238 204
f 194 195 242
f 195 196 242
f 204 238 205
f 207 115 116
f 208 116 117
f 209 119 118
f 210 120 119
f 212 117 121
f 213 121 122
f 214 122 123
f 215 123 124
f 216 124 125
f 217 125 126
f 218 126 127
f 219 127 128
f 206 115 207
f 207 116 208
f 181 209 118
f 209 210 119
f 210 211 120
f 208 117 212
f 212 121 213
f 213 122 214
f 169 206 213
f 206 207 208
f 206 208 213
f 177 213 178
f 178 213 179
f 179 213 180
f 180 213 181
f 181 213 209
f 209 213 210
f 210 213 211
f 211 213 220
f 220 213 221
f 208 212 213
f 221 213 222
f 222 213 223
f 223 213 224
f 224 213 225
f 225 213 226
f 214 123 215
f 215 124 216
f 216 125 217
f 217 126 218
f 218 127 219
f 219 128 270
f 213 214 215
f 213 215 217
f 215 216 217
f 213 217 271
f 217 218 219
f 217 219 271
f 213 271 285
f 211 129 120
f 220 130 129
f 221 131 130
f 222 132 131
f 223 133 132
f 224 134 133
f 225 135 134
f 226 136 135
f 227 137 136
f 228 140 137
f 229 139 138
f 230 146 139
f 231 138 140
f 232 108 141
f 233 141 142
f 234 144 143
f 235 142 144
f 236 143 145
f 237 145 146
f 238 148 147
f 239 149 148
f 240 150 149
f 241 151 150
f 242 153 151
f 243 254 152
f 244 154 153
f 245 155 154
f 246 156 155
f 247 157 156
f 248 152 157
f 211 220 129
f 220 221 130
f 221 222 131
f 222 223 132
f 223 224 133
f 224 225 134
f 225 226 135
f 226 227 136
f 227 228 137
f 231 229 138
f 229 230 139
f 231 140 228
f 232 141 233
f 234 235 144
f 235 233 142
f 234 143 236
f 236 145 237
f 230 237 146
f 197 198 242
f 200 242 198
f 200 201 242
f 201 199 242
f 232 242 199
f 232 233 242
f 235 242 233
f 234 236 242
f 234 242 235
f 226 213 227
f 227 213 228
f 231 228 213
f 231 213 242
f 231 242 229
f 229 242 230
f 230 242 237
f 236 237 242
f 238 239 148
f 239 240 149
f 240 241 150
f 241 242 151
f 202 242 238
f 238 240 239
f 238 242 240
f 240 242 241
f 213 285 242
f 242 285 276
f 276 243 247
f 242 244 153
f 244 245 154
f 245 246 155
f 247 156 246
f 247 248 157
f 248 243 152
f 242 245 244
f 242 247 245
f 245 247 246
f 242 276 247
f 247 243 248
f 270 128 249
f 271 249 250
f 272 250 251
f 273 251 252
f 274 252 253
f 270 249 271
f 271 250 272
f 272 251 273
f 273 252 274
f 219 270 271
f 271 272 273
f 271 273 280
f 280 253 259
f 275 255 254
f 276 257 255
f 279 256 258
f 277 267 256
f 278 258 257
f 281 259 260
f 282 260 261
f 284 261 263
f 283 265 262
f 285 263 264
f 286 264 265
f 288 266 267
f 287 262 266
f 274 253 280
f 275 254 243
f 276 278 257
f 276 255 275
f 279 277 256
f 288 267 277
f 279 258 278
f 280 259 281
f 281 260 282
f 282 261 284
f 283 286 265
f 284 263 285
f 285 264 286
f 287 266 288
f 283 262 287
f 273 274 280
f 271 280 285
f 276 275 243
f 276 285 288
f 288 277 279
f 276 279 278
f 276 288 279
f 280 281 282
f 280 282 285
f 283 288 285
f 282 284 285
f 283 285 286
f 283 287 288
f 289 269 268
f 289 290 269
f 289 268 331
f 290 334 269
f 289 334 290
f 293 292 291
f 293 294 292
f 324 304 295
f 325 295 296
f 326 296 297
f 327 297 298
f 328 298 299
f 324 295 325
f 325 296 326
f 326 297 327
f 328 299 337
f 327 298 328
f 324 325 333
f 325 326 327
f 325 327 333
f 327 328 337
f 339 333 327
f 331 268 302
f 334 305 269
f 329 301 300
f 330 302 301
f 333 303 304
f 332 300 303
f 334 306 305
f 335 307 306
f 289 331 334
f 329 330 301
f 330 331 302
f 333 332 303
f 324 333 304
f 332 329 300
f 334 335 306
f 335 336 307
f 329 331 330
f 333 329 332
f 333 331 329
f 333 334 331
f 333 348 334
f 334 336 335
f 337 299 308
f 338 308 309
f 339 309 310
f 340 310 311
f 341 311 312
f 342 312 313
f 343 313 314
f 344 314 315
f 378 315 353
f 338 337 308
f 338 309 339
f 339 310 340
f 340 311 341
f 339 327 337
f 338 339 337
f 339 340 341
f 339 380 333
f 339 341 343
f 341 312 342
f 342 313 343
f 343 314 344
f 344 315 378
f 341 342 343
f 339 343 380
f 343 344 378
f 336 316 307
f 345 317 316
f 346 318 317
f 347 319 318
f 348 320 319
f 349 321 320
f 350 322 321
f 351 323 322
f 352 360 323
f 336 345 316
f 345 346 317
f 334 346 336
f 336 346 345
f 334 348 346
f 346 347 318
f 347 348 319
f 348 349 320
f 346 348 347
f 333 388 348
f 349 350 321
f 350 351 322
f 351 352 323
f 348 350 349
f 348 352 350
f 350 352 351
f 348 388 352
f 379 353 354
f 380 354 355
f 381 355 356
f 382 356 357
f 383 357 358
f 384 358 359
f 378 353 379
f 379 354 380
f 380 355 381
f 343 378 380
f 378 379 380
f 380 381 382
f 381 356 382
f 382 357 383
f 383 358 384
f 380 382 384
f 333 380 646
f 382 383 384
f 385 361 360
f 386 362 361
f 387 363 362
f 388 364 363
f 389 365 364
f 390 372 365
f 352 385 360
f 385 386 361
f 386 387 362
f 352 386 385
f 352 388 386
f 386 388 387
f 333 654 388
f 387 388 363
f 388 389 364
f 389 390 365
f 388 390 389
f 388 398 390
f 391 359 366
f 392 366 367
f 393 367 368
f 394 368 369
f 395 369 370
f 396 370 371
f 384 359 391
f 391 366 392
f 392 367 393
f 380 384 394
f 384 391 392
f 384 392 394
f 393 368 394
f 394 369 395
f 395 370 396
f 392 393 394
f 380 394 646
f 394 395 396
f 394 396 642
f 397 373 372
f 398 374 373
f 399 375 374
f 400 376 375
f 401 377 376
f 402 626 377
f 390 397 372
f 397 398 373
f 398 399 374
f 390 398 397
f 388 402 398
f 398 400 399
f 333 646 654
f 399 400 375
f 400 401 376
f 401 402 377
f 398 402 400
f 400 402 401
f 388 654 402
f 426 404 403
f 446 416 832
f 294 676 292
f 293 291 683
f 293 684 294
f 517 403 406
f 428 426 403
f 405 427 835
f 428 403 517
f 428 429 426
f 428 517 518
f 428 533 532
f 428 534 533
f 428 535 534
f 428 536 535
f 429 427 426
f 430 835 427
f 429 430 427
f 428 538 429
f 429 538 430
f 428 532 538
f 430 538 541
f 683 291 675
f 293 683 684
f 294 684 676
f 518 406 407
f 519 407 408
f 520 408 409
f 521 409 410
f 523 410 411
f 524 411 412
f 527 412 413
f 530 413 414
f 531 414 415
f 566 415 417
f 567 417 418
f 568 418 419
f 569 419 420
f 570 420 421
f 571 421 422
f 572 422 423
f 573 423 424
f 573 424 425
f 573 425 471
f 517 406 518
f 518 407 519
f 519 408 520
f 537 431 441
f 522 432 431
f 520 409 521
f 521 410 523
f 525 433 432
f 526 434 433
f 528 435 434
f 523 411 524
f 524 412 527
f 529 454 435
f 527 413 530
f 530 414 531
f 531 415 566
f 522 431 537
f 428 537 536
f 428 522 537
f 428 525 522
f 518 519 520
f 428 518 552
f 428 526 525
f 428 528 526
f 428 529 528
f 518 520 523
f 428 549 529
f 428 550 549
f 520 521 523
f 428 551 550
f 428 552 551
f 522 525 432
f 525 526 433
f 526 528 434
f 528 529 435
f 529 549 454
f 518 523 531
f 523 524 527
f 523 527 531
f 518 575 552
f 527 530 531
f 518 531 573
f 518 573 575
f 532 437 436
f 533 438 437
f 534 439 438
f 538 436 442
f 535 440 439
f 536 441 440
f 539 442 443
f 540 443 444
f 543 444 448
f 541 447 445
f 541 445 446
f 541 446 838
f 542 452 447
f 544 448 449
f 545 449 450
f 546 450 451
f 547 453 452
f 548 462 453
f 549 455 454
f 550 456 455
f 551 457 456
f 553 451 458
f 554 458 459
f 555 459 460
f 556 460 461
f 557 463 462
f 558 464 463
f 560 466 465
f 561 461 466
f 562 465 467
f 563 467 468
f 559 469 464
f 564 470 469
f 565 489 470
f 532 533 437
f 532 436 538
f 533 534 438
f 534 535 439
f 535 536 440
f 536 537 441
f 538 442 539
f 539 443 540
f 540 444 543
f 541 542 447
f 543 448 544
f 544 449 545
f 545 450 546
f 546 451 553
f 542 547 452
f 547 548 453
f 548 557 462
f 538 539 541
f 539 540 541
f 540 543 541
f 541 547 542
f 541 557 547
f 547 557 548
f 549 550 455
f 550 551 456
f 551 552 457
f 553 458 554
f 554 459 555
f 555 460 556
f 557 558 463
f 558 559 464
f 556 461 561
f 561 466 560
f 560 465 562
f 562 467 563
f 559 564 469
f 564 565 470
f 543 617 541
f 541 565 557
f 557 559 558
f 557 565 559
f 543 544 617
f 544 545 617
f 545 546 617
f 546 553 617
f 553 554 617
f 559 565 564
f 541 617 565
f 566 417 567
f 567 418 568
f 568 419 569
f 569 420 570
f 570 421 571
f 571 422 572
f 574 471 472
f 572 423 573
f 531 566 567
f 531 567 569
f 567 568 569
f 575 573 576
f 576 573 577
f 531 569 573
f 577 573 578
f 573 471 574
f 574 472 722
f 569 570 571
f 569 571 573
f 571 572 573
f 573 574 722
f 552 473 457
f 575 474 473
f 576 475 474
f 577 476 475
f 578 477 476
f 579 478 477
f 580 479 478
f 581 480 479
f 582 481 480
f 583 482 481
f 585 494 483
f 586 483 484
f 587 468 485
f 588 485 486
f 589 486 487
f 590 487 488
f 591 490 489
f 592 495 490
f 593 488 491
f 594 491 492
f 595 492 493
f 596 493 494
f 597 496 495
f 598 512 496
f 584 497 482
f 599 498 497
f 600 499 498
f 601 500 499
f 602 501 500
f 603 502 501
f 605 507 503
f 607 484 505
f 606 505 504
f 610 506 508
f 608 504 506
f 609 508 507
f 604 509 502
f 611 510 509
f 612 511 510
f 613 503 511
f 614 513 512
f 615 514 513
f 616 515 514
f 617 516 515
f 618 698 516
f 552 575 473
f 575 576 474
f 576 577 475
f 577 578 476
f 578 579 477
f 579 580 478
f 580 581 479
f 581 582 480
f 582 583 481
f 583 584 482
f 585 483 586
f 578 573 579
f 579 573 580
f 563 468 587
f 587 485 588
f 589 588 486
f 589 487 590
f 590 488 593
f 565 591 489
f 591 592 490
f 593 491 594
f 595 594 492
f 595 493 596
f 585 596 494
f 592 597 495
f 597 598 496
f 598 614 512
f 554 555 617
f 555 556 617
f 556 561 617
f 561 560 617
f 560 562 617
f 565 592 591
f 565 598 592
f 562 563 617
f 563 587 617
f 587 588 617
f 589 617 588
f 589 590 617
f 590 593 617
f 593 594 617
f 592 598 597
f 565 617 598
f 584 599 497
f 599 600 498
f 600 601 499
f 601 602 500
f 602 603 501
f 603 604 502
f 609 507 605
f 606 504 608
f 586 484 607
f 607 505 606
f 610 608 506
f 609 610 508
f 604 611 509
f 611 612 510
f 612 613 511
f 613 605 503
f 580 573 581
f 581 573 582
f 582 573 583
f 583 573 584
f 584 573 599
f 599 573 600
f 600 573 601
f 601 573 602
f 602 573 603
f 603 573 604
f 573 611 604
f 573 612 611
f 573 613 612
f 573 605 613
f 573 617 605
f 614 615 513
f 615 616 514
f 616 617 515
f 617 618 516
f 595 617 594
f 595 596 617
f 585 617 596
f 586 607 617
f 585 586 617
f 607 606 617
f 609 617 610
f 610 617 608
f 606 608 617
f 609 605 617
f 598 615 614
f 598 617 615
f 615 617 616
f 617 731 618
f 641 371 619
f 642 619 620
f 643 620 621
f 644 621 622
f 645 622 623
f 646 623 624
f 647 624 625
f 396 371 641
f 641 619 642
f 642 620 643
f 396 641 642
f 394 642 646
f 642 643 644
f 643 621 644
f 644 622 645
f 645 623 646
f 646 624 647
f 642 644 646
f 644 645 646
f 646 647 656
f 648 627 626
f 649 628 627
f 650 629 628
f 651 630 629
f 652 633 630
f 655 631 633
f 653 632 631
f 654 675 632
f 402 648 626
f 648 649 627
f 649 650 628
f 650 651 629
f 402 649 648
f 402 651 649
f 649 651 650
f 402 654 651
f 651 652 630
f 655 653 631
f 654 632 653
f 652 655 633
f 651 655 652
f 655 654 653
f 651 654 655
f 656 625 634
f 657 634 635
f 647 625 656
f 656 634 657
f 646 656 658
f 658 635 636
f 659 636 637
f 660 637 638
f 661 638 639
f 657 635 658
f 658 636 659
f 659 637 660
f 656 657 658
f 646 658 661
f 658 659 660
f 658 660 661
f 646 661 685
f 646 685 654
f 660 638 661
f 662 640 685
f 661 662 685
f 662 664 640
f 665 639 663
f 661 639 665
f 661 666 662
f 662 666 664
f 661 665 666
f 666 663 664
f 665 663 666
f 667 678 668
f 681 669 670
f 671 692 672
f 719 673 674
f 667 677 678
f 682 681 670
f 684 677 676
f 654 683 675
f 684 678 677
f 684 691 678
f 685 640 679
f 686 680 681
f 654 685 683
f 683 685 684
f 684 685 686
f 686 681 682
f 684 686 748
f 686 682 752
f 671 691 692
f 719 674 720
f 722 472 687
f 723 687 688
f 724 688 689
f 725 689 690
f 748 692 691
f 748 715 692
f 722 687 723
f 723 688 724
f 724 689 725
f 725 690 726
f 573 722 724
f 722 723 724
f 573 724 728
f 724 725 726
f 684 748 691
f 726 690 693
f 727 693 694
f 728 694 695
f 731 696 698
f 729 697 696
f 730 699 697
f 732 700 699
f 735 701 702
f 733 702 700
f 736 695 703
f 737 703 704
f 738 704 705
f 739 705 706
f 740 706 707
f 741 707 708
f 742 708 709
f 744 709 711
f 743 711 710
f 751 713 718
f 746 712 713
f 747 710 714
f 745 714 712
f 749 717 716
f 734 716 701
f 750 718 717
f 726 693 727
f 727 694 728
f 573 744 617
f 724 726 728
f 573 728 744
f 726 727 728
f 729 696 731
f 729 730 697
f 618 731 698
f 730 732 699
f 733 700 732
f 734 701 735
f 733 735 702
f 729 731 730
f 617 734 730
f 617 730 731
f 617 744 734
f 733 732 730
f 733 730 734
f 733 734 735
f 728 695 736
f 736 703 737
f 737 704 738
f 738 705 739
f 739 706 740
f 740 707 741
f 741 708 742
f 742 709 744
f 744 711 743
f 746 713 751
f 745 712 746
f 747 743 710
f 747 714 745
f 728 736 737
f 728 737 739
f 737 738 739
f 728 739 744
f 739 740 741
f 744 746 734
f 739 741 744
f 741 742 744
f 747 744 743
f 747 745 746
f 747 746 744
f 749 716 734
f 750 717 749
f 750 751 718
f 750 749 734
f 746 750 734
f 746 751 750
f 752 682 719
f 752 719 720
f 752 720 721
f 686 752 748
f 748 721 715
f 748 752 721
f 686 754 680
f 755 679 753
f 685 679 755
f 685 756 686
f 685 755 756
f 686 756 754
f 756 753 754
f 755 753 756
f 785 757 758
f 786 758 759
f 787 759 760
f 788 760 761
f 906 761 895
f 785 784 757
f 785 758 786
f 786 759 787
f 787 760 788
f 788 761 906
f 785 787 802
f 785 786 787
f 787 788 906
f 789 764 762
f 791 763 764
f 792 762 765
f 793 765 766
f 794 766 767
f 801 767 774
f 790 768 763
f 795 769 768
f 796 770 769
f 797 771 770
f 798 772 771
f 799 773 772
f 800 776 773
f 802 774 775
f 784 775 757
f 803 777 776
f 804 778 777
f 805 779 778
f 806 780 779
f 807 781 780
f 808 782 781
f 809 783 782
f 810 897 783
f 791 790 763
f 789 791 764
f 792 789 762
f 793 792 765
f 793 766 794
f 801 794 767
f 790 795 768
f 795 796 769
f 796 797 770
f 797 798 771
f 798 799 772
f 799 800 773
f 800 803 776
f 802 801 774
f 802 775 784
f 791 795 790
f 792 795 791
f 792 791 789
f 793 794 792
f 792 794 802
f 795 797 796
f 795 799 797
f 792 799 795
f 797 799 798
f 799 803 800
f 802 794 801
f 792 787 799
f 792 802 787
f 785 802 784
f 803 804 777
f 804 805 778
f 805 806 779
f 799 805 803
f 803 805 804
f 799 809 805
f 805 807 806
f 806 807 780
f 807 808 781
f 808 809 782
f 809 810 783
f 805 809 807
f 807 809 808
f 809 913 810
f 799 919 809
f 405 835 829
f 833 834 839
f 837 831 830
f 837 834 831
f 837 830 836
f 430 836 835
f 430 837 836
f 430 541 837
f 541 840 837
f 837 840 834
f 446 832 838
f 840 839 834
f 840 838 839
f 541 838 840
f 842 845 841
f 842 843 845
f 843 844 845
f 844 846 845
f 896 866 867
f 893 892 943
f 908 867 868
f 909 868 869
f 910 869 870
f 911 870 871
f 912 871 872
f 907 896 867
f 920 872 873
f 921 873 874
f 922 874 875
f 923 875 876
f 924 876 877
f 925 877 878
f 925 878 885
f 927 880 879
f 927 881 880
f 928 882 881
f 929 883 882
f 930 884 883
f 927 879 904
f 907 895 896
f 907 867 908
f 908 868 909
f 909 869 910
f 910 870 911
f 911 871 912
f 912 872 920
f 906 895 907
f 787 906 908
f 906 907 908
f 787 908 912
f 908 909 910
f 908 910 912
f 910 911 912
f 787 912 955
f 913 898 897
f 914 899 898
f 915 900 899
f 916 901 900
f 917 902 901
f 918 903 902
f 799 787 955
f 810 913 897
f 913 914 898
f 914 915 899
f 915 916 900
f 809 915 913
f 913 915 914
f 809 919 915
f 915 917 916
f 916 917 901
f 917 918 902
f 918 919 903
f 915 919 917
f 917 919 918
f 920 873 921
f 921 874 922
f 922 875 923
f 923 876 924
f 924 877 925
f 912 920 921
f 912 921 923
f 921 922 923
f 912 923 955
f 923 924 925
f 923 925 955
f 919 905 903
f 926 904 905
f 927 928 881
f 928 929 882
f 929 930 883
f 930 931 884
f 919 926 905
f 926 927 904
f 799 973 919
f 919 927 926
f 919 929 927
f 927 929 928
f 799 955 973
f 919 961 929
f 929 931 930
f 929 961 931
f 925 885 932
f 931 886 884
f 960 887 886
f 961 888 887
f 962 889 888
f 963 890 889
f 964 891 890
f 965 892 891
f 894 947 1175
f 970 943 892
f 954 932 933
f 955 933 934
f 956 934 935
f 957 935 936
f 958 936 937
f 959 937 938
f 925 932 954
f 954 933 955
f 955 934 956
f 956 935 957
f 925 954 955
f 955 956 957
f 957 936 958
f 958 937 959
f 955 957 959
f 957 958 959
f 931 960 886
f 960 961 887
f 961 962 888
f 966 938 939
f 962 963 889
f 963 964 890
f 964 965 891
f 931 961 960
f 919 973 961
f 961 963 962
f 959 938 966
f 955 959 969
f 961 965 963
f 963 965 964
f 961 973 965
f 967 939 940
f 968 940 941
f 969 941 942
f 974 942 948
f 970 944 943
f 971 945 944
f 965 970 892
f 972 946 945
f 973 947 946
f 973 1175 947
f 975 948 949
f 976 949 950
f 977 950 951
f 978 951 952
f 979 952 953
f 966 939 967
f 967 940 968
f 968 941 969
f 969 942 974
f 959 966 967
f 959 967 969
f 955 969 973
f 967 968 969
f 970 971 944
f 971 972 945
f 972 973 946
f 965 971 970
f 965 973 971
f 971 973 972
f 974 948 975
f 975 949 976
f 976 950 977
f 977 951 978
f 978 952 979
f 979 953 990
f 969 974 975
f 969 975 977
f 975 976 977
f 977 978 990
f 978 979 990
f 987 980 1294
f 996 982 1304
f 981 989 1312
f 990 953 983
f 991 983 984
f 992 984 985
f 993 985 986
f 993 986 987
f 993 987 1309
f 990 983 991
f 991 984 992
f 992 985 993
f 990 991 992
f 994 989 988
f 994 1312 989
f 997 988 995
f 994 988 997
f 997 995 996
f 997 996 1333
f 894 1175 1014
f 1015 1177 1016
f 1017 1212 1018
f 1097 841 1019
f 1099 1020 1021
f 1125 1021 1047
f 842 841 1097
f 1097 1019 1100
f 842 1097 1100
f 1098 1020 1099
f 1099 1021 1125
f 1100 1019 1022
f 1101 1027 1023
f 1102 1023 1024
f 1104 1022 1026
f 1105 1028 1027
f 1106 1030 1028
f 1107 1026 1029
f 1108 1031 1030
f 1109 1032 1031
f 1098 1029 1020
f 1110 1033 1032
f 1111 1034 1033
f 1112 1035 1034
f 1114 1024 1036
f 1115 1036 1037
f 1103 1038 1025
f 1116 1041 1038
f 1117 1037 1039
f 1118 1039 1040
f 1119 1044 1041
f 1120 1040 1042
f 1121 1042 1043
f 1122 1274 1044
f 1123 1043 1045
f 1124 1045 1046
f 1101 1023 1102
f 842 1102 843
f 842 1101 1102
f 842 1105 1101
f 842 1106 1105
f 842 1108 1106
f 842 1109 1108
f 842 1110 1109
f 842 1111 1110
f 1102 1024 1114
f 843 1102 844
f 844 1102 1103
f 1102 1114 1103
f 1100 1022 1104
f 1104 1026 1107
f 1101 1105 1027
f 1105 1106 1028
f 1098 1107 1029
f 1108 1030 1106
f 1108 1109 1031
f 1109 1110 1032
f 1110 1111 1033
f 1111 1112 1034
f 1112 1113 1035
f 842 1112 1111
f 842 1100 1139
f 842 1113 1112
f 1100 1104 1107
f 842 1134 1113
f 842 1135 1134
f 1099 1100 1107
f 842 1136 1135
f 842 1137 1136
f 1098 1099 1107
f 842 1138 1137
f 842 1139 1138
f 1099 1128 1100
f 1114 1036 1115
f 1115 1037 1117
f 1103 1116 1038
f 1117 1039 1118
f 1118 1040 1120
f 1116 1119 1041
f 1120 1042 1121
f 1119 1122 1044
f 1121 1043 1123
f 1123 1045 1124
f 1114 1115 1103
f 1115 1117 1103
f 1103 1119 1116
f 1103 1284 1119
f 1119 1284 1122
f 1103 1289 1284
f 1126 1047 1048
f 1127 1048 1049
f 1128 1049 1050
f 1129 1050 1051
f 1130 1051 1052
f 1131 1052 1053
f 1132 1053 1054
f 1133 1054 1055
f 1125 1047 1126
f 1126 1048 1127
f 1127 1049 1128
f 1128 1050 1129
f 1099 1125 1126
f 1099 1126 1128
f 1126 1127 1128
f 1128 1129 1130
f 1129 1051 1130
f 1130 1052 1131
f 1131 1053 1132
f 1132 1054 1133
f 1128 1130 1132
f 1130 1131 1132
f 1113 1056 1035
f 1134 1057 1056
f 1135 1058 1057
f 1136 1059 1058
f 1137 1060 1059
f 1138 1061 1060
f 1139 1062 1061
f 1140 1070 1062
f 1141 1046 1063
f 1142 1063 1064
f 1143 1064 1065
f 1144 1065 1066
f 1145 1066 1067
f 1146 1067 1068
f 1147 1068 1069
f 1165 1069 1087
f 1148 1071 1070
f 1149 1072 1071
f 1150 1073 1072
f 1151 1074 1073
f 1152 1075 1074
f 1227 1055 1178
f 1153 1076 1075
f 1154 1077 1076
f 1155 1078 1077
f 1156 1079 1078
f 1157 1080 1079
f 1158 1081 1080
f 1159 1082 1081
f 1161 1087 1083
f 1162 1083 1084
f 1163 1084 1085
f 1164 1085 1086
f 1167 1088 1089
f 1166 1086 1088
f 1168 1089 1090
f 1169 1095 1091
f 1171 1091 1093
f 1172 1093 1094
f 1170 1094 1092
f 1173 1090 1095
f 1174 1190 1096
f 1113 1134 1056
f 1134 1135 1057
f 1135 1136 1058
f 1136 1137 1059
f 1137 1138 1060
f 1138 1139 1061
f 1139 1140 1062
f 1140 1148 1070
f 1100 1140 1139
f 1100 1128 1229
f 1100 1229 1140
f 1124 1046 1141
f 1141 1063 1142
f 1142 1064 1143
f 1143 1065 1144
f 1144 1066 1145
f 1145 1067 1146
f 1146 1068 1147
f 1165 1147 1069
f 1117 1118 1241
f 1117 1241 1103
f 1118 1120 1241
f 1120 1121 1241
f 1121 1123 1241
f 1103 1241 1289
f 1123 1124 1241
f 1124 1141 1241
f 1141 1142 1241
f 1148 1149 1071
f 1149 1150 1072
f 1150 1151 1073
f 1151 1152 1074
f 1133 1055 1227
f 1152 1153 1075
f 1153 1154 1076
f 1154 1155 1077
f 1155 1156 1078
f 1156 1157 1079
f 1157 1158 1080
f 1158 1159 1081
f 1159 1160 1082
f 1140 1229 1148
f 1128 1132 1229
f 1148 1229 1149
f 1149 1229 1150
f 1150 1229 1151
f 1132 1133 1227
f 1151 1229 1152
f 1152 1229 1153
f 1153 1229 1154
f 1154 1229 1155
f 1155 1229 1156
f 1165 1087 1161
f 1161 1083 1162
f 1162 1084 1163
f 1163 1085 1164
f 1166 1164 1086
f 1167 1166 1088
f 1167 1089 1168
f 1173 1168 1090
f 1171 1169 1091
f 1172 1171 1093
f 1170 1172 1094
f 1173 1095 1169
f 1293 1174 1096
f 1174 1239 1190
f 1142 1143 1241
f 1143 1144 1241
f 1144 1145 1241
f 1145 1146 1241
f 1146 1147 1241
f 1165 1241 1147
f 1173 1241 1168
f 1161 1162 1241
f 1165 1161 1241
f 1162 1163 1241
f 1293 1289 1241
f 1163 1164 1241
f 1166 1241 1164
f 1167 1241 1166
f 1167 1168 1241
f 1293 1239 1174
f 1015 1176 1177
f 973 1176 1175
f 973 1177 1176
f 969 1326 973
f 969 977 1326
f 973 1211 1177
f 973 1266 1211
f 1017 1211 1212
f 1228 1178 1179
f 1229 1179 1180
f 1160 1181 1082
f 1230 1182 1181
f 1231 1183 1182
f 1232 1185 1183
f 1234 1184 1185
f 1235 1180 1186
f 1236 1186 1187
f 1244 1187 1195
f 1233 1188 1184
f 1237 1189 1188
f 1238 1092 1189
f 1239 1191 1190
f 1240 1192 1191
f 1241 1193 1192
f 1242 1194 1193
f 1243 1204 1194
f 1245 1195 1196
f 1246 1196 1197
f 1247 1197 1198
f 1248 1198 1199
f 1249 1199 1200
f 1250 1200 1201
f 1251 1201 1202
f 1253 1203 1204
f 1252 1205 1203
f 1254 1208 1205
f 1259 1206 1210
f 1255 1207 1206
f 1256 1223 1207
f 1257 1209 1208
f 1258 1210 1209
f 1227 1178 1228
f 1228 1179 1229
f 1160 1230 1181
f 1230 1231 1182
f 1231 1232 1183
f 1234 1233 1184
f 1232 1234 1185
f 1229 1180 1235
f 1235 1186 1236
f 1236 1187 1244
f 1132 1227 1229
f 1156 1229 1157
f 1229 1158 1157
f 1227 1228 1229
f 1229 1159 1158
f 1229 1160 1159
f 1229 1230 1160
f 1229 1231 1230
f 1229 1232 1231
f 1229 1234 1232
f 1229 1233 1234
f 1229 1237 1233
f 1229 1235 1236
f 1229 1236 1245
f 1233 1237 1188
f 1238 1189 1237
f 1238 1170 1092
f 1239 1240 1191
f 1240 1241 1192
f 1241 1242 1193
f 1243 1194 1242
f 1243 1253 1204
f 1173 1169 1241
f 1172 1241 1171
f 1171 1241 1169
f 1238 1237 1241
f 1238 1241 1170
f 1170 1241 1172
f 1229 1241 1237
f 1293 1241 1239
f 1239 1241 1240
f 1241 1243 1242
f 1241 1252 1243
f 1244 1195 1245
f 1245 1196 1246
f 1246 1197 1247
f 1247 1198 1248
f 1248 1199 1249
f 1249 1200 1250
f 1250 1201 1251
f 1251 1202 1260
f 1236 1244 1245
f 1229 1245 1249
f 1245 1246 1247
f 1245 1247 1249
f 1229 1265 1241
f 1229 1249 1265
f 1247 1248 1249
f 1249 1250 1251
f 1249 1251 1261
f 1252 1203 1253
f 1254 1205 1252
f 1254 1257 1208
f 1259 1255 1206
f 1256 1207 1255
f 1257 1258 1209
f 1259 1210 1258
f 1241 1265 1259
f 1241 1259 1252
f 1243 1252 1253
f 1254 1252 1257
f 1252 1259 1257
f 1259 1256 1255
f 1271 1256 1259
f 1259 1258 1257
f 1266 1212 1211
f 1266 1219 1212
f 973 1326 1266
f 1260 1202 1213
f 1261 1213 1214
f 1262 1214 1215
f 1263 1215 1216
f 1264 1216 1217
f 1265 1217 1218
f 1267 1218 1220
f 1269 1220 1222
f 1268 1222 1221
f 1271 1221 1224
f 1270 1224 1223
f 1266 1317 1219
f 1272 1226 1225
f 1260 1213 1261
f 1261 1214 1262
f 1262 1215 1263
f 1263 1216 1264
f 1264 1217 1265
f 1251 1260 1261
f 1249 1261 1265
f 1261 1262 1263
f 1261 1263 1265
f 1263 1264 1265
f 1265 1218 1267
f 1267 1220 1269
f 1268 1221 1271
f 1268 1269 1222
f 1270 1223 1256
f 1271 1224 1270
f 1265 1267 1269
f 1268 1271 1269
f 1271 1265 1269
f 1271 1259 1265
f 1271 1270 1256
f 1266 1326 1317
f 1272 1273 1226
f 1103 1025 1275
f 1284 1276 1274
f 844 1103 846
f 1103 1275 1285
f 1103 1285 846
f 1122 1284 1274
f 1284 1286 1276
f 846 1275 845
f 846 1285 1275
f 1286 1277 1276
f 1287 1278 1277
f 1288 1279 1278
f 1289 1280 1279
f 1290 1281 1280
f 1291 1282 1281
f 1292 1283 1282
f 1293 1096 1283
f 1286 1287 1277
f 1287 1288 1278
f 1288 1289 1279
f 1289 1290 1280
f 1284 1287 1286
f 1284 1289 1287
f 1287 1289 1288
f 1289 1291 1290
f 1290 1291 1281
f 1291 1292 1282
f 1293 1283 1292
f 1293 1291 1289
f 1293 1292 1291
f 1310 1295 1296
f 981 1312 1297
f 1299 1298 1314
f 1315 1300 1301
f 1302 1319 1303
f 1334 1305 1306
f 1336 1307 1308
f 1294 1309 987
f 1296 1311 1310
f 1298 1313 1314
f 993 1309 1326
f 977 990 1326
f 990 992 1326
f 992 993 1326
f 1326 1309 1310
f 1326 1310 1311
f 994 1313 1312
f 994 1314 1313
f 994 1318 1314
f 994 997 1327
f 994 1327 1318
f 997 1357 1327
f 1316 1315 1301
f 1302 1318 1319
f 1326 1311 1315
f 1326 1315 1316
f 1326 1316 1317
f 1327 1225 1320
f 1272 1225 1327
f 1273 1328 1226
f 1272 1328 1273
f 1272 1327 1328
f 1327 1319 1318
f 1327 1320 1319
f 1328 1321 1226
f 1328 1322 1321
f 1329 1323 1322
f 1330 1324 1323
f 1331 1325 1324
f 1328 1329 1322
f 1329 1330 1323
f 1330 1331 1324
f 1331 1332 1325
f 1327 1331 1328
f 1328 1331 1329
f 1329 1331 1330
f 1331 1360 1332
f 1304 1333 996
f 1306 1335 1334
f 997 1333 1357
f 1357 1333 1334
f 1357 1334 1335
f 1337 1336 1308
f 1357 1335 1336
f 1357 1336 1337
f 1357 1337 1338
f 1358 1338 1339
f 1359 1339 1340
f 1364 1340 1345
f 1332 1341 1325
f 1360 1342 1341
f 1361 1343 1342
f 1362 1344 1343
f 1365 1345 1346
f 1366 1346 1347
f 1367 1347 1348
f 1363 1349 1344
f 1368 1350 1349
f 1369 1376 1350
f 1357 1338 1358
f 1358 1339 1359
f 1359 1340 1364
f 1327 1357 1365
f 1357 1358 1359
f 1357 1359 1365
f 1327 1375 1331
f 1332 1360 1341
f 1360 1361 1342
f 1361 1362 1343
f 1362 1363 1344
f 1331 1362 1360
f 1360 1362 1361
f 1331 1383 1362
f 1362 1368 1363
f 1364 1345 1365
f 1365 1346 1366
f 1366 1347 1367
f 1359 1364 1365
f 1327 1365 1375
f 1365 1366 1367
f 1371 1365 1367
f 1363 1368 1349
f 1368 1369 1350
f 1369 1383 1376
f 1362 1383 1368
f 1368 1383 1369
f 1331 1663 1383
f 1370 1348 1351
f 1371 1351 1352
f 1372 1352 1353
f 1373 1353 1354
f 1374 1354 1355
f 1375 1355 1356
f 1370 1367 1348
f 1370 1351 1371
f 1371 1352 1372
f 1370 1371 1367
f 1371 1375 1365
f 1371 1372 1373
f 1372 1353 1373
f 1373 1354 1374
f 1374 1355 1375
f 1371 1373 1375
f 1373 1374 1375
f 1383 1377 1376
f 1383 1384 1377
f 1384 1378 1377
f 1385 1379 1378
f 1386 1380 1379
f 1387 1381 1380
f 1388 1382 1381
f 1389 1648 1382
f 1384 1385 1378
f 1385 1386 1379
f 1386 1387 1380
f 1383 1385 1384
f 1383 1387 1385
f 1385 1387 1386
f 1387 1388 1381
f 1388 1389 1382
f 1389 1662 1648
f 1383 1663 1387
f 1387 1389 1388
f 1387 1663 1389
f 1601 1356 1588
f 1602 1588 1589
f 1603 1589 1590
f 1604 1590 1591
f 1605 1591 1592
f 1606 1592 1593
f 1375 1356 1601
f 1601 1588 1602
f 1602 1589 1603
f 1375 1601 1602
f 1375 1602 1604
f 1602 1603 1604
f 1331 1375 1639
f 1331 1639 1663
f 1603 1590 1604
f 1604 1591 1605
f 1605 1592 1606
f 1375 1604 1608
f 1604 1605 1606
f 1604 1606 1608
f 1607 1593 1594
f 1608 1594 1595
f 1609 1595 1596
f 1610 1596 1597
f 1611 1597 1598
f 1612 1598 1599
f 1613 1599 1600
f 1631 1600 1614
f 1606 1593 1607
f 1607 1594 1608
f 1608 1595 1609
f 1609 1596 1610
f 1606 1607 1608
f 1375 1608 1633
f 1608 1609 1610
f 1610 1597 1611
f 1611 1598 1612
f 1612 1599 1613
f 1613 1600 1631
f 1608 1610 1612
f 1610 1611 1612
f 1375 1633 1639
f 1608 1612 1633
f 1612 1613 1631
f 1632 1614 1615
f 1633 1615 1616
f 1634 1616 1617
f 1635 1617 1618
f 1636 1620 1619
f 1637 1621 1620
f 1638 1622 1621
f 1639 1624 1622
f 1640 1629 1623
f 1641 1623 1624
f 1643 1625 1626
f 1644 1626 1627
f 1647 1627 1630
f 1645 1630 1628
f 1646 1628 1629
f 1631 1614 1632
f 1632 1615 1633
f 1633 1616 1634
f 1634 1617 1635
f 1612 1631 1633
f 1631 1632 1633
f 1633 1634 1635
f 1636 1637 1620
f 1637 1638 1621
f 1639 1622 1638
f 1640 1623 1641
f 1646 1629 1640
f 1639 1641 1624
f 1636 1675 1637
f 1637 1675 1639
f 1637 1639 1638
f 1633 1635 1642
f 1633 1642 1639
f 1642 1645 1639
f 1645 1640 1639
f 1645 1646 1640
f 1639 1640 1641
f 1635 1618 1683
f 1642 1625 1643
f 1643 1626 1644
f 1644 1627 1647
f 1645 1628 1646
f 1647 1630 1645
f 1642 1643 1644
f 1642 1644 1645
f 1644 1647 1645
f 1642 1682 1625
f 1683 1618 1681
f 1635 1684 1642
f 1642 1684 1682
f 1635 1683 1684
f 1662 1649 1648
f 1663 1650 1649
f 1664 1651 1650
f 1665 1652 1651
f 1666 1653 1652
f 1667 1654 1653
f 1662 1663 1649
f 1663 1664 1650
f 1664 1665 1651
f 1389 1663 1662
f 1663 1665 1664
f 1665 1666 1652
f 1666 1667 1653
f 1667 1668 1654
f 1663 1667 1665
f 1665 1667 1666
f 1663 1671 1667
f 1668 1655 1654
f 1669 1656 1655
f 1670 1657 1656
f 1671 1658 1657
f 1672 1659 1658
f 1673 1660 1659
f 1674 1661 1660
f 1675 1619 1661
f 1668 1669 1655
f 1669 1670 1656
f 1670 1671 1657
f 1667 1669 1668
f 1667 1671 1669
f 1663 1639 1671
f 1669 1671 1670
f 1671 1672 1658
f 1672 1673 1659
f 1673 1674 1660
f 1674 1675 1661
f 1671 1673 1672
f 1671 1675 1673
f 1673 1675 1674
f 1639 1675 1671
f 1636 1619 1675
f 1684 1681 1682
f 1683 1681 1684

