# https://github.com/mikedh/trimesh
v 0.60000002 0.60000002 0.00000000
v 0.00000000 0.60000002 0.60000002
v 0.60000002 0.00000000 0.60000002
v 0.00000000 0.60000002 4.40000010
v 0.60000002 0.00000000 4.40000010
v 0.60000002 0.60000002 5.00000000
v 1.85000002 22.00000000 5.00000000
v 2.29999995 22.00000000 5.00000000
v 2.29999995 22.15406990 5.00000000
v 2.29999995 22.49090385 5.00000000
v 2.33251238 22.47218895 5.00000000
v 2.36348248 22.11859703 5.00000000
v 2.42904830 22.08753777 5.00000000
v 2.49641657 22.06102943 5.00000000
v 2.49319124 22.41345024 5.00000000
v 2.37125587 22.45328522 5.00000000
v 2.41106439 22.43714905 5.00000000
v 2.45176768 22.42385101 5.00000000
v 2.29999995 23.70909500 5.00000000
v 2.33251238 23.72781181 5.00000000
v 2.37125587 23.74671555 5.00000000
v 2.41106439 23.76285172 5.00000000
v 2.45176768 23.77614784 5.00000000
v 2.49319124 23.78655052 5.00000000
v 2.29999995 24.14592934 5.00000000
v 2.36348248 24.18140411 5.00000000
v 2.42904830 24.21246147 5.00000000
v 2.49641657 24.23896980 5.00000000
v 1.85000002 22.00000000 5.50000000
v 1.85000002 22.67237854 5.50000000
v 1.85000002 23.62762070 5.50000000
v 2.29999995 22.00000000 5.50000000
v 2.29999995 22.15406990 5.50000000
v 2.29999995 22.49090385 5.50000000
v 2.33251238 22.47218895 5.50000000
v 2.36348248 22.11859703 5.50000000
v 2.42904830 22.08753777 5.50000000
v 2.49641657 22.06102943 5.50000000
v 2.49319124 22.41345024 5.50000000
v 2.37125587 22.45328522 5.50000000
v 2.41106439 22.43714905 5.50000000
v 2.45176768 22.42385101 5.50000000
v 2.29999995 23.70909500 5.50000000
v 2.33251238 23.72781181 5.50000000
v 2.37125587 23.74671555 5.50000000
v 2.41106439 23.76285172 5.50000000
v 2.45176768 23.77614784 5.50000000
v 2.49319124 23.78655052 5.50000000
v 2.29999995 24.14592934 5.50000000
v 2.36348248 24.18140411 5.50000000
v 2.42904830 24.21246147 5.50000000
v 2.49641657 24.23896980 5.50000000
v 0.19999985 29.62500000 4.59999990
v 0.19999985 29.97500038 4.59999990
v 0.19999985 32.22499847 4.59999990
v 0.19999985 32.57500076 4.59999990
v 0.19999985 34.82500076 4.59999990
v 0.60000002 29.62500000 5.00000000
v 0.60000002 29.97500038 5.00000000
v 0.60000002 32.22499847 5.00000000
v 0.60000002 32.57500076 5.00000000
v 0.60000002 34.82500076 5.00000000
v 1.85000002 27.20000076 5.00000000
v 2.29999995 27.20000076 5.00000000
v 1.85000002 27.20000076 5.50000000
v 2.29999995 27.20000076 5.50000000
v 2.56529903 22.03918457 5.00000000
v 2.53515792 22.40598869 5.00000000
v 2.57748795 22.40149879 5.00000000
v 2.63540053 22.02209663 5.00000000
v 2.61999989 22.39999962 5.00000000
v 2.70642114 22.00983810 5.00000000
v 2.66251206 22.40149879 5.00000000
v 2.70484209 22.40598869 5.00000000
v 2.77805662 22.00246239 5.00000000
v 2.74680877 22.41345024 5.00000000
v 2.78823233 22.42385101 5.00000000
v 2.53515792 23.79401207 5.00000000
v 2.57748795 23.79850197 5.00000000
v 2.61999989 23.79999924 5.00000000
v 2.66251206 23.79850197 5.00000000
v 2.70484209 23.79401207 5.00000000
v 2.74680877 23.78655052 5.00000000
v 2.78823233 23.77614784 5.00000000
v 2.84999990 22.00000000 5.00000000
v 2.92194343 22.00246239 5.00000000
v 2.82893562 22.43714905 5.00000000
v 2.86874413 22.45328522 5.00000000
v 2.90748763 22.47218895 5.00000000
v 2.94499993 22.49378204 5.00000000
v 2.99357891 22.00983810 5.00000000
v 3.06459928 22.02209663 5.00000000
v 2.98112059 22.51797104 5.00000000
v 3.01569486 22.54465294 5.00000000
v 3.04857469 22.57371140 5.00000000
v 3.07961941 22.60502434 5.00000000
v 3.10869598 22.63845825 5.00000000
v 2.82893562 23.76285172 5.00000000
v 2.86874413 23.74671555 5.00000000
v 2.90748763 23.72781181 5.00000000
v 2.94499993 23.70621872 5.00000000
v 2.98112059 23.68202782 5.00000000
v 3.01569486 23.65534782 5.00000000
v 3.04857469 23.62628746 5.00000000
v 3.07961941 23.59497452 5.00000000
v 3.10869598 23.56154251 5.00000000
v 2.56529903 24.26081467 5.00000000
v 2.63540053 24.27790260 5.00000000
v 2.70642114 24.29016113 5.00000000
v 2.77805662 24.29753685 5.00000000
v 2.84999990 24.29999924 5.00000000
v 2.92194343 24.29753685 5.00000000
v 2.99357891 24.29016113 5.00000000
v 3.06459928 24.27790260 5.00000000
v 3.13470101 22.03918457 5.00000000
v 3.20358348 22.06102943 5.00000000
v 3.27095175 22.08753777 5.00000000
v 3.13567972 22.67386627 5.00000000
v 3.16045523 22.71110153 5.00000000
v 3.18291640 22.75000000 5.00000000
v 3.20296717 22.79039764 5.00000000
v 3.22052169 22.83212090 5.00000000
v 3.23550463 22.87499237 5.00000000
v 3.24785185 22.91882706 5.00000000
v 3.25751042 22.96343613 5.00000000
v 3.33651757 22.11859703 5.00000000
v 3.40000010 22.15406990 5.00000000
v 3.16045523 23.48889923 5.00000000
v 3.18291640 23.45000076 5.00000000
v 3.20296717 23.40960121 5.00000000
v 3.26443911 23.00863075 5.00000000
v 3.26860833 23.05421829 5.00000000
v 3.26999998 23.10000038 5.00000000
v 3.25751042 23.23656273 5.00000000
v 3.26860833 23.14578247 5.00000000
v 3.26443911 23.19136810 5.00000000
v 3.22052169 23.36787796 5.00000000
v 3.23550463 23.32500839 5.00000000
v 3.24785185 23.28117371 5.00000000
v 3.13567972 23.52613258 5.00000000
v 3.46112728 22.19380951 5.00000000
v 3.51963758 22.23764420 5.00000000
v 3.57528043 22.28538513 5.00000000
v 3.62781739 22.33682632 5.00000000
v 3.67702389 22.39175224 5.00000000
v 3.72268867 22.44992447 5.00000000
v 3.51963758 24.06235695 5.00000000
v 3.57528043 24.01461601 5.00000000
v 3.62781739 23.96317291 5.00000000
v 3.67702389 23.90824699 5.00000000
v 3.72268867 23.85007477 5.00000000
v 3.13470101 24.26081467 5.00000000
v 3.20358348 24.23896980 5.00000000
v 3.27095175 24.21246147 5.00000000
v 3.33651757 24.18140411 5.00000000
v 3.40000010 24.14592934 5.00000000
v 3.46112728 24.10618973 5.00000000
v 2.56529903 22.03918457 5.50000000
v 2.53515792 22.40598869 5.50000000
v 2.57748795 22.40149879 5.50000000
v 2.63540053 22.02209663 5.50000000
v 2.61999989 22.39999962 5.50000000
v 2.70642114 22.00983810 5.50000000
v 2.66251206 22.40149879 5.50000000
v 2.70484209 22.40598869 5.50000000
v 2.77805662 22.00246239 5.50000000
v 2.74680877 22.41345024 5.50000000
v 2.78823233 22.42385101 5.50000000
v 2.53515792 23.79401207 5.50000000
v 2.57748795 23.79850197 5.50000000
v 2.61999989 23.79999924 5.50000000
v 2.66251206 23.79850197 5.50000000
v 2.70484209 23.79401207 5.50000000
v 2.74680877 23.78655052 5.50000000
v 2.78823233 23.77614784 5.50000000
v 2.84999990 22.00000000 5.50000000
v 2.92194343 22.00246239 5.50000000
v 2.82893562 22.43714905 5.50000000
v 2.86874413 22.45328522 5.50000000
v 2.90748763 22.47218895 5.50000000
v 2.94499993 22.49378204 5.50000000
v 2.99357891 22.00983810 5.50000000
v 3.06459928 22.02209663 5.50000000
v 2.98112059 22.51797104 5.50000000
v 3.01569486 22.54465294 5.50000000
v 3.04857469 22.57371140 5.50000000
v 3.07961941 22.60502434 5.50000000
v 3.10869598 22.63845825 5.50000000
v 2.82893562 23.76285172 5.50000000
v 2.86874413 23.74671555 5.50000000
v 2.90748763 23.72781181 5.50000000
v 2.94499993 23.70621872 5.50000000
v 2.98112059 23.68202782 5.50000000
v 3.01569486 23.65534782 5.50000000
v 3.04857469 23.62628746 5.50000000
v 3.07961941 23.59497452 5.50000000
v 3.10869598 23.56154251 5.50000000
v 2.56529903 24.26081467 5.50000000
v 2.63540053 24.27790260 5.50000000
v 2.70642114 24.29016113 5.50000000
v 2.77805662 24.29753685 5.50000000
v 2.84999990 24.29999924 5.50000000
v 2.92194343 24.29753685 5.50000000
v 2.99357891 24.29016113 5.50000000
v 3.06459928 24.27790260 5.50000000
v 3.13470101 22.03918457 5.50000000
v 3.20358348 22.06102943 5.50000000
v 3.27095175 22.08753777 5.50000000
v 3.13567972 22.67386627 5.50000000
v 3.16045523 22.71110153 5.50000000
v 3.18291640 22.75000000 5.50000000
v 3.20296717 22.79039764 5.50000000
v 3.22052169 22.83212090 5.50000000
v 3.23550463 22.87499237 5.50000000
v 3.24785185 22.91882706 5.50000000
v 3.25751042 22.96343613 5.50000000
v 3.33651757 22.11859703 5.50000000
v 3.40000010 22.15406990 5.50000000
v 3.16045523 23.48889923 5.50000000
v 3.18291640 23.45000076 5.50000000
v 3.20296717 23.40960121 5.50000000
v 3.26443911 23.00863075 5.50000000
v 3.26860833 23.05421829 5.50000000
v 3.26999998 23.10000038 5.50000000
v 3.25751042 23.23656273 5.50000000
v 3.26860833 23.14578247 5.50000000
v 3.26443911 23.19136810 5.50000000
v 3.22052169 23.36787796 5.50000000
v 3.23550463 23.32500839 5.50000000
v 3.24785185 23.28117371 5.50000000
v 3.13567972 23.52613258 5.50000000
v 3.46112728 22.19380951 5.50000000
v 3.51963758 22.23764420 5.50000000
v 3.57528043 22.28538513 5.50000000
v 3.62781739 22.33682632 5.50000000
v 3.67702389 22.39175224 5.50000000
v 3.72268867 22.44992447 5.50000000
v 3.51963758 24.06235695 5.50000000
v 3.57528043 24.01461601 5.50000000
v 3.62781739 23.96317291 5.50000000
v 3.67702389 23.90824699 5.50000000
v 3.72268867 23.85007477 5.50000000
v 3.13470101 24.26081467 5.50000000
v 3.20358348 24.23896980 5.50000000
v 3.27095175 24.21246147 5.50000000
v 3.33651757 24.18140411 5.50000000
v 3.40000010 24.14592934 5.50000000
v 3.46112728 24.10618973 5.50000000
v 3.76461649 22.51109505 5.00000000
v 3.80262804 22.57500076 5.00000000
v 3.83656001 22.64136887 5.00000000
v 3.86626744 22.70991325 5.00000000
v 3.89162326 22.78034401 5.00000000
v 3.91251850 22.85235786 5.00000000
v 3.92886376 22.92564583 5.00000000
v 3.76461649 23.78890610 5.00000000
v 3.80262804 23.72500038 5.00000000
v 3.86626744 23.59008598 5.00000000
v 3.83656001 23.65863228 5.00000000
v 3.89162326 23.51965523 5.00000000
v 3.94058943 22.99989510 5.00000000
v 3.94764471 23.07478714 5.00000000
v 3.95000005 23.14999962 5.00000000
v 3.94764471 23.22521400 5.00000000
v 3.94058943 23.30010605 5.00000000
v 3.92886376 23.37435341 5.00000000
v 3.91251850 23.44764137 5.00000000
v 4.40000010 24.35000038 5.00000000
v 4.40000010 24.85000038 5.00000000
v 3.76461649 22.51109505 5.50000000
v 3.80262804 22.57500076 5.50000000
v 3.83656001 22.64136887 5.50000000
v 3.86626744 22.70991325 5.50000000
v 3.89162326 22.78034401 5.50000000
v 3.91251850 22.85235786 5.50000000
v 3.92886376 22.92564583 5.50000000
v 3.76461649 23.78890610 5.50000000
v 3.80262804 23.72500038 5.50000000
v 3.86626744 23.59008598 5.50000000
v 3.83656001 23.65863228 5.50000000
v 3.89162326 23.51965523 5.50000000
v 3.94058943 22.99989510 5.50000000
v 3.94764471 23.07478714 5.50000000
v 3.95000005 23.14999962 5.50000000
v 3.94764471 23.22521400 5.50000000
v 3.94058943 23.30010605 5.50000000
v 3.92886376 23.37435341 5.50000000
v 3.91251850 23.44764137 5.50000000
v 4.40000010 24.35000038 5.50000000
v 4.40000010 24.85000038 5.50000000
v 4.40000010 26.95000076 5.00000000
v 4.40000010 27.45000076 5.00000000
v 4.40000010 26.95000076 5.50000000
v 4.40000010 27.45000076 5.50000000
v 5.38919592 22.95392036 5.00000000
v 5.46558046 22.66098976 5.00000000
v 5.41381836 22.80320549 5.00000000
v 5.39807701 22.87765884 5.00000000
v 5.43635130 22.73087883 5.00000000
v 5.50137997 22.59383583 5.00000000
v 5.54359722 22.52970695 5.00000000
v 5.59205055 22.46887589 5.00000000
v 5.38721228 23.03166580 5.00000000
v 5.39213514 23.11055756 5.00000000
v 5.40394258 23.19026375 5.00000000
v 5.42258501 23.27043724 5.00000000
v 5.44798183 23.35073853 5.00000000
v 5.48002481 23.43082237 5.00000000
v 5.51857662 23.51034546 5.00000000
v 5.56347227 23.58896828 5.00000000
v 5.61451912 23.66635323 5.00000000
v 5.64653349 22.41160393 5.00000000
v 5.70681143 22.35813713 5.00000000
v 5.77262735 22.30870247 5.00000000
v 5.84369946 22.26351357 5.00000000
v 5.91972256 22.22276306 5.00000000
v 5.67149878 23.74217033 5.00000000
v 5.73416758 23.81609344 5.00000000
v 5.80225658 23.88780785 5.00000000
v 5.87547445 23.95700264 5.00000000
v 6.00037146 22.18662453 5.00000000
v 6.08530140 22.15525436 5.00000000
v 6.17414808 22.12878609 5.00000000
v 5.95350790 24.02338600 5.00000000
v 6.03602266 24.08667183 5.00000000
v 6.12266493 24.14658737 5.00000000
v 6.21306419 24.20287895 5.00000000
v 5.38919592 22.95392036 5.50000000
v 5.46558046 22.66098976 5.50000000
v 5.41381836 22.80320549 5.50000000
v 5.39807701 22.87765884 5.50000000
v 5.43635130 22.73087883 5.50000000
v 5.50137997 22.59383583 5.50000000
v 5.54359722 22.52970695 5.50000000
v 5.59205055 22.46887589 5.50000000
v 5.38721228 23.03166580 5.50000000
v 5.39213514 23.11055756 5.50000000
v 5.40394258 23.19026375 5.50000000
v 5.42258501 23.27043724 5.50000000
v 5.44798183 23.35073853 5.50000000
v 5.48002481 23.43082237 5.50000000
v 5.51857662 23.51034546 5.50000000
v 5.56347227 23.58896828 5.50000000
v 5.61451912 23.66635323 5.50000000
v 5.64653349 22.41160393 5.50000000
v 5.70681143 22.35813713 5.50000000
v 5.77262735 22.30870247 5.50000000
v 5.84369946 22.26351357 5.50000000
v 5.91972256 22.22276306 5.50000000
v 5.67149878 23.74217033 5.50000000
v 5.73416758 23.81609344 5.50000000
v 5.80225658 23.88780785 5.50000000
v 5.87547445 23.95700264 5.50000000
v 6.00037146 22.18662453 5.50000000
v 6.08530140 22.15525436 5.50000000
v 6.17414808 22.12878609 5.50000000
v 5.95350790 24.02338600 5.50000000
v 6.03602266 24.08667183 5.50000000
v 6.12266493 24.14658737 5.50000000
v 6.21306419 24.20287895 5.50000000
v 6.26653099 22.10733414 5.00000000
v 6.36205482 22.09098816 5.00000000
v 6.46031046 22.07981873 5.00000000
v 6.56087685 22.07387543 5.00000000
v 6.66332388 22.07318115 5.00000000
v 6.76721287 22.07774162 5.00000000
v 6.87209845 22.08753586 5.00000000
v 6.30683374 24.25530434 5.00000000
v 6.40357113 24.30363846 5.00000000
v 6.50286245 24.34767342 5.00000000
v 6.50882673 24.35000038 5.00000000
v 6.97753143 22.10252190 5.00000000
v 7.08306122 22.12263680 5.00000000
v 7.18823481 22.14779091 5.00000000
v 7.29260254 22.17788124 5.00000000
v 7.39571714 22.21277618 5.00000000
v 7.49713755 22.25232506 5.00000000
v 6.26653099 22.10733414 5.50000000
v 6.36205482 22.09098816 5.50000000
v 6.46031046 22.07981873 5.50000000
v 6.56087685 22.07387543 5.50000000
v 6.66332388 22.07318115 5.50000000
v 6.76721287 22.07774162 5.50000000
v 6.87209845 22.08753586 5.50000000
v 6.30683374 24.25530434 5.50000000
v 6.40357113 24.30363846 5.50000000
v 6.50286245 24.34767342 5.50000000
v 6.50882673 24.35000038 5.50000000
v 6.97753143 22.10252190 5.50000000
v 7.08306122 22.12263680 5.50000000
v 7.18823481 22.14779091 5.50000000
v 7.29260254 22.17788124 5.50000000
v 7.39571714 22.21277618 5.50000000
v 7.49713755 22.25232506 5.50000000
v 5.84999990 32.22499847 4.59999990
v 5.84999990 32.57500076 4.59999990
v 5.84999990 34.82500076 4.59999990
v 6.30000019 32.22499847 4.59999990
v 6.30000019 32.57500076 4.59999990
v 6.30000019 34.82500076 4.59999990
v 7.16847992 32.57500076 4.59999990
v 7.18291664 32.54999924 4.59999990
v 7.26923990 32.22499847 4.59999990
v 7.26860809 32.24578094 4.59999990
v 7.20296717 32.50960159 4.59999990
v 7.22052193 32.46788025 4.59999990
v 7.26443911 32.29136658 4.59999990
v 7.25751066 32.33656311 4.59999990
v 7.24785185 32.38117218 4.59999990
v 7.23550463 32.42500687 4.59999990
v 5.84999990 31.10000038 5.00000000
v 5.84999990 32.22499847 5.00000000
v 5.84999990 32.57500076 5.00000000
v 5.84999990 34.82500076 5.00000000
v 5.84999990 31.10000038 5.50000000
v 5.84999990 31.77237892 5.50000000
v 5.84999990 32.72761917 5.50000000
v 6.30000019 31.10000038 5.00000000
v 6.30000019 31.25407028 5.00000000
v 6.30000019 31.59090424 5.00000000
v 6.36348248 31.21859550 5.00000000
v 6.33251238 31.57218933 5.00000000
v 6.37125587 31.55328369 5.00000000
v 6.49641657 31.16102982 5.00000000
v 6.42904806 31.18753815 5.00000000
v 6.41106415 31.53714943 5.00000000
v 6.45176744 31.52385139 5.00000000
v 6.49319124 31.51345062 5.00000000
v 6.53515816 31.50598907 5.00000000
v 6.30000019 32.22499847 5.00000000
v 6.30000019 32.57500076 5.00000000
v 6.30000019 32.80909729 5.00000000
v 6.56529903 31.13918495 5.00000000
v 6.63540077 31.12209702 5.00000000
v 6.70642138 31.10983849 5.00000000
v 6.57748795 31.50149918 5.00000000
v 6.61999989 31.50000000 5.00000000
v 6.66251183 31.50149918 5.00000000
v 6.70484209 31.50598907 5.00000000
v 6.77805662 31.10246277 5.00000000
v 6.84999990 31.10000038 5.00000000
v 6.74680853 31.51345062 5.00000000
v 6.78823233 31.52385139 5.00000000
v 6.82893562 31.53714943 5.00000000
v 6.86874437 31.55328369 5.00000000
v 6.30000019 33.24592972 5.00000000
v 6.33251238 32.82781219 5.00000000
v 6.37125587 32.84671402 5.00000000
v 6.36348248 33.28140259 5.00000000
v 6.41106415 32.86285019 5.00000000
v 6.45176744 32.87614822 5.00000000
v 6.42904806 33.31246185 5.00000000
v 6.49319124 32.88655090 5.00000000
v 6.53515816 32.89401245 5.00000000
v 6.49641657 33.33897018 5.00000000
v 6.30000019 34.82500076 5.00000000
v 6.57748795 32.89850235 5.00000000
v 6.61999989 32.90000153 5.00000000
v 6.66251183 32.89850235 5.00000000
v 6.70484209 32.89401245 5.00000000
v 6.56529903 33.36081314 5.00000000
v 6.63540077 33.37790298 5.00000000
v 6.70642138 33.39016342 5.00000000
v 6.74680853 32.88655090 5.00000000
v 6.78823233 32.87614822 5.00000000
v 6.82893562 32.86285019 5.00000000
v 6.86874437 32.84671402 5.00000000
v 6.77805662 33.39753723 5.00000000
v 6.84999990 33.40000153 5.00000000
v 6.92194366 31.10246277 5.00000000
v 6.99357891 31.10983849 5.00000000
v 6.90748787 31.57218933 5.00000000
v 6.94500017 31.59378242 5.00000000
v 6.98112059 31.61797142 5.00000000
v 7.01569510 31.64465332 5.00000000
v 7.06459951 31.12209702 5.00000000
v 7.13470078 31.13918495 5.00000000
v 7.04857492 31.67371178 5.00000000
v 7.07961941 31.70502472 5.00000000
v 6.94500017 32.80621719 5.00000000
v 6.98112059 32.78202820 5.00000000
v 7.01569510 32.75534821 5.00000000
v 7.10869598 31.73845863 5.00000000
v 7.13567972 31.77386665 5.00000000
v 7.16045523 31.81110001 5.00000000
v 7.18291664 31.85000038 5.00000000
v 7.04857492 32.72628784 5.00000000
v 7.10869598 32.66154099 5.00000000
v 7.07961941 32.69497299 5.00000000
v 7.13567972 32.62613297 5.00000000
v 7.16045523 32.58889771 5.00000000
v 7.16847992 32.57500076 5.00000000
v 7.20358324 31.16102982 5.00000000
v 7.27095175 31.18753815 5.00000000
v 7.33651733 31.21859550 5.00000000
v 7.40000010 31.25407028 5.00000000
v 7.46112728 31.29380989 5.00000000
v 7.20296717 31.89039803 5.00000000
v 7.22052193 31.93212128 5.00000000
v 7.23550463 31.97499275 5.00000000
v 7.24785185 32.01882553 5.00000000
v 7.25751066 32.06343842 5.00000000
v 7.26443911 32.10863113 5.00000000
v 7.26860809 32.15421677 5.00000000
v 7.26923990 32.22499847 5.00000000
v 7.26999998 32.20000076 5.00000000
v 6.90748787 32.82781219 5.00000000
v 6.92194366 33.39753723 5.00000000
v 6.99357891 33.39016342 5.00000000
v 7.06459951 33.37790298 5.00000000
v 7.13470078 33.36081314 5.00000000
v 7.20358324 33.33897018 5.00000000
v 7.27095175 33.31246185 5.00000000
v 7.33651733 33.28140259 5.00000000
v 7.40000010 33.24592972 5.00000000
v 7.46112728 33.20618820 5.00000000
v 6.30000019 31.10000038 5.50000000
v 6.30000019 31.25407028 5.50000000
v 6.30000019 31.59090424 5.50000000
v 6.36348248 31.21859550 5.50000000
v 6.33251238 31.57218933 5.50000000
v 6.37125587 31.55328369 5.50000000
v 6.49641657 31.16102982 5.50000000
v 6.42904806 31.18753815 5.50000000
v 6.41106415 31.53714943 5.50000000
v 6.45176744 31.52385139 5.50000000
v 6.49319124 31.51345062 5.50000000
v 6.53515816 31.50598907 5.50000000
v 6.30000019 32.80909729 5.50000000
v 6.56529903 31.13918495 5.50000000
v 6.63540077 31.12209702 5.50000000
v 6.70642138 31.10983849 5.50000000
v 6.57748795 31.50149918 5.50000000
v 6.61999989 31.50000000 5.50000000
v 6.66251183 31.50149918 5.50000000
v 6.70484209 31.50598907 5.50000000
v 6.77805662 31.10246277 5.50000000
v 6.84999990 31.10000038 5.50000000
v 6.74680853 31.51345062 5.50000000
v 6.78823233 31.52385139 5.50000000
v 6.82893562 31.53714943 5.50000000
v 6.86874437 31.55328369 5.50000000
v 6.30000019 33.24592972 5.50000000
v 6.33251238 32.82781219 5.50000000
v 6.37125587 32.84671402 5.50000000
v 6.36348248 33.28140259 5.50000000
v 6.41106415 32.86285019 5.50000000
v 6.45176744 32.87614822 5.50000000
v 6.42904806 33.31246185 5.50000000
v 6.49319124 32.88655090 5.50000000
v 6.53515816 32.89401245 5.50000000
v 6.49641657 33.33897018 5.50000000
v 6.57748795 32.89850235 5.50000000
v 6.61999989 32.90000153 5.50000000
v 6.66251183 32.89850235 5.50000000
v 6.70484209 32.89401245 5.50000000
v 6.56529903 33.36081314 5.50000000
v 6.63540077 33.37790298 5.50000000
v 6.70642138 33.39016342 5.50000000
v 6.74680853 32.88655090 5.50000000
v 6.78823233 32.87614822 5.50000000
v 6.82893562 32.86285019 5.50000000
v 6.86874437 32.84671402 5.50000000
v 6.77805662 33.39753723 5.50000000
v 6.84999990 33.40000153 5.50000000
v 6.92194366 31.10246277 5.50000000
v 6.99357891 31.10983849 5.50000000
v 6.90748787 31.57218933 5.50000000
v 6.94500017 31.59378242 5.50000000
v 6.98112059 31.61797142 5.50000000
v 7.01569510 31.64465332 5.50000000
v 7.06459951 31.12209702 5.50000000
v 7.13470078 31.13918495 5.50000000
v 7.04857492 31.67371178 5.50000000
v 7.07961941 31.70502472 5.50000000
v 6.94500017 32.80621719 5.50000000
v 6.98112059 32.78202820 5.50000000
v 7.01569510 32.75534821 5.50000000
v 7.10869598 31.73845863 5.50000000
v 7.13567972 31.77386665 5.50000000
v 7.16045523 31.81110001 5.50000000
v 7.18291664 31.85000038 5.50000000
v 7.04857492 32.72628784 5.50000000
v 7.10869598 32.66154099 5.50000000
v 7.07961941 32.69497299 5.50000000
v 7.13567972 32.62613297 5.50000000
v 7.16045523 32.58889771 5.50000000
v 7.18291664 32.54999924 5.50000000
v 7.20358324 31.16102982 5.50000000
v 7.27095175 31.18753815 5.50000000
v 7.33651733 31.21859550 5.50000000
v 7.40000010 31.25407028 5.50000000
v 7.46112728 31.29380989 5.50000000
v 7.20296717 31.89039803 5.50000000
v 7.22052193 31.93212128 5.50000000
v 7.23550463 31.97499275 5.50000000
v 7.24785185 32.01882553 5.50000000
v 7.25751066 32.06343842 5.50000000
v 7.26443911 32.10863113 5.50000000
v 7.26860809 32.15421677 5.50000000
v 7.26999998 32.20000076 5.50000000
v 7.26860809 32.24578094 5.50000000
v 7.20296717 32.50960159 5.50000000
v 7.22052193 32.46788025 5.50000000
v 7.26443911 32.29136658 5.50000000
v 7.25751066 32.33656311 5.50000000
v 7.24785185 32.38117218 5.50000000
v 7.23550463 32.42500687 5.50000000
v 6.90748787 32.82781219 5.50000000
v 6.92194366 33.39753723 5.50000000
v 6.99357891 33.39016342 5.50000000
v 7.06459951 33.37790298 5.50000000
v 7.13470078 33.36081314 5.50000000
v 7.20358324 33.33897018 5.50000000
v 7.27095175 33.31246185 5.50000000
v 7.33651733 33.28140259 5.50000000
v 7.40000010 33.24592972 5.50000000
v 7.46112728 33.20618820 5.50000000
v 7.59642887 22.29636192 5.00000000
v 7.69316626 22.34469604 5.00000000
v 7.78693581 22.39712143 5.00000000
v 7.87733507 22.45341301 5.00000000
v 7.96397734 22.51332855 5.00000000
v 8.04649258 22.57661438 5.00000000
v 8.12452507 22.64299774 5.00000000
v 8.11294460 24.85000038 5.00000000
v 8.19774342 22.71219254 5.00000000
v 8.26583290 22.78390694 5.00000000
v 8.32850075 22.85783005 5.00000000
v 8.38548088 22.93364525 5.00000000
v 8.43652821 23.01103210 5.00000000
v 8.48142338 23.08965492 5.00000000
v 8.51997471 23.16917801 5.00000000
v 8.55201817 23.24926186 5.00000000
v 8.56806564 23.29999924 5.00000000
v 8.61294460 23.29999924 5.00000000
v 8.61294460 24.35000038 5.00000000
v 8.61294460 24.85000038 5.00000000
v 7.59642887 22.29636192 5.50000000
v 7.69316626 22.34469604 5.50000000
v 7.78693581 22.39712143 5.50000000
v 7.87733507 22.45341301 5.50000000
v 7.96397734 22.51332855 5.50000000
v 8.04649258 22.57661438 5.50000000
v 8.12452507 22.64299774 5.50000000
v 8.11294460 24.85000038 5.50000000
v 8.19774342 22.71219254 5.50000000
v 8.26583290 22.78390694 5.50000000
v 8.32850075 22.85783005 5.50000000
v 8.38548088 22.93364525 5.50000000
v 8.43652821 23.01103210 5.50000000
v 8.48142338 23.08965492 5.50000000
v 8.51997471 23.16917801 5.50000000
v 8.55201817 23.24926186 5.50000000
v 8.56806564 23.29999924 5.50000000
v 8.61294460 23.29999924 5.50000000
v 8.61294460 24.35000038 5.50000000
v 8.61294460 24.85000038 5.50000000
v 9.60000038 24.35000038 5.00000000
v 9.60000038 24.85000038 5.00000000
v 9.60000038 24.35000038 5.50000000
v 9.60000038 24.85000038 5.50000000
v 8.11294460 29.62500000 4.59999990
v 8.11294460 29.97500038 4.59999990
v 8.61294460 29.62500000 4.59999990
v 8.61294460 29.97500038 4.59999990
v 7.94921684 32.22499847 4.59999990
v 7.94999981 32.25000000 4.59999990
v 7.92886400 32.47435379 4.59999990
v 7.94764471 32.32521439 4.59999990
v 7.94058943 32.40010452 4.59999990
v 7.90458012 32.57500076 4.59999990
v 7.91251850 32.54764175 4.59999990
v 9.39427376 32.22499847 4.59999990
v 9.40394306 32.29026413 4.59999990
v 9.42258453 32.37043762 4.59999990
v 9.44798183 32.45073700 4.59999990
v 9.48002529 32.53082275 4.59999990
v 9.50144291 32.57500076 4.59999990
v 8.11294460 26.95000076 5.00000000
v 8.11294460 27.45000076 5.00000000
v 8.11294460 29.62500000 5.00000000
v 8.11294460 29.97500038 5.00000000
v 8.61294460 26.95000076 5.00000000
v 8.61294460 27.45000076 5.00000000
v 8.61294460 29.62500000 5.00000000
v 8.61294460 29.97500038 5.00000000
v 8.11294460 26.95000076 5.50000000
v 8.11294460 27.45000076 5.50000000
v 8.61294460 26.95000076 5.50000000
v 8.61294460 27.45000076 5.50000000
v 7.51963758 31.33764458 5.00000000
v 7.57528019 31.38538361 5.00000000
v 7.62781763 31.43682671 5.00000000
v 7.67702389 31.49175262 5.00000000
v 7.72268867 31.54992485 5.00000000
v 7.76461649 31.61109352 5.00000000
v 7.80262804 31.67499924 5.00000000
v 8.11294460 31.60000038 5.00000000
v 7.83656025 31.74136734 5.00000000
v 7.86626768 31.80991364 5.00000000
v 7.89162302 31.88034439 5.00000000
v 7.91251850 31.95235825 5.00000000
v 7.92886400 32.02564621 5.00000000
v 7.94058943 32.09989548 5.00000000
v 7.94764471 32.17478561 5.00000000
v 7.94921684 32.22499847 5.00000000
v 7.83656025 32.75863266 5.00000000
v 7.86626768 32.69008636 5.00000000
v 7.90458012 32.57500076 5.00000000
v 7.89162302 32.61965561 5.00000000
v 7.51963758 33.16235733 5.00000000
v 7.57528019 33.11461639 5.00000000
v 7.62781763 33.06317139 5.00000000
v 7.67702389 33.00824738 5.00000000
v 7.72268867 32.95007706 5.00000000
v 7.76461649 32.88890457 5.00000000
v 7.80262804 32.82500076 5.00000000
v 8.61294460 31.60000038 5.00000000
v 7.51963758 31.33764458 5.50000000
v 7.57528019 31.38538361 5.50000000
v 7.62781763 31.43682671 5.50000000
v 7.67702389 31.49175262 5.50000000
v 7.72268867 31.54992485 5.50000000
v 7.76461649 31.61109352 5.50000000
v 7.80262804 31.67499924 5.50000000
v 8.11294460 31.60000038 5.50000000
v 7.83656025 31.74136734 5.50000000
v 7.86626768 31.80991364 5.50000000
v 7.89162302 31.88034439 5.50000000
v 7.91251850 31.95235825 5.50000000
v 7.92886400 32.02564621 5.50000000
v 7.94058943 32.09989548 5.50000000
v 7.94764471 32.17478561 5.50000000
v 7.94999981 32.25000000 5.50000000
v 7.83656025 32.75863266 5.50000000
v 7.86626768 32.69008636 5.50000000
v 7.92886400 32.47435379 5.50000000
v 7.94764471 32.32521439 5.50000000
v 7.94058943 32.40010452 5.50000000
v 7.89162302 32.61965561 5.50000000
v 7.91251850 32.54764175 5.50000000
v 7.51963758 33.16235733 5.50000000
v 7.57528019 33.11461639 5.50000000
v 7.62781763 33.06317139 5.50000000
v 7.67702389 33.00824738 5.50000000
v 7.72268867 32.95007706 5.50000000
v 7.76461649 32.88890457 5.50000000
v 7.80262804 32.82500076 5.50000000
v 8.61294460 31.60000038 5.50000000
v 9.60000038 26.95000076 5.00000000
v 9.60000038 27.45000076 5.00000000
v 9.60000038 26.95000076 5.50000000
v 9.60000038 27.45000076 5.50000000
v 9.50137997 31.69383621 5.00000000
v 9.54359722 31.62970734 5.00000000
v 9.59205055 31.56887627 5.00000000
v 9.64653301 31.51160431 5.00000000
v 9.41381836 31.90320396 5.00000000
v 9.39807701 31.97765923 5.00000000
v 9.43635178 31.83087921 5.00000000
v 9.38919640 32.05392075 5.00000000
v 9.38721275 32.13166428 5.00000000
v 9.39427376 32.22499847 5.00000000
v 9.39213467 32.21055984 5.00000000
v 9.46558094 31.76098824 5.00000000
v 9.50144291 32.57500076 5.00000000
v 9.51857662 32.61034393 5.00000000
v 9.56347179 32.68896866 5.00000000
v 9.61451912 32.76635361 5.00000000
v 9.70681190 31.45813751 5.00000000
v 9.77262783 31.40870285 5.00000000
v 9.84369946 31.36351395 5.00000000
v 9.91972256 31.32276344 5.00000000
v 9.67149925 32.84217072 5.00000000
v 9.73416710 32.91609573 5.00000000
v 9.80225658 32.98780823 5.00000000
v 9.87547493 33.05700302 5.00000000
v 9.95350742 33.12338638 5.00000000
v 9.50137997 31.69383621 5.50000000
v 9.54359722 31.62970734 5.50000000
v 9.59205055 31.56887627 5.50000000
v 9.64653301 31.51160431 5.50000000
v 9.41381836 31.90320396 5.50000000
v 9.39807701 31.97765923 5.50000000
v 9.43635178 31.83087921 5.50000000
v 9.38919640 32.05392075 5.50000000
v 9.38721275 32.13166428 5.50000000
v 9.39213467 32.21055984 5.50000000
v 9.46558094 31.76098824 5.50000000
v 9.40394306 32.29026413 5.50000000
v 9.42258453 32.37043762 5.50000000
v 9.44798183 32.45073700 5.50000000
v 9.48002529 32.53082275 5.50000000
v 9.51857662 32.61034393 5.50000000
v 9.56347179 32.68896866 5.50000000
v 9.61451912 32.76635361 5.50000000
v 9.70681190 31.45813751 5.50000000
v 9.77262783 31.40870285 5.50000000
v 9.84369946 31.36351395 5.50000000
v 9.91972256 31.32276344 5.50000000
v 9.67149925 32.84217072 5.50000000
v 9.73416710 32.91609573 5.50000000
v 9.80225658 32.98780823 5.50000000
v 9.87547493 33.05700302 5.50000000
v 9.95350742 33.12338638 5.50000000
v 0.60000002 69.40000153 0.00000000
v 0.00000000 69.40000153 0.60000002
v 0.60000002 70.00000000 0.60000002
v 0.19999985 35.17499924 4.59999990
v 0.19999985 37.42499924 4.59999990
v 0.19999985 37.77500153 4.59999990
v 0.19999985 40.02500153 4.59999990
v 0.19999985 40.37500000 4.59999990
v 0.60000002 35.17499924 5.00000000
v 0.60000002 37.42499924 5.00000000
v 0.60000002 37.77500153 5.00000000
v 0.60000002 40.02500153 5.00000000
v 0.60000002 40.37500000 5.00000000
v 0.00000000 69.40000153 4.40000010
v 0.60000002 70.00000000 4.40000010
v 0.60000002 69.40000153 5.00000000
v 4.76121092 60.13730240 4.59999990
v 4.80339003 59.89531708 4.59999990
v 4.91850185 59.42213058 4.59999990
v 4.99108458 59.19237137 4.59999990
v 4.85587358 59.65668488 4.59999990
v 4.72946358 60.38190842 4.59999990
v 4.70824528 60.62839127 4.59999990
v 4.69761992 60.87600708 4.59999990
v 4.69761992 61.12399292 4.59999990
v 4.76121092 60.13730240 5.00000000
v 4.80339003 59.89531708 5.00000000
v 4.91850185 59.42213058 5.00000000
v 4.99108458 59.19237137 5.00000000
v 4.85587358 59.65668488 5.00000000
v 4.72946358 60.38190842 5.00000000
v 4.70824528 60.62839127 5.00000000
v 4.69761992 60.87600708 5.00000000
v 4.69761992 61.12399292 5.00000000
v 4.70824528 61.37160873 4.59999990
v 4.72946358 61.61809158 4.59999990
v 4.76121092 61.86269760 4.59999990
v 4.80339003 62.10468292 4.59999990
v 4.85587358 62.34331512 4.59999990
v 4.91850185 62.57786942 4.59999990
v 4.99108458 62.80762863 4.59999990
v 4.70824528 61.37160873 5.00000000
v 4.72946358 61.61809158 5.00000000
v 4.76121092 61.86269760 5.00000000
v 4.80339003 62.10468292 5.00000000
v 4.85587358 62.34331512 5.00000000
v 4.91850185 62.57786942 5.00000000
v 4.99108458 62.80762863 5.00000000
v 5.84999990 35.17499924 4.59999990
v 6.30000019 35.17499924 4.59999990
v 5.84999990 35.17499924 5.00000000
v 5.84999990 36.29999924 5.00000000
v 5.84999990 36.29999924 5.50000000
v 6.30000019 35.17499924 5.00000000
v 6.30000019 36.29999924 5.00000000
v 6.30000019 36.29999924 5.50000000
v 9.85000038 40.20000076 4.59999990
v 9.85000038 40.37500000 4.59999990
v 8.53125000 40.37500000 5.00000000
v 9.85000038 40.37500000 5.00000000
v 9.85000038 40.20000076 5.50000000
v 9.85000038 40.87237930 5.50000000
v 9.85000038 41.82762146 5.50000000
v 9.85000038 45.40000153 5.00000000
v 9.85000038 45.40000153 5.50000000
v 5.07340145 58.96810150 4.59999990
v 5.16520214 58.75000000 4.59999990
v 5.26620817 58.53873444 4.59999990
v 5.62125731 57.95223236 4.59999990
v 5.37611341 58.33494186 4.59999990
v 5.49458265 58.13924408 4.59999990
v 5.75575209 57.77447891 4.59999990
v 5.89765882 57.60652161 4.59999990
v 6.04654646 57.44886780 4.59999990
v 6.20196295 57.30199814 4.59999990
v 6.23333168 59.55509186 4.59999990
v 6.13596630 59.87796021 4.59999990
v 6.09660006 60.04475403 4.59999990
v 6.18158960 59.71457291 4.59999990
v 6.03709793 60.38652420 4.59999990
v 6.06361055 60.21444702 4.59999990
v 6.01714230 60.56046677 4.59999990
v 6.00380516 60.73574448 4.59999990
v 5.99712658 60.91182709 4.59999990
v 5.99712658 61.08817291 4.59999990
v 6.87920809 56.83077621 4.59999990
v 7.05984306 56.74382401 4.59999990
v 7.24392891 56.66979218 4.59999990
v 7.43090725 56.60891724 4.59999990
v 6.36343575 57.16636276 4.59999990
v 6.53047514 57.04236984 4.59999990
v 6.49807453 58.96568298 4.59999990
v 6.70257378 56.93039322 4.59999990
v 6.57769871 58.83269882 4.59999990
v 6.66223812 58.70629501 4.59999990
v 6.84502316 58.47475052 4.59999990
v 6.75143671 58.58686066 4.59999990
v 6.29103518 59.40000153 4.59999990
v 6.35452461 59.24976730 4.59999990
v 6.42360783 59.10484695 4.59999990
v 6.94271326 58.37031174 4.59999990
v 7.04421043 58.27385712 4.59999990
v 7.14920664 58.18568420 4.59999990
v 7.25738287 58.10605621 4.59999990
v 7.36841059 58.03521729 4.59999990
v 7.48195219 57.97338486 4.59999990
v 5.07340145 58.96810150 5.00000000
v 5.16520214 58.75000000 5.00000000
v 5.26620817 58.53873444 5.00000000
v 5.62125731 57.95223236 5.00000000
v 5.37611341 58.33494186 5.00000000
v 5.49458265 58.13924408 5.00000000
v 5.75575209 57.77447891 5.00000000
v 5.89765882 57.60652161 5.00000000
v 6.04654646 57.44886780 5.00000000
v 6.20196295 57.30199814 5.00000000
v 6.23333168 59.55509186 5.00000000
v 6.13596630 59.87796021 5.00000000
v 6.09660006 60.04475403 5.00000000
v 6.18158960 59.71457291 5.00000000
v 6.03709793 60.38652420 5.00000000
v 6.06361055 60.21444702 5.00000000
v 6.01714230 60.56046677 5.00000000
v 6.00380516 60.73574448 5.00000000
v 5.99712658 60.91182709 5.00000000
v 5.99712658 61.08817291 5.00000000
v 6.87920809 56.83077621 5.00000000
v 7.05984306 56.74382401 5.00000000
v 7.24392891 56.66979218 5.00000000
v 7.43090725 56.60891724 5.00000000
v 6.36343575 57.16636276 5.00000000
v 6.53047514 57.04236984 5.00000000
v 6.49807453 58.96568298 5.00000000
v 6.70257378 56.93039322 5.00000000
v 6.57769871 58.83269882 5.00000000
v 6.66223812 58.70629501 5.00000000
v 6.84502316 58.47475052 5.00000000
v 6.75143671 58.58686066 5.00000000
v 6.29103518 59.40000153 5.00000000
v 6.35452461 59.24976730 5.00000000
v 6.42360783 59.10484695 5.00000000
v 6.94271326 58.37031174 5.00000000
v 7.04421043 58.27385712 5.00000000
v 7.14920664 58.18568420 5.00000000
v 7.25738287 58.10605621 5.00000000
v 7.36841059 58.03521729 5.00000000
v 7.48195219 57.97338486 5.00000000
v 5.07340145 63.03189850 4.59999990
v 5.16520214 63.25000000 4.59999990
v 5.26620817 63.46126556 4.59999990
v 5.37611341 63.66505814 4.59999990
v 5.49458265 63.86075592 4.59999990
v 5.62125731 64.04776764 4.59999990
v 6.00380516 61.26425552 4.59999990
v 6.01714230 61.43953323 4.59999990
v 6.03709793 61.61347580 4.59999990
v 6.06361055 61.78555298 4.59999990
v 6.09660006 61.95524597 4.59999990
v 6.13596630 62.12203979 4.59999990
v 6.18158960 62.28542709 4.59999990
v 6.23333168 62.44490814 4.59999990
v 5.75575209 64.22552490 4.59999990
v 5.89765882 64.39347839 4.59999990
v 6.04654646 64.55113220 4.59999990
v 6.20196295 64.69799805 4.59999990
v 6.29103518 62.59999847 4.59999990
v 6.35452461 62.75023270 4.59999990
v 6.42360783 62.89515305 4.59999990
v 6.49807453 63.03431702 4.59999990
v 6.57769871 63.16730118 4.59999990
v 6.66223812 63.29370499 4.59999990
v 6.75143671 63.41313934 4.59999990
v 6.36343575 64.83364105 4.59999990
v 6.53047514 64.95763397 4.59999990
v 6.84502316 63.52524948 4.59999990
v 6.70257378 65.06961060 4.59999990
v 6.94271326 63.62968826 4.59999990
v 7.04421043 63.72614288 4.59999990
v 7.14920664 63.81431580 4.59999990
v 6.87920809 65.16921997 4.59999990
v 7.05984306 65.25617981 4.59999990
v 7.25738287 63.89394379 4.59999990
v 7.36841059 63.96478271 4.59999990
v 7.48195219 64.02661896 4.59999990
v 7.24392891 65.33020782 4.59999990
v 7.43090725 65.39108276 4.59999990
v 5.07340145 63.03189850 5.00000000
v 5.16520214 63.25000000 5.00000000
v 5.26620817 63.46126556 5.00000000
v 5.37611341 63.66505814 5.00000000
v 5.49458265 63.86075592 5.00000000
v 5.62125731 64.04776764 5.00000000
v 6.00380516 61.26425552 5.00000000
v 6.01714230 61.43953323 5.00000000
v 6.03709793 61.61347580 5.00000000
v 6.06361055 61.78555298 5.00000000
v 6.09660006 61.95524597 5.00000000
v 6.13596630 62.12203979 5.00000000
v 6.18158960 62.28542709 5.00000000
v 6.23333168 62.44490814 5.00000000
v 5.75575209 64.22552490 5.00000000
v 5.89765882 64.39347839 5.00000000
v 6.04654646 64.55113220 5.00000000
v 6.20196295 64.69799805 5.00000000
v 6.29103518 62.59999847 5.00000000
v 6.35452461 62.75023270 5.00000000
v 6.42360783 62.89515305 5.00000000
v 6.49807453 63.03431702 5.00000000
v 6.57769871 63.16730118 5.00000000
v 6.66223812 63.29370499 5.00000000
v 6.75143671 63.41313934 5.00000000
v 6.36343575 64.83364105 5.00000000
v 6.53047514 64.95763397 5.00000000
v 6.84502316 63.52524948 5.00000000
v 6.70257378 65.06961060 5.00000000
v 6.94271326 63.62968826 5.00000000
v 7.04421043 63.72614288 5.00000000
v 7.14920664 63.81431580 5.00000000
v 6.87920809 65.16921997 5.00000000
v 7.05984306 65.25617981 5.00000000
v 7.25738287 63.89394379 5.00000000
v 7.36841059 63.96478271 5.00000000
v 7.48195219 64.02661896 5.00000000
v 7.24392891 65.33020782 5.00000000
v 7.43090725 65.39108276 5.00000000
v 7.62021017 56.56137466 4.59999990
v 7.81126213 56.52731323 4.59999990
v 8.00348377 56.50683212 4.59999990
v 8.19629097 56.50000000 4.59999990
v 8.38909817 56.50683212 4.59999990
v 8.58131981 56.52731323 4.59999990
v 7.59766340 57.92074203 4.59999990
v 7.71519279 57.87745285 4.59999990
v 7.83418322 57.84364319 4.59999990
v 7.95427322 57.81942368 4.59999990
v 8.07509804 57.80485916 4.59999990
v 8.19629097 57.79999924 4.59999990
v 8.31748390 57.80485916 4.59999990
v 8.43830872 57.81942368 4.59999990
v 8.55839920 57.84364319 4.59999990
v 8.67738914 57.87745285 4.59999990
v 8.19629097 59.45000076 4.59999990
v 8.19629097 60.75000000 4.59999990
v 8.77237225 56.56137466 4.59999990
v 8.96167469 56.60891724 4.59999990
v 9.14865303 56.66979218 4.59999990
v 9.33273888 56.74382401 4.59999990
v 9.51337433 56.83077621 4.59999990
v 8.79491901 57.92074203 4.59999990
v 8.91063023 57.97338486 4.59999990
v 9.02417183 58.03521729 4.59999990
v 9.13519955 58.10605621 4.59999990
v 9.24337578 58.18568420 4.59999990
v 9.34837151 58.27385712 4.59999990
v 9.44986916 58.37031174 4.59999990
v 9.54755878 58.47475052 4.59999990
v 9.64114571 58.58686066 4.59999990
v 9.69000816 56.93039322 4.59999990
v 9.86210728 57.04236984 4.59999990
v 9.73034382 58.70629501 4.59999990
v 9.81488323 58.83269882 4.59999990
v 9.89450741 58.96568298 4.59999990
v 9.96897411 59.10484695 4.59999990
v 7.62021017 56.56137466 5.00000000
v 7.81126213 56.52731323 5.00000000
v 8.00348377 56.50683212 5.00000000
v 8.19629097 56.50000000 5.00000000
v 8.38909817 56.50683212 5.00000000
v 8.58131981 56.52731323 5.00000000
v 7.59766340 57.92074203 5.00000000
v 7.71519279 57.87745285 5.00000000
v 7.83418322 57.84364319 5.00000000
v 7.95427322 57.81942368 5.00000000
v 8.07509804 57.80485916 5.00000000
v 8.19629097 57.79999924 5.00000000
v 8.31748390 57.80485916 5.00000000
v 8.43830872 57.81942368 5.00000000
v 8.55839920 57.84364319 5.00000000
v 8.67738914 57.87745285 5.00000000
v 8.19629097 59.45000076 5.00000000
v 8.19629097 60.75000000 5.00000000
v 8.77237225 56.56137466 5.00000000
v 8.96167469 56.60891724 5.00000000
v 9.14865303 56.66979218 5.00000000
v 9.33273888 56.74382401 5.00000000
v 9.51337433 56.83077621 5.00000000
v 8.79491901 57.92074203 5.00000000
v 8.91063023 57.97338486 5.00000000
v 9.02417183 58.03521729 5.00000000
v 9.13519955 58.10605621 5.00000000
v 9.24337578 58.18568420 5.00000000
v 9.34837151 58.27385712 5.00000000
v 9.44986916 58.37031174 5.00000000
v 9.54755878 58.47475052 5.00000000
v 9.64114571 58.58686066 5.00000000
v 9.69000816 56.93039322 5.00000000
v 9.86210728 57.04236984 5.00000000
v 9.73034382 58.70629501 5.00000000
v 9.81488323 58.83269882 5.00000000
v 9.89450741 58.96568298 5.00000000
v 9.96897411 59.10484695 5.00000000
v 7.59766340 64.07925415 4.59999990
v 7.71519279 64.12255096 4.59999990
v 7.62021017 65.43862915 4.59999990
v 7.81126213 65.47268677 4.59999990
v 7.83418322 64.15635681 4.59999990
v 7.95427322 64.18058014 4.59999990
v 8.07509804 64.19514465 4.59999990
v 8.00348377 65.49316406 4.59999990
v 8.19629097 64.19999695 4.59999990
v 8.31748390 64.19514465 4.59999990
v 8.19629097 65.50000000 4.59999990
v 8.38909817 65.49316406 4.59999990
v 8.43830872 64.18058014 4.59999990
v 8.55839920 64.15635681 4.59999990
v 8.67738914 64.12255096 4.59999990
v 8.58131981 65.47268677 4.59999990
v 8.79491901 64.07925415 4.59999990
v 9.02417183 63.96478271 4.59999990
v 8.91063023 64.02661896 4.59999990
v 8.77237225 65.43862915 4.59999990
v 8.96167469 65.39108276 4.59999990
v 9.13519955 63.89394379 4.59999990
v 9.24337578 63.81431580 4.59999990
v 9.34837151 63.72614288 4.59999990
v 9.14865303 65.33020782 4.59999990
v 9.33273888 65.25617981 4.59999990
v 9.64114571 63.41313934 4.59999990
v 9.73034382 63.29370499 4.59999990
v 9.81488323 63.16730118 4.59999990
v 9.89450741 63.03431702 4.59999990
v 9.96897411 62.89515305 4.59999990
v 9.44986916 63.62968826 4.59999990
v 9.54755878 63.52524948 4.59999990
v 9.51337433 65.16921997 4.59999990
v 9.69000816 65.06961060 4.59999990
v 9.86210728 64.95763397 4.59999990
v 7.59766340 64.07925415 5.00000000
v 7.71519279 64.12255096 5.00000000
v 7.62021017 65.43862915 5.00000000
v 7.81126213 65.47268677 5.00000000
v 7.83418322 64.15635681 5.00000000
v 7.95427322 64.18058014 5.00000000
v 8.07509804 64.19514465 5.00000000
v 8.00348377 65.49316406 5.00000000
v 8.19629097 64.19999695 5.00000000
v 8.31748390 64.19514465 5.00000000
v 8.19629097 65.50000000 5.00000000
v 8.38909817 65.49316406 5.00000000
v 8.43830872 64.18058014 5.00000000
v 8.55839920 64.15635681 5.00000000
v 8.67738914 64.12255096 5.00000000
v 8.58131981 65.47268677 5.00000000
v 8.79491901 64.07925415 5.00000000
v 9.02417183 63.96478271 5.00000000
v 8.91063023 64.02661896 5.00000000
v 8.77237225 65.43862915 5.00000000
v 8.96167469 65.39108276 5.00000000
v 9.13519955 63.89394379 5.00000000
v 9.24337578 63.81431580 5.00000000
v 9.34837151 63.72614288 5.00000000
v 9.14865303 65.33020782 5.00000000
v 9.33273888 65.25617981 5.00000000
v 9.64114571 63.41313934 5.00000000
v 9.73034382 63.29370499 5.00000000
v 9.81488323 63.16730118 5.00000000
v 9.89450741 63.03431702 5.00000000
v 9.96897411 62.89515305 5.00000000
v 9.44986916 63.62968826 5.00000000
v 9.54755878 63.52524948 5.00000000
v 9.51337433 65.16921997 5.00000000
v 9.69000816 65.06961060 5.00000000
v 9.86210728 64.95763397 5.00000000
v 19.39999962 0.60000002 0.00000000
v 19.39999962 0.00000000 0.60000002
v 20.00000000 0.60000002 0.60000002
v 12.49855709 32.22499847 4.59999990
v 12.11294460 34.82500076 4.59999990
v 10.00037193 31.28662491 5.00000000
v 10.08530140 31.25525475 5.00000000
v 10.17414761 31.22878647 5.00000000
v 10.26653099 31.20733261 5.00000000
v 10.36205482 31.19098854 5.00000000
v 10.46030998 31.17981911 5.00000000
v 10.56087685 31.17387581 5.00000000
v 10.03602219 33.18667221 5.00000000
v 10.12266541 33.24658585 5.00000000
v 10.21306419 33.30287933 5.00000000
v 10.30683327 33.35530472 5.00000000
v 10.40357113 33.40363693 5.00000000
v 10.50286198 33.44767380 5.00000000
v 10.60428238 33.48722458 5.00000000
v 10.66332436 31.17318153 5.00000000
v 10.76721287 31.17774200 5.00000000
v 10.87209797 31.18753624 5.00000000
v 10.97753143 31.20252228 5.00000000
v 11.08306122 31.22263718 5.00000000
v 11.18823433 31.24779129 5.00000000
v 10.70739746 33.52211761 5.00000000
v 10.81176567 33.55220795 5.00000000
v 10.91693878 33.57736206 5.00000000
v 11.02246857 33.59747696 5.00000000
v 11.12790203 33.61246490 5.00000000
v 11.23278713 33.62225723 5.00000000
v 10.00037193 31.28662491 5.50000000
v 10.08530140 31.25525475 5.50000000
v 10.17414761 31.22878647 5.50000000
v 10.26653099 31.20733261 5.50000000
v 10.36205482 31.19098854 5.50000000
v 10.46030998 31.17981911 5.50000000
v 10.56087685 31.17387581 5.50000000
v 10.03602219 33.18667221 5.50000000
v 10.12266541 33.24658585 5.50000000
v 10.21306419 33.30287933 5.50000000
v 10.30683327 33.35530472 5.50000000
v 10.40357113 33.40363693 5.50000000
v 10.50286198 33.44767380 5.50000000
v 10.60428238 33.48722458 5.50000000
v 10.66332436 31.17318153 5.50000000
v 10.76721287 31.17774200 5.50000000
v 10.87209797 31.18753624 5.50000000
v 10.97753143 31.20252228 5.50000000
v 11.08306122 31.22263718 5.50000000
v 11.18823433 31.24779129 5.50000000
v 10.70739746 33.52211761 5.50000000
v 10.81176567 33.55220795 5.50000000
v 10.91693878 33.57736206 5.50000000
v 11.02246857 33.59747696 5.50000000
v 11.12790203 33.61246490 5.50000000
v 11.23278713 33.62225723 5.50000000
v 11.29260254 31.27788162 5.00000000
v 11.39571762 31.31277657 5.00000000
v 11.49713802 31.35232544 5.00000000
v 11.59642887 31.39636230 5.00000000
v 11.69316673 31.44469643 5.00000000
v 11.78693581 31.49712181 5.00000000
v 11.33667564 33.62681961 5.00000000
v 11.43912315 33.62612534 5.00000000
v 11.53969002 33.62018204 5.00000000
v 11.63794518 33.60901260 5.00000000
v 11.73346901 33.59266663 5.00000000
v 11.82585239 33.57121277 5.00000000
v 11.87733459 31.55341339 5.00000000
v 11.96397781 31.61332893 5.00000000
v 12.04649258 31.67661476 5.00000000
v 12.12452507 31.74299622 5.00000000
v 12.19774342 31.81219292 5.00000000
v 12.26583290 31.88390541 5.00000000
v 12.32850075 31.95782852 5.00000000
v 12.38548088 32.03364563 5.00000000
v 12.43652821 32.11103058 5.00000000
v 12.48142338 32.18965530 5.00000000
v 12.49855709 32.22499847 5.00000000
v 11.91469860 33.54474640 5.00000000
v 11.99962807 33.51337433 5.00000000
v 12.08027744 33.47723770 5.00000000
v 12.11294460 33.45972824 5.00000000
v 12.11294460 34.82500076 5.00000000
v 11.29260254 31.27788162 5.50000000
v 11.39571762 31.31277657 5.50000000
v 11.49713802 31.35232544 5.50000000
v 11.59642887 31.39636230 5.50000000
v 11.69316673 31.44469643 5.50000000
v 11.78693581 31.49712181 5.50000000
v 11.33667564 33.62681961 5.50000000
v 11.43912315 33.62612534 5.50000000
v 11.53969002 33.62018204 5.50000000
v 11.63794518 33.60901260 5.50000000
v 11.73346901 33.59266663 5.50000000
v 11.82585239 33.57121277 5.50000000
v 11.87733459 31.55341339 5.50000000
v 11.96397781 31.61332893 5.50000000
v 12.04649258 31.67661476 5.50000000
v 12.12452507 31.74299622 5.50000000
v 12.19774342 31.81219292 5.50000000
v 12.26583290 31.88390541 5.50000000
v 12.32850075 31.95782852 5.50000000
v 12.38548088 32.03364563 5.50000000
v 12.43652821 32.11103058 5.50000000
v 12.48142338 32.18965530 5.50000000
v 11.91469860 33.54474640 5.50000000
v 11.99962807 33.51337433 5.50000000
v 12.08027744 33.47723770 5.50000000
v 12.11294460 33.45972824 5.50000000
v 12.51997471 32.26917648 4.59999990
v 12.55201817 32.34926224 4.59999990
v 12.56806564 32.40000153 4.59999990
v 12.61294460 32.40000153 4.59999990
v 12.61294460 32.57500076 4.59999990
v 12.61294460 34.82500076 4.59999990
v 13.38705540 32.40000153 4.59999990
v 13.38705540 32.57500076 4.59999990
v 13.38705540 34.82500076 4.59999990
v 13.88705540 32.40000153 4.59999990
v 13.88705540 32.57500076 4.59999990
v 13.88705540 34.82500076 4.59999990
v 12.61294460 32.57500076 5.00000000
v 12.61294460 34.82500076 5.00000000
v 13.38705540 32.57500076 5.00000000
v 13.38705540 34.82500076 5.00000000
v 12.51997471 32.26917648 5.50000000
v 12.55201817 32.34926224 5.50000000
v 12.56806564 32.40000153 5.50000000
v 12.61294460 32.40000153 5.50000000
v 13.38705540 32.40000153 5.50000000
v 13.88705540 32.57500076 5.00000000
v 13.88705540 34.82500076 5.00000000
v 13.88705540 32.40000153 5.50000000
v 19.39999962 0.00000000 4.40000010
v 20.00000000 0.60000002 4.40000010
v 19.39999962 0.60000002 5.00000000
v 19.79999924 29.62500000 4.59999990
v 19.79999924 29.97500038 4.59999990
v 19.79999924 32.22499847 4.59999990
v 19.79999924 32.57500076 4.59999990
v 19.79999924 34.82500076 4.59999990
v 19.39999962 29.62500000 5.00000000
v 19.39999962 29.97500038 5.00000000
v 19.39999962 32.22499847 5.00000000
v 19.39999962 32.57500076 5.00000000
v 19.39999962 34.82500076 5.00000000
v 19.39999962 69.40000153 0.00000000
v 19.39999962 70.00000000 0.60000002
v 20.00000000 69.40000153 0.60000002
v 10.30000019 40.20000076 4.59999990
v 10.30000019 40.35407257 4.59999990
v 10.36348248 40.31859589 4.59999990
v 10.42904854 40.28754044 4.59999990
v 10.49641705 40.26103210 4.59999990
v 10.56529903 40.23918533 4.59999990
v 10.63540077 40.22209549 4.59999990
v 10.70642090 40.20983887 4.59999990
v 10.77805614 40.20246124 4.59999990
v 10.85000038 40.20000076 4.59999990
v 10.92194366 40.20246124 4.59999990
v 10.99357891 40.20983887 4.59999990
v 11.06459904 40.22209549 4.59999990
v 11.13470078 40.23918533 4.59999990
v 11.20358372 40.26103210 4.59999990
v 12.11294460 35.17499924 4.59999990
v 12.11294460 37.42499924 4.59999990
v 12.11294460 37.77500153 4.59999990
v 11.27095222 40.28754044 4.59999990
v 11.33651733 40.31859589 4.59999990
v 11.39999962 40.35407257 4.59999990
v 11.43219185 40.37500000 4.59999990
v 12.11294460 40.02500153 4.59999990
v 12.11294460 40.37500000 4.59999990
v 10.30000019 40.69090271 5.00000000
v 10.33251190 40.67218781 5.00000000
v 10.37125587 40.65328598 5.00000000
v 10.41106415 40.63714981 5.00000000
v 10.45176792 40.62385178 5.00000000
v 10.49319172 40.61344910 5.00000000
v 10.53515816 40.60598755 5.00000000
v 10.57748795 40.60149765 5.00000000
v 10.61999989 40.59999847 5.00000000
v 10.30000019 41.90909576 5.00000000
v 10.30000019 42.34592819 5.00000000
v 10.33251190 41.92781067 5.00000000
v 10.37125587 41.94671631 5.00000000
v 10.41106415 41.96285248 5.00000000
v 10.45176792 41.97614670 5.00000000
v 10.36348248 42.38140488 5.00000000
v 10.42904854 42.41246033 5.00000000
v 10.49319172 41.98654938 5.00000000
v 10.53515816 41.99401093 5.00000000
v 10.57748795 41.99850082 5.00000000
v 10.61999989 42.00000000 5.00000000
v 10.49641705 42.43896866 5.00000000
v 10.56529903 42.46081543 5.00000000
v 10.66251183 40.60149765 5.00000000
v 10.70484161 40.60598755 5.00000000
v 10.74680901 40.61344910 5.00000000
v 10.78823280 40.62385178 5.00000000
v 10.82893562 40.63714981 5.00000000
v 10.86874390 40.65328598 5.00000000
v 10.90748787 40.67218781 5.00000000
v 10.94499969 40.69378281 5.00000000
v 10.98112106 40.71797180 5.00000000
v 11.01569462 40.74465179 5.00000000
v 11.04857445 40.77371216 5.00000000
v 11.07961941 40.80502701 5.00000000
v 11.10869598 40.83845901 5.00000000
v 11.13567924 40.87386703 5.00000000
v 11.16045570 40.91110229 5.00000000
v 11.18291664 40.95000076 5.00000000
v 11.20296764 40.99039841 5.00000000
v 11.22052193 41.03211975 5.00000000
v 11.23550415 41.07499313 5.00000000
v 11.24785137 41.11882782 5.00000000
v 11.24785137 41.48117447 5.00000000
v 11.23550415 41.52500916 5.00000000
v 10.66251183 41.99850082 5.00000000
v 10.70484161 41.99401093 5.00000000
v 10.74680901 41.98654938 5.00000000
v 10.63540077 42.47790146 5.00000000
v 10.70642090 42.49016190 5.00000000
v 10.77805614 42.49753952 5.00000000
v 10.78823280 41.97614670 5.00000000
v 10.82893562 41.96285248 5.00000000
v 10.86874390 41.94671631 5.00000000
v 10.90748787 41.92781067 5.00000000
v 10.85000038 42.50000000 5.00000000
v 10.92194366 42.49753952 5.00000000
v 10.94499969 41.90621948 5.00000000
v 10.98112106 41.88203049 5.00000000
v 11.04857445 41.82628632 5.00000000
v 11.07961941 41.79497528 5.00000000
v 11.01569462 41.85534668 5.00000000
v 10.99357891 42.49016190 5.00000000
v 11.06459904 42.47790146 5.00000000
v 11.10869598 41.76154327 5.00000000
v 11.16045570 41.68889999 5.00000000
v 11.13567924 41.72613144 5.00000000
v 11.18291664 41.65000153 5.00000000
v 11.20296764 41.60960388 5.00000000
v 11.22052193 41.56787872 5.00000000
v 11.13470078 42.46081543 5.00000000
v 11.20358372 42.43896866 5.00000000
v 10.30000019 40.20000076 5.50000000
v 10.30000019 40.35407257 5.50000000
v 10.30000019 40.69090271 5.50000000
v 10.36348248 40.31859589 5.50000000
v 10.42904854 40.28754044 5.50000000
v 10.49641705 40.26103210 5.50000000
v 10.56529903 40.23918533 5.50000000
v 10.33251190 40.67218781 5.50000000
v 10.37125587 40.65328598 5.50000000
v 10.41106415 40.63714981 5.50000000
v 10.45176792 40.62385178 5.50000000
v 10.49319172 40.61344910 5.50000000
v 10.53515816 40.60598755 5.50000000
v 10.57748795 40.60149765 5.50000000
v 10.61999989 40.59999847 5.50000000
v 10.30000019 41.90909576 5.50000000
v 10.30000019 42.34592819 5.50000000
v 10.33251190 41.92781067 5.50000000
v 10.37125587 41.94671631 5.50000000
v 10.41106415 41.96285248 5.50000000
v 10.45176792 41.97614670 5.50000000
v 10.36348248 42.38140488 5.50000000
v 10.42904854 42.41246033 5.50000000
v 10.49319172 41.98654938 5.50000000
v 10.53515816 41.99401093 5.50000000
v 10.57748795 41.99850082 5.50000000
v 10.61999989 42.00000000 5.50000000
v 10.49641705 42.43896866 5.50000000
v 10.56529903 42.46081543 5.50000000
v 10.63540077 40.22209549 5.50000000
v 10.70642090 40.20983887 5.50000000
v 10.77805614 40.20246124 5.50000000
v 10.85000038 40.20000076 5.50000000
v 10.92194366 40.20246124 5.50000000
v 10.66251183 40.60149765 5.50000000
v 10.70484161 40.60598755 5.50000000
v 10.74680901 40.61344910 5.50000000
v 10.78823280 40.62385178 5.50000000
v 10.82893562 40.63714981 5.50000000
v 10.86874390 40.65328598 5.50000000
v 10.90748787 40.67218781 5.50000000
v 10.99357891 40.20983887 5.50000000
v 11.06459904 40.22209549 5.50000000
v 11.13470078 40.23918533 5.50000000
v 11.20358372 40.26103210 5.50000000
v 10.94499969 40.69378281 5.50000000
v 10.98112106 40.71797180 5.50000000
v 11.01569462 40.74465179 5.50000000
v 11.04857445 40.77371216 5.50000000
v 11.07961941 40.80502701 5.50000000
v 11.10869598 40.83845901 5.50000000
v 11.13567924 40.87386703 5.50000000
v 11.16045570 40.91110229 5.50000000
v 11.18291664 40.95000076 5.50000000
v 11.20296764 40.99039841 5.50000000
v 11.22052193 41.03211975 5.50000000
v 11.23550415 41.07499313 5.50000000
v 11.24785137 41.11882782 5.50000000
v 11.24785137 41.48117447 5.50000000
v 11.23550415 41.52500916 5.50000000
v 10.66251183 41.99850082 5.50000000
v 10.70484161 41.99401093 5.50000000
v 10.74680901 41.98654938 5.50000000
v 10.63540077 42.47790146 5.50000000
v 10.70642090 42.49016190 5.50000000
v 10.77805614 42.49753952 5.50000000
v 10.78823280 41.97614670 5.50000000
v 10.82893562 41.96285248 5.50000000
v 10.86874390 41.94671631 5.50000000
v 10.90748787 41.92781067 5.50000000
v 10.85000038 42.50000000 5.50000000
v 10.92194366 42.49753952 5.50000000
v 10.94499969 41.90621948 5.50000000
v 10.98112106 41.88203049 5.50000000
v 11.04857445 41.82628632 5.50000000
v 11.07961941 41.79497528 5.50000000
v 11.01569462 41.85534668 5.50000000
v 10.99357891 42.49016190 5.50000000
v 11.06459904 42.47790146 5.50000000
v 11.10869598 41.76154327 5.50000000
v 11.16045570 41.68889999 5.50000000
v 11.13567924 41.72613144 5.50000000
v 11.18291664 41.65000153 5.50000000
v 11.20296764 41.60960388 5.50000000
v 11.22052193 41.56787872 5.50000000
v 11.13470078 42.46081543 5.50000000
v 11.20358372 42.43896866 5.50000000
v 12.11294460 35.17499924 5.00000000
v 12.11294460 37.42499924 5.00000000
v 12.11294460 37.77500153 5.00000000
v 11.43219185 40.37500000 5.00000000
v 11.46112728 40.39381027 5.00000000
v 11.51963711 40.43764496 5.00000000
v 11.25751019 41.16343689 5.00000000
v 11.26443958 41.20863342 5.00000000
v 11.26860809 41.25421906 5.00000000
v 11.26860809 41.34578323 5.00000000
v 11.26443958 41.39136887 5.00000000
v 11.27000046 41.29999924 5.00000000
v 11.25751019 41.43656158 5.00000000
v 11.57528019 40.48538589 5.00000000
v 11.62781715 40.53682709 5.00000000
v 11.67702389 40.59175110 5.00000000
v 11.72268867 40.64992523 5.00000000
v 11.76461697 40.71109390 5.00000000
v 11.80262756 40.77500153 5.00000000
v 11.83656025 40.84136963 5.00000000
v 11.86626720 40.90991592 5.00000000
v 11.27095222 42.41246033 5.00000000
v 11.33651733 42.38140488 5.00000000
v 11.39999962 42.34592819 5.00000000
v 11.46112728 42.30619049 5.00000000
v 11.51963711 42.26235580 5.00000000
v 11.67702389 42.10824585 5.00000000
v 11.57528019 42.21461487 5.00000000
v 11.62781715 42.16317368 5.00000000
v 11.72268867 42.05007553 5.00000000
v 11.76461697 41.98890686 5.00000000
v 11.86626720 41.79008484 5.00000000
v 11.80262756 41.92499924 5.00000000
v 11.83656025 41.85863113 5.00000000
v 12.11294460 40.02500153 5.00000000
v 12.11294460 40.37500000 5.00000000
v 11.89162350 40.98034286 5.00000000
v 11.91251850 41.05235672 5.00000000
v 11.92886353 41.12564468 5.00000000
v 11.94058895 41.19989395 5.00000000
v 11.94764519 41.27478790 5.00000000
v 11.94999981 41.34999847 5.00000000
v 11.94764519 41.42521286 5.00000000
v 11.94058895 41.50010681 5.00000000
v 12.11294460 40.70000076 5.00000000
v 11.91251850 41.64764023 5.00000000
v 11.89162350 41.71965408 5.00000000
v 11.92886353 41.57435226 5.00000000
v 11.27095222 40.28754044 5.50000000
v 11.33651733 40.31859589 5.50000000
v 11.39999962 40.35407257 5.50000000
v 11.46112728 40.39381027 5.50000000
v 11.51963711 40.43764496 5.50000000
v 11.25751019 41.16343689 5.50000000
v 11.26443958 41.20863342 5.50000000
v 11.26860809 41.25421906 5.50000000
v 11.26860809 41.34578323 5.50000000
v 11.26443958 41.39136887 5.50000000
v 11.27000046 41.29999924 5.50000000
v 11.25751019 41.43656158 5.50000000
v 11.57528019 40.48538589 5.50000000
v 11.62781715 40.53682709 5.50000000
v 11.67702389 40.59175110 5.50000000
v 11.72268867 40.64992523 5.50000000
v 11.76461697 40.71109390 5.50000000
v 11.80262756 40.77500153 5.50000000
v 11.83656025 40.84136963 5.50000000
v 11.86626720 40.90991592 5.50000000
v 11.27095222 42.41246033 5.50000000
v 11.33651733 42.38140488 5.50000000
v 11.39999962 42.34592819 5.50000000
v 11.46112728 42.30619049 5.50000000
v 11.51963711 42.26235580 5.50000000
v 11.67702389 42.10824585 5.50000000
v 11.57528019 42.21461487 5.50000000
v 11.62781715 42.16317368 5.50000000
v 11.72268867 42.05007553 5.50000000
v 11.76461697 41.98890686 5.50000000
v 11.86626720 41.79008484 5.50000000
v 11.80262756 41.92499924 5.50000000
v 11.83656025 41.85863113 5.50000000
v 11.89162350 40.98034286 5.50000000
v 11.91251850 41.05235672 5.50000000
v 11.92886353 41.12564468 5.50000000
v 11.94058895 41.19989395 5.50000000
v 11.94764519 41.27478790 5.50000000
v 11.94999981 41.34999847 5.50000000
v 11.94764519 41.42521286 5.50000000
v 11.94058895 41.50010681 5.50000000
v 12.11294460 40.70000076 5.50000000
v 11.91251850 41.64764023 5.50000000
v 11.89162350 41.71965408 5.50000000
v 11.92886353 41.57435226 5.50000000
v 10.30000019 45.40000153 5.00000000
v 10.30000019 45.40000153 5.50000000
v 12.61294460 35.17499924 4.59999990
v 12.61294460 37.42499924 4.59999990
v 12.61294460 37.77500153 4.59999990
v 13.38705540 35.17499924 4.59999990
v 13.38705540 37.42499924 4.59999990
v 13.38705540 37.77500153 4.59999990
v 12.61294460 40.02500153 4.59999990
v 12.61294460 40.37500000 4.59999990
v 13.38705540 40.02500153 4.59999990
v 13.38705540 40.37500000 4.59999990
v 13.88705540 35.17499924 4.59999990
v 13.88705540 37.42499924 4.59999990
v 13.88705540 37.77500153 4.59999990
v 13.88705540 40.02500153 4.59999990
v 13.88705540 40.37500000 4.59999990
v 14.03184223 40.37500000 4.59999990
v 14.08530140 40.35525513 4.59999990
v 14.17414761 40.32878494 4.59999990
v 14.26653099 40.30733490 4.59999990
v 14.36205482 40.29098892 4.59999990
v 14.46030998 40.27981949 4.59999990
v 14.56087685 40.27387619 4.59999990
v 14.66332436 40.27318192 4.59999990
v 14.76721287 40.27774048 4.59999990
v 14.87209797 40.28753662 4.59999990
v 14.97753143 40.30252075 4.59999990
v 12.61294460 35.17499924 5.00000000
v 12.61294460 37.42499924 5.00000000
v 12.61294460 37.77500153 5.00000000
v 13.38705540 35.17499924 5.00000000
v 13.38705540 37.42499924 5.00000000
v 13.38705540 37.77500153 5.00000000
v 12.61294460 40.02500153 5.00000000
v 12.61294460 40.37500000 5.00000000
v 12.61294460 40.70000076 5.00000000
v 13.38705540 40.02500153 5.00000000
v 13.38705540 40.37500000 5.00000000
v 13.38705540 41.50000000 5.00000000
v 13.43193436 41.50000000 5.00000000
v 13.44798183 41.55073929 5.00000000
v 13.48002529 41.63082123 5.00000000
v 13.51857662 41.71034622 5.00000000
v 13.56347179 41.78896713 5.00000000
v 13.61451912 41.86635590 5.00000000
v 13.67149925 41.94216919 5.00000000
v 13.73416710 42.01609421 5.00000000
v 12.61294460 40.70000076 5.50000000
v 13.38705540 41.50000000 5.50000000
v 13.43193436 41.50000000 5.50000000
v 13.44798183 41.55073929 5.50000000
v 13.48002529 41.63082123 5.50000000
v 13.51857662 41.71034622 5.50000000
v 13.56347179 41.78896713 5.50000000
v 13.61451912 41.86635590 5.50000000
v 13.67149925 41.94216919 5.50000000
v 13.73416710 42.01609421 5.50000000
v 13.88705540 35.17499924 5.00000000
v 13.88705540 37.42499924 5.00000000
v 13.88705540 37.77500153 5.00000000
v 13.88705540 40.02500153 5.00000000
v 13.88705540 40.37500000 5.00000000
v 13.88705540 40.44027328 5.00000000
v 13.91972256 40.42276382 5.00000000
v 14.00037193 40.38662338 5.00000000
v 14.03184223 40.37500000 5.00000000
v 13.80225658 42.08780670 5.00000000
v 13.87547493 42.15700150 5.00000000
v 13.95350742 42.22338486 5.00000000
v 14.03602219 42.28667068 5.00000000
v 14.12266541 42.34658813 5.00000000
v 14.21306419 42.40287781 5.00000000
v 14.30683327 42.45530319 5.00000000
v 14.40357113 42.50363922 5.00000000
v 14.50286198 42.54767609 5.00000000
v 14.60428238 42.58722305 5.00000000
v 14.70739746 42.62211990 5.00000000
v 14.81176567 42.65220642 5.00000000
v 14.91693878 42.67736435 5.00000000
v 13.88705540 40.44027328 5.50000000
v 13.91972256 40.42276382 5.50000000
v 14.00037193 40.38662338 5.50000000
v 14.08530140 40.35525513 5.50000000
v 14.17414761 40.32878494 5.50000000
v 14.26653099 40.30733490 5.50000000
v 14.36205482 40.29098892 5.50000000
v 13.80225658 42.08780670 5.50000000
v 13.87547493 42.15700150 5.50000000
v 13.95350742 42.22338486 5.50000000
v 14.03602219 42.28667068 5.50000000
v 14.12266541 42.34658813 5.50000000
v 14.21306419 42.40287781 5.50000000
v 14.30683327 42.45530319 5.50000000
v 14.46030998 40.27981949 5.50000000
v 14.56087685 40.27387619 5.50000000
v 14.66332436 40.27318192 5.50000000
v 14.76721287 40.27774048 5.50000000
v 14.87209797 40.28753662 5.50000000
v 14.97753143 40.30252075 5.50000000
v 14.40357113 42.50363922 5.50000000
v 14.50286198 42.54767609 5.50000000
v 14.60428238 42.58722305 5.50000000
v 14.70739746 42.62211990 5.50000000
v 14.81176567 42.65220642 5.50000000
v 14.91693878 42.67736435 5.50000000
v 10.02914619 57.16636276 4.59999990
v 10.19061947 57.30199814 4.59999990
v 10.34603596 57.44886780 4.59999990
v 10.49492359 57.60652161 4.59999990
v 10.03805733 59.24976730 4.59999990
v 10.10154724 59.40000153 4.59999990
v 10.10154724 59.45000076 4.59999990
v 10.10154724 60.75000000 4.59999990
v 10.63683033 57.77447891 4.59999990
v 10.77132511 57.95223236 4.59999990
v 10.89799976 58.13924408 4.59999990
v 11.01646900 58.33494186 4.59999990
v 11.06503773 58.42499924 4.59999990
v 11.87738037 58.42499924 4.59999990
v 11.87738037 59.45000076 4.59999990
v 11.87738037 60.75000000 4.59999990
v 10.02914619 57.16636276 5.00000000
v 10.19061947 57.30199814 5.00000000
v 10.34603596 57.44886780 5.00000000
v 10.49492359 57.60652161 5.00000000
v 10.03805733 59.24976730 5.00000000
v 10.10154724 59.40000153 5.00000000
v 10.10154724 59.45000076 5.00000000
v 10.63683033 57.77447891 5.00000000
v 10.77132511 57.95223236 5.00000000
v 10.89799976 58.13924408 5.00000000
v 11.01646900 58.33494186 5.00000000
v 11.06503773 58.42499924 5.00000000
v 11.87738037 58.42499924 5.00000000
v 11.87738037 60.75000000 5.00000000
v 10.03805733 62.75023270 4.59999990
v 10.10154724 62.59999847 4.59999990
v 10.02914619 64.83364105 4.59999990
v 10.19061947 64.69799805 4.59999990
v 10.49492359 64.39347839 4.59999990
v 10.34603596 64.55113220 4.59999990
v 11.22737980 63.25000000 4.59999990
v 10.63683033 64.22552490 4.59999990
v 10.77132511 64.04776764 4.59999990
v 10.89799976 63.86075592 4.59999990
v 11.01646900 63.66505814 4.59999990
v 11.12637329 63.46126556 4.59999990
v 10.03805733 62.75023270 5.00000000
v 10.10154724 62.59999847 5.00000000
v 10.02914619 64.83364105 5.00000000
v 10.19061947 64.69799805 5.00000000
v 10.49492359 64.39347839 5.00000000
v 10.34603596 64.55113220 5.00000000
v 11.22737980 63.25000000 5.00000000
v 10.63683033 64.22552490 5.00000000
v 10.77132511 64.04776764 5.00000000
v 10.89799976 63.86075592 5.00000000
v 11.01646900 63.66505814 5.00000000
v 11.12637329 63.46126556 5.00000000
v 12.67737961 57.75000000 4.59999990
v 12.67737961 58.59047318 4.59999990
v 12.67737961 59.78452682 4.59999990
v 13.38050461 57.75000000 4.59999990
v 13.38050461 57.86922073 4.59999990
v 13.40118980 57.85942459 4.59999990
v 13.38276482 58.44652557 4.59999990
v 13.38050461 58.44764328 4.59999990
v 13.42391300 58.42959976 4.59999990
v 13.48540115 57.82628632 4.59999990
v 13.57150364 57.79898071 4.59999990
v 13.65913105 57.77762222 4.59999990
v 13.74790668 57.76229858 4.59999990
v 13.46598625 58.41564941 4.59999990
v 13.50880337 58.40473557 4.59999990
v 13.55218315 58.39690781 4.59999990
v 13.59593773 58.39219666 4.59999990
v 13.63988018 58.39062500 4.59999990
v 13.68382263 58.39219666 4.59999990
v 13.72757721 58.39690781 4.59999990
v 13.38276482 59.80347443 4.59999990
v 13.38050461 59.80235672 4.59999990
v 13.42391300 59.82040024 4.59999990
v 13.38050461 60.50577927 4.59999990
v 13.40118980 60.51557541 4.59999990
v 13.46598625 59.83435059 4.59999990
v 13.50880337 59.84526443 4.59999990
v 13.55218315 59.85309219 4.59999990
v 13.59593773 59.85780334 4.59999990
v 13.63988018 59.85937500 4.59999990
v 13.68382263 59.85780334 4.59999990
v 13.72757721 59.85309219 4.59999990
v 13.48540115 60.54871368 4.59999990
v 13.57150364 60.57601929 4.59999990
v 13.65913105 60.59737778 4.59999990
v 13.74790668 60.61270142 4.59999990
v 13.83745098 57.75307846 4.59999990
v 13.92737961 57.75000000 4.59999990
v 14.01730919 57.75307846 4.59999990
v 13.77095604 58.40473557 4.59999990
v 13.81377411 58.41564941 4.59999990
v 13.85584736 58.42959976 4.59999990
v 13.89699554 58.44652557 4.59999990
v 13.93704224 58.46635818 4.59999990
v 13.97581768 58.48901367 4.59999990
v 14.01315403 58.51438904 4.59999990
v 14.04889202 58.54238129 4.59999990
v 14.10685349 57.76229858 4.59999990
v 14.19562912 57.77762222 4.59999990
v 14.28325653 57.79898071 4.59999990
v 14.36935902 57.82628632 4.59999990
v 14.08287811 58.57286835 4.59999990
v 14.11496735 58.60571671 4.59999990
v 14.14502239 58.64079285 4.59999990
v 14.17291451 58.67794037 4.59999990
v 14.19852352 58.71700287 4.59999990
v 14.22174072 58.75781250 4.59999990
v 14.24246597 58.80019379 4.59999990
v 14.26061153 58.84396744 4.59999990
v 14.27609825 58.88894272 4.59999990
v 14.28886127 58.93492889 4.59999990
v 14.29884529 58.98173141 4.59999990
v 14.30600739 59.02914429 4.59999990
v 13.77095604 59.84526443 4.59999990
v 13.81377411 59.83435059 4.59999990
v 13.85584736 59.82040024 4.59999990
v 13.89699554 59.80347443 4.59999990
v 13.93704224 59.78364182 4.59999990
v 13.97581768 59.76098633 4.59999990
v 14.01315403 59.73561096 4.59999990
v 14.04889202 59.70761871 4.59999990
v 13.83745098 60.62192154 4.59999990
v 13.92737961 60.62500000 4.59999990
v 14.01730919 60.62192154 4.59999990
v 14.14502239 59.60920715 4.59999990
v 14.17291451 59.57205963 4.59999990
v 14.19852352 59.53299713 4.59999990
v 14.08287811 59.67713165 4.59999990
v 14.11496735 59.64428329 4.59999990
v 14.28886127 59.31507111 4.59999990
v 14.24246597 59.44980621 4.59999990
v 14.22174072 59.49218750 4.59999990
v 14.27609825 59.36105728 4.59999990
v 14.26061153 59.40603256 4.59999990
v 14.31031609 59.07696915 4.59999990
v 14.31175518 59.12500000 4.59999990
v 14.31031609 59.17303085 4.59999990
v 14.30600739 59.22085571 4.59999990
v 14.29884529 59.26826859 4.59999990
v 14.10685349 60.61270142 4.59999990
v 14.19562912 60.59737778 4.59999990
v 14.28325653 60.57601929 4.59999990
v 14.36935902 60.54871368 4.59999990
v 14.45356941 57.85942459 4.59999990
v 14.53552723 57.89824677 4.59999990
v 14.61487961 57.94258881 4.59999990
v 14.69128895 57.99226379 4.59999990
v 14.76442719 58.04705429 4.59999990
v 14.83398056 58.10673141 4.59999990
v 14.89965153 58.17103577 4.59999990
v 14.96115971 58.23968887 4.59999990
v 14.45356941 60.51557541 4.59999990
v 14.53552723 60.47675323 4.59999990
v 14.61487961 60.43241119 4.59999990
v 14.96115971 60.13531113 4.59999990
v 14.69128895 60.38273621 4.59999990
v 14.76442719 60.32794571 4.59999990
v 14.83398056 60.26826859 4.59999990
v 14.89965153 60.20396423 4.59999990
v 12.67737961 57.75000000 5.00000000
v 12.67737961 61.06037521 5.00000000
v 13.38050461 57.75000000 5.00000000
v 13.38050461 57.86922073 5.00000000
v 13.40118980 57.85942459 5.00000000
v 13.38276482 58.44652557 5.00000000
v 13.38050461 58.44764328 5.00000000
v 13.42391300 58.42959976 5.00000000
v 13.48540115 57.82628632 5.00000000
v 13.57150364 57.79898071 5.00000000
v 13.65913105 57.77762222 5.00000000
v 13.74790668 57.76229858 5.00000000
v 13.46598625 58.41564941 5.00000000
v 13.50880337 58.40473557 5.00000000
v 13.55218315 58.39690781 5.00000000
v 13.59593773 58.39219666 5.00000000
v 13.63988018 58.39062500 5.00000000
v 13.68382263 58.39219666 5.00000000
v 13.72757721 58.39690781 5.00000000
v 13.38050461 59.80235672 5.00000000
v 13.38276482 59.80347443 5.00000000
v 13.42391300 59.82040024 5.00000000
v 13.38050461 60.50577927 5.00000000
v 13.40118980 60.51557541 5.00000000
v 13.46598625 59.83435059 5.00000000
v 13.50880337 59.84526443 5.00000000
v 13.55218315 59.85309219 5.00000000
v 13.59593773 59.85780334 5.00000000
v 13.63988018 59.85937500 5.00000000
v 13.68382263 59.85780334 5.00000000
v 13.72757721 59.85309219 5.00000000
v 13.48540115 60.54871368 5.00000000
v 13.57150364 60.57601929 5.00000000
v 13.65913105 60.59737778 5.00000000
v 13.74790668 60.61270142 5.00000000
v 13.83745098 57.75307846 5.00000000
v 13.92737961 57.75000000 5.00000000
v 14.01730919 57.75307846 5.00000000
v 13.77095604 58.40473557 5.00000000
v 13.81377411 58.41564941 5.00000000
v 13.85584736 58.42959976 5.00000000
v 13.89699554 58.44652557 5.00000000
v 13.93704224 58.46635818 5.00000000
v 13.97581768 58.48901367 5.00000000
v 14.01315403 58.51438904 5.00000000
v 14.04889202 58.54238129 5.00000000
v 14.10685349 57.76229858 5.00000000
v 14.19562912 57.77762222 5.00000000
v 14.28325653 57.79898071 5.00000000
v 14.36935902 57.82628632 5.00000000
v 14.08287811 58.57286835 5.00000000
v 14.11496735 58.60571671 5.00000000
v 14.14502239 58.64079285 5.00000000
v 14.17291451 58.67794037 5.00000000
v 14.19852352 58.71700287 5.00000000
v 14.22174072 58.75781250 5.00000000
v 14.24246597 58.80019379 5.00000000
v 14.26061153 58.84396744 5.00000000
v 14.27609825 58.88894272 5.00000000
v 14.28886127 58.93492889 5.00000000
v 14.29884529 58.98173141 5.00000000
v 14.30600739 59.02914429 5.00000000
v 13.77095604 59.84526443 5.00000000
v 13.81377411 59.83435059 5.00000000
v 13.85584736 59.82040024 5.00000000
v 13.89699554 59.80347443 5.00000000
v 13.93704224 59.78364182 5.00000000
v 13.97581768 59.76098633 5.00000000
v 14.01315403 59.73561096 5.00000000
v 14.04889202 59.70761871 5.00000000
v 13.83745098 60.62192154 5.00000000
v 13.92737961 60.62500000 5.00000000
v 14.01730919 60.62192154 5.00000000
v 14.14502239 59.60920715 5.00000000
v 14.17291451 59.57205963 5.00000000
v 14.19852352 59.53299713 5.00000000
v 14.08287811 59.67713165 5.00000000
v 14.11496735 59.64428329 5.00000000
v 14.28886127 59.31507111 5.00000000
v 14.24246597 59.44980621 5.00000000
v 14.22174072 59.49218750 5.00000000
v 14.27609825 59.36105728 5.00000000
v 14.26061153 59.40603256 5.00000000
v 14.31031609 59.07696915 5.00000000
v 14.31175518 59.12500000 5.00000000
v 14.31031609 59.17303085 5.00000000
v 14.30600739 59.22085571 5.00000000
v 14.29884529 59.26826859 5.00000000
v 14.10685349 60.61270142 5.00000000
v 14.19562912 60.59737778 5.00000000
v 14.28325653 60.57601929 5.00000000
v 14.36935902 60.54871368 5.00000000
v 14.45356941 57.85942459 5.00000000
v 14.53552723 57.89824677 5.00000000
v 14.61487961 57.94258881 5.00000000
v 14.69128895 57.99226379 5.00000000
v 14.76442719 58.04705429 5.00000000
v 14.83398056 58.10673141 5.00000000
v 14.89965153 58.17103577 5.00000000
v 14.96115971 58.23968887 5.00000000
v 14.45356941 60.51557541 5.00000000
v 14.53552723 60.47675323 5.00000000
v 14.61487961 60.43241119 5.00000000
v 14.96115971 60.13531113 5.00000000
v 14.69128895 60.38273621 5.00000000
v 14.76442719 60.32794571 5.00000000
v 14.83398056 60.26826859 5.00000000
v 14.89965153 60.20396423 5.00000000
v 12.67737961 64.25000000 4.59999990
v 13.38050461 64.25000000 4.59999990
v 12.67737961 64.25000000 5.00000000
v 13.38050461 64.25000000 5.00000000
v 15.08306122 40.32263565 4.59999990
v 15.18823433 40.34779358 4.59999990
v 15.28261185 40.37500000 4.59999990
v 15.28261185 40.37500000 5.00000000
v 15.29260254 40.37788010 5.00000000
v 15.39571762 40.41277695 5.00000000
v 15.49713802 40.45232391 5.00000000
v 15.59642887 40.49636078 5.00000000
v 15.02246857 42.69747925 5.00000000
v 15.12790203 42.71246338 5.00000000
v 15.23278713 42.72225952 5.00000000
v 15.33667564 42.72681808 5.00000000
v 15.43912315 42.72612381 5.00000000
v 15.53969002 42.72018051 5.00000000
v 15.69316673 40.54469681 5.00000000
v 15.78693581 40.59712219 5.00000000
v 15.87733459 40.65341187 5.00000000
v 15.96397781 40.71332932 5.00000000
v 16.04649162 40.77661514 5.00000000
v 16.12452507 40.84299850 5.00000000
v 16.19774437 40.91219330 5.00000000
v 15.91469860 42.64474487 5.00000000
v 15.63794518 42.70901108 5.00000000
v 15.73346901 42.69266510 5.00000000
v 15.82585239 42.67121506 5.00000000
v 15.99962807 42.61337662 5.00000000
v 16.08027840 42.57723618 5.00000000
v 16.15630150 42.53648758 5.00000000
v 16.22737312 42.49129486 5.00000000
v 15.08306122 40.32263565 5.50000000
v 15.18823433 40.34779358 5.50000000
v 15.29260254 40.37788010 5.50000000
v 15.39571762 40.41277695 5.50000000
v 15.49713802 40.45232391 5.50000000
v 15.59642887 40.49636078 5.50000000
v 15.02246857 42.69747925 5.50000000
v 15.12790203 42.71246338 5.50000000
v 15.23278713 42.72225952 5.50000000
v 15.33667564 42.72681808 5.50000000
v 15.43912315 42.72612381 5.50000000
v 15.53969002 42.72018051 5.50000000
v 15.69316673 40.54469681 5.50000000
v 15.78693581 40.59712219 5.50000000
v 15.87733459 40.65341187 5.50000000
v 15.96397781 40.71332932 5.50000000
v 16.04649162 40.77661514 5.50000000
v 16.12452507 40.84299850 5.50000000
v 16.19774437 40.91219330 5.50000000
v 15.91469860 42.64474487 5.50000000
v 15.63794518 42.70901108 5.50000000
v 15.73346901 42.69266510 5.50000000
v 15.82585239 42.67121506 5.50000000
v 15.99962807 42.61337662 5.50000000
v 16.08027840 42.57723618 5.50000000
v 16.15630150 42.53648758 5.50000000
v 16.22737312 42.49129486 5.50000000
v 16.26583290 40.98390579 5.00000000
v 16.32850075 41.05783081 5.00000000
v 16.38548088 41.13364410 5.00000000
v 16.43652725 41.21103287 5.00000000
v 16.48142242 41.28965378 5.00000000
v 16.51997566 41.36917877 5.00000000
v 16.55201721 41.44926071 5.00000000
v 16.57741547 41.52956390 5.00000000
v 16.29318810 42.44186401 5.00000000
v 16.35346603 42.38839340 5.00000000
v 16.40794945 42.33112335 5.00000000
v 16.45640373 42.27029419 5.00000000
v 16.49861908 42.20616531 5.00000000
v 16.53442001 42.13901138 5.00000000
v 16.59605789 41.60973740 5.00000000
v 16.60786438 41.68944168 5.00000000
v 16.61278725 41.76833344 5.00000000
v 16.56364822 42.06912231 5.00000000
v 16.58618164 41.99679565 5.00000000
v 16.61080360 41.84608078 5.00000000
v 16.60192299 41.92234039 5.00000000
v 16.26583290 40.98390579 5.50000000
v 16.32850075 41.05783081 5.50000000
v 16.38548088 41.13364410 5.50000000
v 16.43652725 41.21103287 5.50000000
v 16.48142242 41.28965378 5.50000000
v 16.51997566 41.36917877 5.50000000
v 16.55201721 41.44926071 5.50000000
v 16.57741547 41.52956390 5.50000000
v 16.29318810 42.44186401 5.50000000
v 16.35346603 42.38839340 5.50000000
v 16.40794945 42.33112335 5.50000000
v 16.45640373 42.27029419 5.50000000
v 16.49861908 42.20616531 5.50000000
v 16.53442001 42.13901138 5.50000000
v 16.59605789 41.60973740 5.50000000
v 16.60786438 41.68944168 5.50000000
v 16.61278725 41.76833344 5.50000000
v 16.56364822 42.06912231 5.50000000
v 16.58618164 41.99679565 5.50000000
v 16.61080360 41.84608078 5.50000000
v 16.60192299 41.92234039 5.50000000
v 19.79999924 35.17499924 4.59999990
v 19.79999924 37.42499924 4.59999990
v 19.79999924 37.77500153 4.59999990
v 19.79999924 40.02500153 4.59999990
v 19.79999924 40.37500000 4.59999990
v 19.39999962 35.17499924 5.00000000
v 19.39999962 37.42499924 5.00000000
v 19.39999962 37.77500153 5.00000000
v 19.39999962 40.02500153 5.00000000
v 19.39999962 40.37500000 5.00000000
v 15.01824093 58.31240463 4.59999990
v 15.07065105 58.38886642 4.59999990
v 15.11816502 58.46875000 4.59999990
v 15.16057968 58.55170822 4.59999990
v 15.19771481 58.63739395 4.59999990
v 15.22940922 58.72542953 4.59999990
v 15.25552845 58.81544876 4.59999990
v 15.27595997 58.90705872 4.59999990
v 15.29061699 58.99987030 4.59999990
v 15.01824093 60.06259537 4.59999990
v 15.07065105 59.98613358 4.59999990
v 15.11816502 59.90625000 4.59999990
v 15.29943562 59.09348297 4.59999990
v 15.30237961 59.18750000 4.59999990
v 15.29943562 59.28151703 4.59999990
v 15.25552845 59.55955124 4.59999990
v 15.29061699 59.37512970 4.59999990
v 15.27595997 59.46794128 4.59999990
v 15.16057968 59.82329178 4.59999990
v 15.19771481 59.73760605 4.59999990
v 15.22940922 59.64957047 4.59999990
v 15.01824093 58.31240463 5.00000000
v 15.07065105 58.38886642 5.00000000
v 15.11816502 58.46875000 5.00000000
v 15.16057968 58.55170822 5.00000000
v 15.19771481 58.63739395 5.00000000
v 15.22940922 58.72542953 5.00000000
v 15.25552845 58.81544876 5.00000000
v 15.27595997 58.90705872 5.00000000
v 15.29061699 58.99987030 5.00000000
v 15.01824093 60.06259537 5.00000000
v 15.07065105 59.98613358 5.00000000
v 15.11816502 59.90625000 5.00000000
v 15.29943562 59.09348297 5.00000000
v 15.30237961 59.18750000 5.00000000
v 15.29943562 59.28151703 5.00000000
v 15.25552845 59.55955124 5.00000000
v 15.29061699 59.37512970 5.00000000
v 15.27595997 59.46794128 5.00000000
v 15.16057968 59.82329178 5.00000000
v 15.19771481 59.73760605 5.00000000
v 15.22940922 59.64957047 5.00000000
v 19.39999962 70.00000000 4.40000010
v 20.00000000 69.40000153 4.40000010
v 19.39999962 69.40000153 5.00000000
f 1 3 2
f 2 3 5
f 1 2 807
f 2 4 808
f 1 1181 3
f 1 807 1180
f 2 5 4
f 4 5 6
f 4 6 53
f 6 8 7
f 6 7 63
f 6 58 53
f 6 63 58
f 8 12 9
f 10 11 16
f 8 13 12
f 10 16 17
f 10 17 18
f 10 18 15
f 10 15 68
f 10 68 69
f 10 69 71
f 10 20 19
f 10 21 20
f 10 22 21
f 10 23 22
f 10 24 23
f 10 78 24
f 10 79 78
f 10 80 79
f 26 64 25
f 27 64 26
f 28 64 27
f 107 64 28
f 4 53 820
f 54 59 55
f 56 61 57
f 55 396 56
f 55 60 395
f 57 62 397
f 59 60 55
f 57 61 62
f 58 63 64
f 58 64 292
f 56 413 61
f 59 412 60
f 61 414 62
f 10 71 73
f 10 73 74
f 10 74 76
f 10 76 77
f 10 77 87
f 10 87 88
f 10 88 89
f 10 89 90
f 10 90 93
f 10 93 94
f 10 94 95
f 10 95 96
f 10 81 80
f 10 82 81
f 10 83 82
f 10 84 83
f 10 98 84
f 10 99 98
f 10 100 99
f 10 101 100
f 10 105 104
f 10 102 101
f 10 103 102
f 10 104 103
f 10 96 97
f 10 97 118
f 10 118 119
f 10 119 120
f 10 120 121
f 10 121 122
f 10 123 124
f 10 122 123
f 10 125 131
f 10 124 125
f 10 132 133
f 10 131 132
f 10 135 136
f 10 133 135
f 10 106 105
f 10 140 106
f 10 128 140
f 10 129 128
f 10 137 130
f 10 139 138
f 10 138 137
f 10 130 129
f 10 134 139
f 10 136 134
f 108 64 107
f 109 64 108
f 110 64 109
f 111 64 110
f 112 64 111
f 113 64 112
f 114 64 113
f 64 156 157
f 64 157 147
f 64 114 152
f 64 152 153
f 64 153 154
f 64 154 155
f 64 155 156
f 64 147 148
f 64 148 149
f 64 149 150
f 64 150 151
f 64 151 256
f 64 257 259
f 64 256 257
f 64 268 269
f 64 300 268
f 64 301 300
f 53 664 54
f 53 58 663
f 55 395 396
f 56 396 413
f 57 397 855
f 54 683 59
f 64 269 291
f 292 64 291
f 58 292 682
f 60 412 395
f 59 411 412
f 59 418 411
f 62 414 397
f 61 413 414
f 59 433 418
f 59 434 433
f 59 435 434
f 59 440 435
f 59 441 440
f 59 470 441
f 59 471 470
f 3 1315 5
f 5 1315 6
f 6 1317 8
f 1317 13 8
f 1317 14 13
f 1317 67 14
f 1317 70 67
f 1317 72 70
f 1317 75 72
f 1317 85 75
f 1317 86 85
f 1317 91 86
f 1317 92 91
f 1317 115 92
f 1317 116 115
f 1317 117 116
f 1317 126 117
f 1317 127 126
f 1317 64 259
f 1317 141 127
f 1317 142 141
f 1317 143 142
f 1317 144 143
f 1317 145 144
f 1317 146 145
f 1317 249 146
f 1317 250 249
f 1317 251 250
f 1317 252 251
f 1317 253 252
f 1317 259 258
f 1317 258 260
f 1317 254 253
f 1317 255 254
f 1317 261 255
f 1317 262 261
f 1317 263 262
f 1317 264 263
f 1317 265 264
f 1317 267 266
f 1317 260 267
f 1317 266 265
f 1317 301 64
f 298 268 297
f 303 268 295
f 295 268 298
f 304 268 303
f 296 268 300
f 297 268 299
f 299 268 296
f 305 268 304
f 306 268 305
f 307 268 306
f 308 268 307
f 309 268 308
f 310 268 309
f 268 310 311
f 268 311 317
f 268 317 318
f 268 318 319
f 268 319 320
f 268 320 324
f 268 324 325
f 268 325 326
f 268 326 327
f 268 327 368
f 268 368 369
f 268 369 370
f 268 370 371
f 626 291 269
f 53 663 664
f 54 664 683
f 398 401 399
f 398 430 403
f 398 403 404
f 398 404 407
f 398 406 405
f 398 402 401
f 398 405 402
f 398 409 410
f 398 410 406
f 398 407 408
f 398 408 409
f 492 399 401
f 58 682 663
f 59 683 471
f 626 680 291
f 682 292 681
f 399 492 431
f 418 425 421
f 418 421 419
f 423 420 422
f 426 420 423
f 427 420 426
f 425 418 424
f 424 418 433
f 427 438 420
f 438 427 428
f 436 428 429
f 420 438 439
f 431 447 432
f 431 448 447
f 431 450 448
f 431 451 450
f 430 420 479
f 431 453 451
f 431 454 453
f 431 457 454
f 431 458 457
f 431 459 458
f 431 460 459
f 436 437 428
f 438 428 437
f 420 439 442
f 420 442 443
f 420 443 444
f 420 444 445
f 420 445 472
f 420 472 473
f 420 473 474
f 420 474 475
f 420 475 478
f 420 478 479
f 431 464 460
f 431 465 464
f 431 466 465
f 431 467 466
f 431 507 467
f 431 480 507
f 430 479 483
f 430 483 484
f 430 484 485
f 431 481 480
f 431 482 481
f 431 487 482
f 431 489 487
f 431 488 489
f 431 490 488
f 431 491 490
f 456 446 449
f 456 449 452
f 456 452 455
f 456 455 461
f 456 461 462
f 456 462 463
f 456 463 468
f 456 468 469
f 456 469 508
f 430 505 403
f 430 485 486
f 430 486 498
f 430 498 499
f 430 499 500
f 430 500 501
f 430 501 502
f 430 504 506
f 430 503 504
f 430 502 503
f 430 506 505
f 431 492 491
f 471 683 476
f 476 683 477
f 477 683 493
f 638 660 751
f 667 674 668
f 668 675 670
f 670 676 671
f 672 673 678
f 677 669 671
f 669 678 673
f 667 707 674
f 400 456 1184
f 674 675 668
f 670 675 676
f 671 676 677
f 669 677 678
f 672 678 679
f 672 679 767
f 493 683 494
f 494 683 495
f 495 683 496
f 683 497 496
f 683 692 497
f 683 693 692
f 699 694 693
f 699 695 694
f 699 693 683
f 699 696 695
f 699 697 696
f 697 699 698
f 698 699 700
f 700 699 701
f 701 699 702
f 456 508 1206
f 710 672 767
f 702 699 719
f 702 719 703
f 703 719 704
f 704 719 705
f 705 763 706
f 707 706 765
f 710 767 711
f 767 709 711
f 708 769 718
f 709 769 708
f 719 762 705
f 512 1195 511
f 513 1195 512
f 514 1194 513
f 509 1198 508
f 510 1197 509
f 511 1196 510
f 516 1192 515
f 515 1193 514
f 712 1192 516
f 713 779 712
f 718 770 717
f 717 775 716
f 716 776 715
f 715 777 714
f 714 778 713
f 638 751 684
f 707 764 674
f 687 766 719
f 705 762 763
f 706 763 765
f 707 765 764
f 767 768 709
f 709 768 769
f 718 769 770
f 687 755 766
f 687 756 755
f 687 757 756
f 687 758 757
f 687 771 758
f 687 772 771
f 719 760 762
f 719 761 759
f 719 759 760
f 719 766 761
f 717 770 775
f 716 775 776
f 715 776 777
f 714 777 778
f 713 778 779
f 712 779 1192
f 515 1192 1193
f 514 1193 1194
f 513 1194 1195
f 511 1195 1196
f 510 1196 1197
f 509 1197 1198
f 456 1206 1207
f 687 773 772
f 687 774 773
f 687 1185 774
f 687 1186 1185
f 687 1187 1186
f 687 1188 1187
f 687 1189 1188
f 508 1198 1205
f 508 1205 1206
f 456 1207 1208
f 456 1208 1209
f 456 1209 1210
f 456 1210 1243
f 456 1243 1244
f 456 1244 1245
f 456 1245 1264
f 2 808 807
f 807 808 809
f 808 821 809
f 807 809 1329
f 809 821 1329
f 4 820 808
f 810 815 811
f 812 817 813
f 53 54 820
f 57 855 810
f 811 815 816
f 817 818 813
f 810 857 815
f 815 858 816
f 54 55 820
f 55 56 820
f 56 57 820
f 57 810 820
f 810 811 820
f 811 812 820
f 812 813 820
f 813 814 820
f 814 819 820
f 813 864 814
f 810 855 857
f 811 1348 812
f 811 816 1347
f 813 818 1353
f 814 865 819
f 815 857 858
f 816 858 861
f 812 1516 817
f 817 1548 818
f 819 865 822
f 808 820 821
f 819 822 820
f 820 822 821
f 823 824 828
f 825 826 872
f 824 825 872
f 824 827 825
f 824 872 830
f 824 830 828
f 828 830 829
f 830 841 831
f 824 833 827
f 823 832 824
f 825 827 836
f 825 834 826
f 823 828 837
f 828 829 838
f 829 830 839
f 830 831 840
f 822 865 914
f 827 833 836
f 824 832 833
f 825 836 834
f 826 834 835
f 823 837 832
f 828 838 837
f 829 839 838
f 830 840 839
f 831 848 840
f 830 843 841
f 841 843 842
f 830 847 843
f 843 845 844
f 843 847 845
f 845 847 846
f 831 841 848
f 841 842 849
f 842 843 850
f 843 844 851
f 844 845 852
f 845 846 853
f 846 847 854
f 822 833 832
f 822 836 833
f 822 832 837
f 822 834 836
f 822 835 834
f 822 913 835
f 822 914 913
f 822 837 838
f 822 838 839
f 822 839 840
f 822 840 848
f 822 848 849
f 822 849 850
f 822 850 851
f 822 851 852
f 822 852 853
f 822 853 854
f 822 854 993
f 822 993 994
f 822 994 995
f 822 995 996
f 841 849 848
f 842 850 849
f 843 851 850
f 844 852 851
f 845 853 852
f 846 854 853
f 822 996 997
f 822 997 998
f 822 998 1007
f 822 1007 1008
f 822 1008 1009
f 822 1009 1010
f 822 1010 1018
f 822 1018 1019
f 822 1019 1021
f 822 1021 1025
f 822 1025 1026
f 822 1026 1030
f 814 864 865
f 813 863 864
f 813 1353 863
f 816 861 1515
f 865 917 915
f 865 918 917
f 865 916 918
f 865 919 916
f 865 920 919
f 865 921 920
f 865 922 921
f 865 937 922
f 865 938 937
f 865 933 940
f 865 934 933
f 865 940 938
f 856 400 1346
f 811 1347 1348
f 812 1348 1516
f 856 1514 860
f 860 1515 861
f 816 1515 1347
f 817 1516 1548
f 818 1548 1353
f 865 864 866
f 865 866 870
f 865 935 934
f 865 936 935
f 865 1070 936
f 865 1071 1070
f 865 1072 1071
f 865 1073 1072
f 865 1074 1073
f 865 1075 1074
f 865 1088 1075
f 865 1089 1088
f 865 1090 1089
f 865 1091 1090
f 865 1092 1091
f 865 1102 1092
f 865 1103 1102
f 865 1729 1103
f 865 1730 1729
f 865 1731 1730
f 865 1732 1731
f 865 1736 1732
f 865 1737 1736
f 872 873 874
f 872 874 877
f 875 878 877
f 874 876 877
f 872 877 880
f 872 913 873
f 874 915 876
f 873 914 874
f 876 917 877
f 875 877 918
f 830 872 880
f 830 880 969
f 826 835 872
f 877 878 880
f 878 879 880
f 880 881 896
f 880 885 883
f 880 882 885
f 880 905 904
f 880 904 882
f 875 916 878
f 878 919 879
f 879 920 880
f 880 921 881
f 880 883 884
f 880 884 887
f 880 886 888
f 880 887 886
f 880 888 889
f 880 889 890
f 880 890 969
f 884 925 887
f 882 923 885
f 883 885 926
f 883 924 884
f 888 929 889
f 886 887 928
f 886 927 888
f 889 930 890
f 890 931 891
f 891 932 960
f 892 893 899
f 893 895 899
f 893 894 895
f 892 933 893
f 893 934 894
f 894 935 895
f 895 936 1032
f 880 896 899
f 896 897 899
f 880 898 906
f 880 900 898
f 880 906 905
f 880 901 900
f 880 902 903
f 880 903 901
f 880 899 895
f 880 910 909
f 880 907 902
f 880 908 907
f 880 909 908
f 881 922 896
f 896 937 897
f 898 939 906
f 898 900 941
f 897 938 899
f 892 899 940
f 900 901 942
f 902 943 903
f 901 903 944
f 882 904 945
f 904 905 946
f 905 906 947
f 880 911 910
f 880 912 911
f 880 1038 912
f 880 1039 1038
f 880 1040 1039
f 880 1041 1040
f 880 895 1051
f 880 1042 1041
f 880 1043 1042
f 902 907 948
f 907 908 949
f 908 909 950
f 909 910 951
f 910 911 952
f 911 912 953
f 835 913 872
f 873 913 914
f 874 914 915
f 876 915 917
f 877 917 918
f 875 918 916
f 878 916 919
f 879 919 920
f 880 920 921
f 881 921 922
f 883 926 924
f 884 924 925
f 885 923 926
f 889 929 930
f 886 928 927
f 887 925 928
f 888 927 929
f 890 930 931
f 891 931 932
f 932 999 960
f 865 915 914
f 892 940 933
f 893 933 934
f 894 934 935
f 895 935 936
f 922 937 896
f 897 937 938
f 906 939 947
f 898 941 939
f 899 938 940
f 900 942 941
f 901 944 942
f 903 943 944
f 882 945 923
f 904 946 945
f 905 947 946
f 923 1087 926
f 924 926 1087
f 925 1087 928
f 927 1087 929
f 929 1087 930
f 927 928 1087
f 924 1087 925
f 930 1087 931
f 931 1087 932
f 932 1087 999
f 999 1087 1000
f 902 948 943
f 907 949 948
f 908 950 949
f 909 951 950
f 910 952 951
f 911 953 952
f 941 942 1086
f 942 944 1086
f 943 1086 944
f 943 948 1086
f 948 949 1086
f 949 950 1086
f 945 946 1087
f 923 945 1087
f 946 947 1087
f 939 941 1086
f 939 1087 947
f 847 955 954
f 830 969 847
f 847 957 955
f 847 954 993
f 954 955 994
f 955 956 995
f 955 957 956
f 847 969 957
f 957 959 958
f 956 957 996
f 957 958 997
f 958 959 998
f 890 891 969
f 891 960 969
f 960 961 969
f 961 962 969
f 962 963 969
f 963 964 969
f 964 965 969
f 965 966 969
f 966 967 969
f 967 972 969
f 969 972 973
f 969 973 974
f 960 999 961
f 961 1000 962
f 962 1001 963
f 963 1002 964
f 964 1003 965
f 965 1004 966
f 966 1005 967
f 957 969 959
f 959 969 968
f 969 971 970
f 969 980 971
f 959 968 1007
f 968 969 1008
f 969 970 1009
f 970 971 1010
f 967 1006 972
f 972 1011 973
f 973 1012 974
f 974 1013 975
f 975 1014 976
f 976 1015 977
f 977 1016 978
f 969 974 975
f 969 975 976
f 969 976 977
f 969 977 978
f 969 978 981
f 969 981 983
f 971 980 979
f 969 991 980
f 980 986 982
f 971 979 1018
f 979 980 1019
f 978 1017 981
f 980 982 1021
f 982 986 1025
f 980 991 986
f 986 991 987
f 969 983 1127
f 969 1127 991
f 991 1110 992
f 981 1020 983
f 983 1022 984
f 984 1023 985
f 985 1024 988
f 986 987 1026
f 987 991 1030
f 988 1027 989
f 989 1028 990
f 991 992 1031
f 821 822 2138
f 847 993 854
f 954 994 993
f 955 995 994
f 956 996 995
f 957 997 996
f 958 998 997
f 961 999 1000
f 962 1000 1001
f 963 1001 1002
f 964 1002 1003
f 965 1003 1004
f 966 1004 1005
f 967 1005 1006
f 959 1007 998
f 968 1008 1007
f 969 1009 1008
f 970 1010 1009
f 822 1030 1031
f 822 1031 1146
f 822 1146 1147
f 822 1147 1151
f 822 1151 1154
f 822 1154 1155
f 822 1155 1159
f 822 1164 1168
f 822 1159 1163
f 822 1163 1164
f 1006 1011 972
f 973 1011 1012
f 974 1012 1013
f 975 1013 1014
f 976 1014 1015
f 977 1015 1016
f 978 1016 1017
f 1000 1087 1001
f 1001 1087 1002
f 1002 1087 1003
f 1003 1087 1004
f 1004 1087 1005
f 1005 1087 1006
f 971 1018 1010
f 979 1019 1018
f 981 1017 1020
f 980 1021 1019
f 982 1025 1021
f 1006 1087 1011
f 1011 1087 1012
f 1012 1087 1013
f 1013 1087 1014
f 1014 1087 1015
f 1015 1087 1016
f 1016 1087 1017
f 1017 1087 1020
f 1020 1087 1022
f 1022 1087 1023
f 1023 1087 1024
f 983 1020 1022
f 984 1022 1023
f 985 1023 1024
f 986 1026 1025
f 987 1030 1026
f 988 1024 1027
f 989 1027 1028
f 990 1028 1029
f 991 1031 1030
f 992 1146 1031
f 822 1168 1169
f 895 1032 1033
f 895 1033 1035
f 1033 1034 1035
f 1032 1070 1033
f 1033 1071 1034
f 1034 1072 1035
f 895 1035 1051
f 1035 1036 1037
f 1035 1037 1051
f 1035 1073 1036
f 1036 1074 1037
f 1037 1075 1050
f 880 1044 1043
f 880 1045 1044
f 912 1038 1076
f 1038 1039 1077
f 1039 1040 1078
f 1040 1041 1079
f 1041 1042 1080
f 880 1715 1045
f 880 1051 1715
f 1042 1043 1081
f 1043 1044 1082
f 1044 1045 1083
f 1045 1046 1084
f 1046 1047 1085
f 1048 1049 1087
f 1037 1050 1051
f 1051 1052 1053
f 1051 1053 1064
f 1050 1088 1051
f 1051 1089 1052
f 1052 1090 1053
f 1053 1054 1064
f 1053 1091 1054
f 1054 1092 1064
f 1045 1715 1046
f 1046 1715 1047
f 1047 1715 1055
f 1055 1715 1056
f 1047 1055 1093
f 1055 1056 1094
f 1056 1057 1095
f 1057 1058 1096
f 1058 1059 1097
f 1059 1060 1098
f 1048 1720 1049
f 1048 1086 1719
f 1049 1720 1087
f 1056 1715 1057
f 1057 1715 1058
f 1051 1064 1715
f 1058 1715 1059
f 1059 1715 1060
f 1064 1065 1713
f 1060 1715 1061
f 1061 1715 1062
f 1062 1715 1063
f 1063 1715 1066
f 1066 1715 1067
f 1060 1061 1099
f 1061 1062 1100
f 1062 1063 1101
f 1064 1102 1065
f 1065 1103 1713
f 1063 1066 1104
f 1066 1067 1105
f 1067 1068 1106
f 1068 1069 1107
f 1048 1719 1720
f 936 1070 1032
f 1033 1070 1071
f 1034 1071 1072
f 1035 1072 1073
f 1036 1073 1074
f 1037 1074 1075
f 1075 1088 1050
f 912 1076 953
f 1038 1077 1076
f 1039 1078 1077
f 1040 1079 1078
f 1041 1080 1079
f 1042 1081 1080
f 950 951 1086
f 951 952 1086
f 952 953 1086
f 953 1076 1086
f 1076 1077 1086
f 1077 1078 1086
f 1078 1079 1086
f 1079 1080 1086
f 939 1086 1087
f 1043 1082 1081
f 1044 1083 1082
f 1045 1084 1083
f 1046 1085 1084
f 1047 1093 1085
f 1080 1081 1086
f 1081 1082 1086
f 1082 1083 1086
f 1083 1084 1086
f 1084 1085 1086
f 1085 1093 1086
f 1086 1093 1094
f 1086 1094 1095
f 1048 1087 1086
f 1051 1088 1089
f 1052 1089 1090
f 1053 1090 1091
f 1054 1091 1092
f 1055 1094 1093
f 1056 1095 1094
f 1057 1096 1095
f 1058 1097 1096
f 1059 1098 1097
f 1086 1095 1096
f 1086 1096 1097
f 1086 1097 1098
f 1086 1098 1099
f 1086 1099 1100
f 1086 1100 1101
f 1086 1101 1104
f 1086 1104 1105
f 1086 1105 1106
f 1086 1106 1107
f 1092 1102 1064
f 1060 1099 1098
f 1061 1100 1099
f 1062 1101 1100
f 1063 1104 1101
f 1065 1102 1103
f 1103 1729 1713
f 1066 1105 1104
f 1067 1106 1105
f 1068 1107 1106
f 1086 1735 1719
f 1069 1733 1107
f 1086 1107 1733
f 1086 1733 1734
f 1086 1734 1735
f 983 984 1127
f 984 985 1127
f 985 988 1127
f 988 989 1127
f 991 1115 1110
f 1110 1115 1111
f 989 990 1127
f 990 1108 1127
f 1108 1109 1127
f 1109 1112 1127
f 991 1127 1115
f 990 1029 1108
f 1108 1144 1109
f 1109 1145 1112
f 992 1110 1146
f 1110 1111 1147
f 1112 1148 1113
f 1113 1149 1114
f 1114 1150 1116
f 1111 1115 1151
f 1112 1113 1127
f 1113 1114 1127
f 1115 1119 1118
f 1114 1116 1127
f 1116 1117 1127
f 1115 1127 1119
f 1117 1120 1127
f 1120 1121 1127
f 1119 1127 1123
f 1121 1122 1127
f 1116 1152 1117
f 1117 1153 1120
f 1115 1118 1154
f 1118 1119 1155
f 1120 1156 1121
f 1121 1157 1122
f 1122 1158 1124
f 1119 1123 1159
f 1123 1127 1163
f 1127 1132 1128
f 1127 1141 1132
f 1132 1141 1133
f 1124 1160 1126
f 1125 1161 1129
f 1125 1126 1162
f 1127 1128 1164
f 1129 1165 1130
f 1130 1166 1131
f 1128 1132 1168
f 1132 1133 1169
f 1134 1170 1135
f 1135 1171 1136
f 1136 1172 1137
f 1138 1174 1743
f 1137 1173 1138
f 1122 1124 1749
f 1124 1126 1749
f 1122 1749 1127
f 1127 1746 1141
f 1125 1749 1126
f 1125 1129 1749
f 1129 1130 1749
f 1130 1131 1749
f 1141 1143 1142
f 1141 1746 1143
f 1131 1167 1139
f 1139 1175 1140
f 1134 1140 1176
f 1133 1141 1177
f 1141 1142 1178
f 1142 1143 1179
f 1143 1745 1757
f 1024 1087 1027
f 1027 1087 1028
f 1028 1087 1029
f 1029 1087 1144
f 1087 1145 1144
f 1087 1148 1145
f 1087 1149 1148
f 1087 1150 1149
f 1029 1144 1108
f 1109 1144 1145
f 1112 1145 1148
f 1110 1147 1146
f 1113 1148 1149
f 1114 1149 1150
f 1111 1151 1147
f 1115 1154 1151
f 1087 1152 1150
f 1087 1153 1152
f 1087 1156 1153
f 1087 1157 1156
f 1087 1158 1157
f 1087 1160 1158
f 1087 1162 1160
f 1087 1161 1162
f 1116 1150 1152
f 1117 1152 1153
f 1120 1153 1156
f 1118 1155 1154
f 1121 1156 1157
f 1122 1157 1158
f 1119 1159 1155
f 1123 1163 1159
f 1087 1165 1161
f 1087 1166 1165
f 1087 1167 1166
f 1087 1175 1167
f 1087 1173 1172
f 1087 1174 1173
f 1087 1170 1176
f 1087 1176 1175
f 1087 1171 1170
f 1087 1172 1171
f 1158 1160 1124
f 1126 1160 1162
f 1125 1162 1161
f 1127 1164 1163
f 1128 1168 1164
f 1129 1161 1165
f 1130 1165 1166
f 1131 1166 1167
f 1132 1169 1168
f 1135 1170 1171
f 1136 1171 1172
f 1137 1172 1173
f 1138 1173 1174
f 1087 1756 1755
f 1087 1755 1174
f 1139 1167 1175
f 1140 1175 1176
f 1134 1176 1170
f 1133 1177 1169
f 1141 1178 1177
f 1142 1179 1178
f 1143 1757 1179
f 822 1169 2140
f 1 1180 1181
f 3 1181 1315
f 1180 1182 1181
f 1181 1182 1315
f 1180 1328 1182
f 1317 302 301
f 1317 312 302
f 1317 313 312
f 1317 314 313
f 1317 316 315
f 1317 315 314
f 1317 321 316
f 1317 322 321
f 1317 323 322
f 1317 361 323
f 1317 362 361
f 1317 363 362
f 1317 364 363
f 1317 365 364
f 1317 366 365
f 1317 367 366
f 1317 372 367
f 1317 373 372
f 1317 374 373
f 1317 375 374
f 1317 376 375
f 1317 377 376
f 1317 619 377
f 1317 620 619
f 1317 621 620
f 1317 622 621
f 1317 623 622
f 1317 624 623
f 1317 625 624
f 1317 627 625
f 1317 628 627
f 1317 629 628
f 1317 630 629
f 1317 631 630
f 1317 632 631
f 1317 633 632
f 1317 634 633
f 1317 635 634
f 1317 636 635
f 1317 637 636
f 6 1315 1317
f 1317 659 637
f 1317 660 659
f 400 1184 1346
f 1319 666 665
f 1318 665 686
f 456 1264 1184
f 1324 687 666
f 1323 686 685
f 1264 1245 1246
f 1264 1246 1247
f 1264 1247 1248
f 1264 1248 1260
f 1264 1260 1261
f 1264 1261 1262
f 1264 1262 1263
f 1295 1294 1297
f 1296 1304 1299
f 1295 1297 1298
f 1295 1298 1305
f 1296 1299 1612
f 1320 1291 1183
f 1320 1292 1291
f 1320 1293 1292
f 1320 1294 1293
f 1320 1183 1259
f 1323 685 752
f 1323 751 660
f 1323 752 751
f 1324 1189 687
f 1295 1305 1303
f 1304 1303 1306
f 1324 1190 1189
f 1324 1191 1190
f 1324 1199 1191
f 1324 1200 1199
f 1324 1201 1200
f 1324 1202 1201
f 1304 1306 1299
f 1303 1305 1306
f 1324 1203 1202
f 1324 1204 1203
f 1324 1237 1204
f 1324 1238 1237
f 1324 1239 1238
f 1324 1240 1239
f 1324 1241 1240
f 1324 1242 1241
f 1324 1249 1242
f 1324 1250 1249
f 1324 1251 1250
f 1324 1252 1251
f 1324 1253 1252
f 1324 1254 1253
f 1324 1255 1254
f 1324 1256 1255
f 1324 1257 1256
f 1324 1258 1257
f 1324 1259 1258
f 1182 1316 1315
f 1315 1316 1317
f 1316 1323 1317
f 1182 2139 1316
f 1317 1323 660
f 1318 1319 665
f 1319 1324 666
f 1320 1297 1294
f 1320 1300 1297
f 1321 1301 1300
f 1322 1302 1313
f 1318 686 1323
f 1326 1312 1301
f 1327 1313 1312
f 1320 1259 1325
f 1324 1325 1259
f 1316 1318 1323
f 1320 1321 1300
f 1321 1326 1301
f 1322 2086 1302
f 1316 2139 1318
f 1319 1320 1325
f 1321 1322 1327
f 1322 1313 1327
f 1326 1327 1312
f 1319 1325 1324
f 1321 1327 1326
f 807 1328 1180
f 807 1329 1328
f 1182 1328 1330
f 1182 1330 2139
f 1328 1329 1330
f 1329 2139 1330
f 856 1346 1514
f 1331 1333 1332
f 1333 1331 1334
f 1334 1331 1335
f 1335 1331 1336
f 1336 1331 1337
f 1337 1331 1338
f 1338 1331 1339
f 1339 1331 1340
f 1353 1331 863
f 1353 1340 1331
f 1353 1341 1340
f 1353 1342 1341
f 1353 1343 1342
f 1353 1344 1343
f 1353 1345 1344
f 1353 1349 1345
f 1353 1350 1349
f 1353 1351 1350
f 1352 1351 1353
f 1354 1352 1353
f 1354 1549 1352
f 860 1514 1515
f 1355 1366 1364
f 1357 1355 1356
f 1358 1355 1357
f 1359 1355 1358
f 1360 1355 1359
f 1361 1355 1360
f 1355 1367 1366
f 1355 1368 1367
f 1355 1369 1368
f 1355 1372 1369
f 1355 1373 1372
f 1362 1355 1361
f 1363 1355 1362
f 1378 1355 1363
f 1379 1355 1378
f 1380 1355 1379
f 1381 1355 1380
f 1355 1374 1373
f 1355 1401 1400
f 1355 1402 1401
f 1355 1406 1402
f 1355 1375 1374
f 1355 1400 1375
f 1370 1607 1365
f 1371 1607 1370
f 1376 1607 1371
f 1377 1607 1376
f 1403 1607 1377
f 1607 1403 1404
f 1607 1404 1405
f 1382 1355 1381
f 1383 1355 1382
f 1384 1355 1383
f 1385 1355 1384
f 1386 1355 1385
f 1387 1355 1386
f 1355 1407 1406
f 1355 1408 1407
f 1355 1409 1408
f 1355 1412 1409
f 1355 1413 1412
f 1355 1416 1413
f 1388 1355 1387
f 1389 1355 1388
f 1355 1389 1390
f 1355 1390 1391
f 1355 1391 1392
f 1355 1393 1394
f 1355 1392 1393
f 1355 1394 1395
f 1355 1395 1396
f 1355 1397 1520
f 1355 1396 1397
f 1355 1414 1416
f 1355 1415 1414
f 1355 1419 1415
f 1355 1421 1419
f 1355 1526 1398
f 1355 1399 1424
f 1355 1398 1399
f 1355 1420 1421
f 1355 1422 1420
f 1355 1423 1422
f 1355 1424 1423
f 1355 1522 1525
f 1355 1521 1522
f 1355 1520 1521
f 1355 1523 1524
f 1355 1525 1523
f 1355 1524 1526
f 1607 1405 1410
f 1607 1410 1411
f 1607 1411 1417
f 1607 1417 1418
f 1425 1607 1418
f 1426 1607 1425
f 1535 1607 1426
f 1549 1517 1352
f 1549 1518 1517
f 1549 1519 1518
f 1549 1527 1519
f 1549 1528 1527
f 1549 1529 1528
f 1549 1530 1529
f 1549 1531 1530
f 1535 1652 1607
f 1531 1558 1532
f 1532 1558 1533
f 1533 1558 1534
f 1549 1558 1531
f 1534 1558 1550
f 1550 1643 1551
f 1551 1643 1552
f 1552 1643 1553
f 1553 1643 1554
f 1550 1558 1643
f 1557 1646 1561
f 1554 1646 1555
f 1555 1646 1556
f 1556 1646 1557
f 1536 1652 1535
f 1537 1652 1536
f 1538 1652 1537
f 1547 1646 1546
f 1542 1652 1541
f 1540 1652 1542
f 1543 1652 1540
f 1539 1652 1538
f 1541 1652 1539
f 1560 1646 1545
f 1545 1646 1547
f 1559 1646 1560
f 1561 1646 1559
f 1544 1652 1543
f 1546 1652 1544
f 865 870 1876
f 865 1738 1737
f 865 1739 1738
f 865 1740 1739
f 865 1741 1740
f 1876 870 1607
f 865 1876 1741
f 1296 1612 1609
f 1610 1614 1611
f 1610 1636 1613
f 1609 1612 1638
f 1613 1614 1610
f 1640 1611 1614
f 1618 1616 1615
f 1615 1641 1617
f 1617 1618 1615
f 1618 1645 1616
f 1624 1623 1622
f 1622 1625 1624
f 1622 1626 1625
f 1622 1627 1626
f 1622 1628 1627
f 1622 1629 1628
f 1622 1630 1629
f 1624 1673 1623
f 1609 1638 1635
f 1635 1639 1636
f 1611 1640 1637
f 1637 1644 1641
f 1635 1638 1639
f 1636 1639 1613
f 1637 1640 1644
f 1645 1642 1616
f 1643 1646 1554
f 1645 1643 1642
f 1653 1607 1652
f 1654 1607 1653
f 1674 1607 1654
f 1675 1607 1674
f 1676 1607 1675
f 1677 1607 1676
f 1648 1546 1646
f 1649 1546 1648
f 1650 1546 1649
f 1651 1546 1650
f 1652 1546 1651
f 1678 1607 1677
f 1679 1607 1678
f 1680 1607 1679
f 1617 1641 1644
f 1645 1646 1643
f 1647 1648 1646
f 1669 1623 1673
f 1669 1671 1670
f 1669 1672 1671
f 1669 1673 1672
f 1913 1607 1680
f 1913 1680 1681
f 1913 1681 1682
f 1913 1682 1683
f 1913 1683 1684
f 1913 1684 1685
f 1913 1685 1686
f 1913 1686 1996
f 1913 1996 1997
f 1913 1997 1998
f 1913 1998 1999
f 1913 1999 2000
f 1913 2000 2001
f 821 2138 1329
f 1064 1713 1715
f 1713 1714 1715
f 1067 1715 1068
f 1068 1715 1069
f 1069 1715 1717
f 1715 1718 1717
f 1715 1719 1718
f 1715 1716 1721
f 1715 1725 1719
f 1713 1729 1714
f 1714 1730 1715
f 1715 1731 1716
f 1716 1732 1721
f 1719 1725 1720
f 1069 1717 1733
f 1717 1718 1734
f 1718 1719 1735
f 1087 1720 1728
f 1715 1721 1725
f 1721 1722 1723
f 1721 1723 1725
f 1723 1724 1725
f 1721 1736 1722
f 1722 1737 1723
f 1723 1738 1724
f 1724 1739 1725
f 1720 1725 1727
f 1725 1726 1727
f 1725 1740 1726
f 1720 1727 1728
f 1726 1741 1727
f 1727 1741 1728
f 1714 1729 1730
f 1715 1730 1731
f 1716 1731 1732
f 1721 1732 1736
f 1717 1734 1733
f 1718 1735 1734
f 1722 1736 1737
f 1723 1737 1738
f 1724 1738 1739
f 1725 1739 1740
f 1087 1728 1742
f 1876 1607 1878
f 1878 1607 1884
f 1884 1607 1885
f 1740 1741 1726
f 1728 1741 1742
f 1741 1877 1742
f 1741 1876 1877
f 1134 1749 1140
f 1134 1135 1749
f 1136 1137 1749
f 1135 1136 1749
f 1743 1744 1749
f 1137 1138 1749
f 1138 1743 1749
f 1743 1755 1744
f 1744 1756 1749
f 1131 1139 1749
f 1139 1140 1749
f 1127 1749 1746
f 1143 1746 1745
f 1746 1751 1747
f 1746 1747 1748
f 1745 1746 1758
f 1746 1748 1760
f 1747 1759 1748
f 1747 1750 1762
f 1749 1761 1754
f 1747 1751 1750
f 1746 1749 1751
f 1751 1753 1752
f 1749 1753 1751
f 1749 1754 1753
f 1750 1751 1763
f 1751 1752 1764
f 1752 1753 1765
f 1753 1754 1766
f 1174 1755 1743
f 1744 1755 1756
f 1087 1742 1756
f 1745 1758 1757
f 1746 1760 1758
f 1748 1759 1760
f 1747 1762 1759
f 1749 1756 1761
f 1754 1761 1766
f 1750 1763 1762
f 1752 1765 1764
f 1751 1764 1763
f 1753 1766 1765
f 1759 1986 1760
f 1756 1877 1761
f 1742 1877 1756
f 1759 1762 1986
f 1762 1763 1986
f 1764 1765 1986
f 1763 1764 1986
f 1765 1766 1986
f 1761 1986 1766
f 1761 1877 1986
f 1767 1788 1768
f 1767 1876 1770
f 1768 1788 1769
f 1767 1768 1877
f 1768 1769 1877
f 1767 1770 1771
f 1771 1772 1776
f 1767 1775 1773
f 1767 1773 1774
f 1767 1780 1775
f 1767 1781 1780
f 1767 1782 1781
f 1767 1783 1782
f 1767 1774 1788
f 1767 1784 1783
f 1767 1771 1810
f 1767 1785 1784
f 1767 1786 1785
f 1767 1806 1786
f 1767 1807 1806
f 1771 1776 1778
f 1776 1777 1778
f 1771 1778 1805
f 1778 1779 1803
f 1767 1808 1807
f 1767 1809 1808
f 1767 1810 1809
f 1770 1878 1771
f 1771 1879 1772
f 1773 1881 1774
f 1773 1775 1883
f 1774 1882 1788
f 1772 1884 1776
f 1776 1884 1777
f 1777 1885 1778
f 1778 1886 1779
f 1775 1780 1888
f 1780 1781 1889
f 1781 1782 1890
f 1782 1783 1891
f 1783 1784 1892
f 1784 1785 1893
f 1785 1786 1894
f 1769 1788 1790
f 1787 1790 1788
f 1787 1789 1790
f 1789 1792 1790
f 1790 1799 1791
f 1790 1792 1793
f 1790 1793 1794
f 1790 1794 1795
f 1790 1795 1796
f 1790 1796 1797
f 1790 1797 1798
f 1790 1798 1830
f 1790 1830 1831
f 1790 1831 1832
f 1790 1838 1799
f 1799 1801 1800
f 1799 1838 1801
f 1801 1838 1802
f 1787 1896 1789
f 1787 1788 1895
f 1790 1791 1899
f 1789 1897 1792
f 1792 1900 1793
f 1793 1901 1794
f 1794 1902 1795
f 1795 1903 1796
f 1796 1904 1797
f 1797 1905 1798
f 1798 1906 1830
f 1791 1799 1907
f 1799 1800 1908
f 1800 1801 1909
f 1801 1802 1910
f 1778 1803 1805
f 1803 1804 1805
f 1771 1805 1863
f 1771 1811 1810
f 1771 1812 1811
f 1771 1813 1812
f 1771 1818 1813
f 1805 1814 1815
f 1805 1815 1817
f 1815 1816 1817
f 1805 1817 1863
f 1771 2110 1818
f 1779 1887 1803
f 1803 1911 1804
f 1804 1912 1805
f 1805 1913 1814
f 1786 1806 1914
f 1806 1807 1915
f 1807 1808 1916
f 1808 1809 1917
f 1809 1810 1918
f 1810 1811 1919
f 1811 1812 1920
f 1812 1813 1921
f 1814 1922 1815
f 1815 1923 1816
f 1816 1924 1817
f 1813 1818 1926
f 1818 1819 1927
f 1819 1820 1928
f 1820 1821 1929
f 1821 1822 1930
f 1822 1823 1931
f 1823 1824 1932
f 1824 1825 1933
f 1825 1826 1934
f 1826 1827 1935
f 1827 1828 1936
f 1828 1829 1937
f 1829 1851 1959
f 1790 1869 1838
f 1838 1840 1839
f 1838 1857 1840
f 1790 1832 2110
f 1832 1833 2110
f 1840 1857 1856
f 1838 1869 1857
f 1857 1859 1858
f 1857 1869 1859
f 1830 1938 1831
f 1831 1939 1832
f 1832 1940 1833
f 1833 1941 1834
f 1834 1942 1835
f 1835 1943 1836
f 1836 1944 1837
f 1837 1945 1844
f 1802 1838 1946
f 1838 1839 1947
f 1839 1840 1948
f 1841 1949 1842
f 1842 1950 1843
f 1843 1951 1848
f 1844 1952 1845
f 1841 1845 1953
f 1846 1954 1855
f 1847 1955 1850
f 1847 1848 1956
f 1849 1850 1958
f 1846 1849 1957
f 1851 1852 1960
f 1852 1853 1961
f 1853 1854 1962
f 1854 1855 1963
f 1840 1856 1964
f 1856 1857 1965
f 1857 1858 1966
f 1858 1859 1967
f 1817 1860 1861
f 1817 1861 1863
f 1861 1862 1863
f 1771 1863 2110
f 1818 2110 1819
f 1819 2110 1820
f 1820 2110 1821
f 1821 2110 1822
f 1822 2110 1823
f 1823 2110 1824
f 1824 2110 1825
f 1825 2110 1826
f 1826 2110 1827
f 1863 1864 1865
f 1863 1865 1867
f 1865 1866 1867
f 1863 1867 2099
f 1817 1925 1860
f 1860 1968 1861
f 1861 1969 1862
f 1862 1970 1863
f 1863 1971 1864
f 1864 1972 1865
f 1865 1973 1866
f 1866 1974 1867
f 1867 1975 2096
f 1834 1835 2110
f 1835 1836 2110
f 1836 1837 2110
f 1837 1844 2110
f 1844 1845 2110
f 1841 2110 1845
f 1833 1834 2110
f 1790 2110 1869
f 1842 1843 2110
f 1841 1842 2110
f 1843 1848 2110
f 1847 2110 1848
f 1847 1850 2110
f 1827 2110 1828
f 1828 2110 1829
f 1829 2110 1851
f 1851 2110 1852
f 1852 2110 1853
f 1846 2110 1849
f 1853 2110 1854
f 1854 2110 1855
f 1846 1855 2110
f 1849 2110 1850
f 1859 1869 1868
f 1869 1874 1872
f 1869 1872 1870
f 1871 1874 2106
f 1869 2110 2106
f 1872 1874 1873
f 1869 2106 1874
f 1871 1875 1874
f 1859 1868 1976
f 1868 1869 1977
f 1869 1870 1978
f 1870 1872 1980
f 1871 2105 2126
f 1872 1873 1981
f 1873 1874 1982
f 1874 1875 1983
f 1871 1979 1875
f 1885 1607 1886
f 1886 1607 1887
f 1887 1607 1911
f 1911 1607 1912
f 1912 1607 1913
f 1767 1877 1876
f 1770 1876 1878
f 1771 1878 1879
f 1772 1879 1880
f 1772 1880 1884
f 1773 1883 1881
f 1774 1881 1882
f 1777 1884 1885
f 1778 1885 1886
f 1779 1886 1887
f 1775 1888 1883
f 1780 1889 1888
f 1781 1890 1889
f 1782 1891 1890
f 1783 1892 1891
f 1784 1893 1892
f 1785 1894 1893
f 1786 1914 1894
f 1878 1880 1879
f 1878 1884 1880
f 1881 1883 1882
f 1882 1883 1888
f 1882 1888 1889
f 1882 1889 1890
f 1882 1890 1891
f 1882 1891 1892
f 1882 1892 1893
f 1882 1893 1894
f 1882 1894 1914
f 1882 1914 1915
f 1882 1915 1916
f 1882 1916 1917
f 1882 1917 1918
f 1788 1882 1895
f 1787 1895 1896
f 1789 1896 1897
f 1790 1899 1898
f 1791 1907 1899
f 1792 1897 1900
f 1793 1900 1901
f 1794 1901 1902
f 1795 1902 1903
f 1796 1903 1904
f 1797 1904 1905
f 1798 1905 1906
f 1799 1908 1907
f 1800 1909 1908
f 1801 1910 1909
f 1882 1897 1896
f 1882 1896 1895
f 1882 1900 1897
f 1882 1901 1900
f 1882 1902 1901
f 1882 1903 1902
f 1882 1904 1903
f 1882 1905 1904
f 1882 1906 1905
f 1882 1938 1906
f 1882 1939 1938
f 1882 1940 1939
f 1882 1941 1940
f 1882 1942 1941
f 1887 1911 1803
f 1804 1911 1912
f 1805 1912 1913
f 1806 1915 1914
f 1807 1916 1915
f 1808 1917 1916
f 1809 1918 1917
f 1810 1919 1918
f 1811 1920 1919
f 1812 1921 1920
f 1813 1926 1921
f 1814 1913 1922
f 1815 1922 1923
f 1816 1923 1924
f 1817 1924 1925
f 1818 1927 1926
f 1819 1928 1927
f 1820 1929 1928
f 1821 1930 1929
f 1822 1931 1930
f 1823 1932 1931
f 1824 1933 1932
f 1825 1934 1933
f 1826 1935 1934
f 1827 1936 1935
f 1828 1937 1936
f 1829 1959 1937
f 1882 1918 1919
f 1882 1919 1920
f 1882 1920 1921
f 1882 1921 1926
f 1882 1926 1927
f 1882 1927 1928
f 1882 1928 1929
f 1882 1929 1930
f 1882 1930 1931
f 1882 1931 1932
f 1882 1932 1933
f 1882 1933 1934
f 1882 1934 1935
f 1882 1954 1957
f 1882 1935 1936
f 1882 1936 1937
f 1882 1937 1959
f 1882 1959 1960
f 1882 1960 1961
f 1882 1961 1962
f 1882 1962 1963
f 1882 1963 1954
f 1906 1938 1830
f 1831 1938 1939
f 1832 1939 1940
f 1833 1940 1941
f 1834 1941 1942
f 1835 1942 1943
f 1836 1943 1944
f 1837 1944 1945
f 1802 1946 1910
f 1838 1947 1946
f 1839 1948 1947
f 1840 1964 1948
f 1842 1949 1950
f 1843 1950 1951
f 1848 1951 1956
f 1844 1945 1952
f 1845 1952 1953
f 1841 1953 1949
f 1846 1957 1954
f 1855 1954 1963
f 1847 1956 1955
f 1850 1955 1958
f 1849 1958 1957
f 1851 1960 1959
f 1852 1961 1960
f 1853 1962 1961
f 1854 1963 1962
f 1856 1965 1964
f 1857 1966 1965
f 1858 1967 1966
f 1882 1943 1942
f 1882 1944 1943
f 1882 1945 1944
f 1882 1952 1945
f 1882 1953 1952
f 1882 1949 1953
f 1882 1950 1949
f 1882 1951 1950
f 1882 1956 1951
f 1882 1958 1955
f 1882 1955 1956
f 1882 1957 1958
f 1860 1925 1968
f 1861 1968 1969
f 1862 1969 1970
f 1863 1970 1971
f 1864 1971 1972
f 1865 1972 1973
f 1866 1973 1974
f 1867 1974 1975
f 1975 2117 2096
f 1859 1976 1967
f 1868 1977 1976
f 1869 1978 1977
f 1870 1980 1978
f 1871 2126 1979
f 1872 1981 1980
f 1873 1982 1981
f 1874 1983 1982
f 1875 1979 1983
f 1769 1790 1984
f 1769 1984 1877
f 1790 1985 1984
f 1790 1987 1985
f 1984 1985 1987
f 822 2140 2138
f 1877 1984 1986
f 1984 1987 1986
f 1790 1898 1987
f 1898 1899 1987
f 1899 1907 1987
f 1907 1908 1987
f 1908 1909 1987
f 1909 1910 1987
f 1910 1946 1987
f 1946 1947 1987
f 1169 1177 2140
f 1177 1178 2140
f 1178 1179 2140
f 1179 1757 2140
f 1757 1758 2140
f 1758 1760 2140
f 1947 1948 1987
f 1948 1964 1987
f 1964 1965 1987
f 1965 1966 1987
f 1760 1986 2140
f 2086 1619 1302
f 2088 1621 1620
f 2087 1620 1666
f 2089 1630 1622
f 2089 1622 1668
f 2089 1631 1630
f 2089 1632 1631
f 2089 1633 1632
f 2089 1634 1633
f 2089 1988 1634
f 2089 1989 1988
f 2089 1990 1989
f 2091 1665 1619
f 2092 1666 1665
f 2093 1667 1621
f 2094 1668 1667
f 2095 1991 1990
f 2095 1992 1991
f 2095 1993 1992
f 2095 1994 1993
f 2095 1995 1994
f 2095 2002 1995
f 2095 2003 2002
f 2095 2004 2003
f 2095 2005 2004
f 2095 2006 2005
f 2095 2007 2006
f 2095 2008 2007
f 2095 2044 2008
f 2095 2045 2044
f 2095 2046 2045
f 2095 2047 2046
f 2095 2048 2047
f 2095 2049 2048
f 2095 2050 2049
f 1913 2001 2010
f 1913 2010 2011
f 1913 2011 2012
f 1913 2012 2009
f 1913 2009 2013
f 1913 2013 2014
f 1913 2014 2015
f 1913 2015 2016
f 1913 2016 2052
f 1913 2052 2053
f 1913 2053 2054
f 1913 2055 2056
f 1913 2054 2055
f 1913 2056 2057
f 1913 2061 2062
f 1913 2062 2064
f 1913 2057 2061
f 1913 2095 1922
f 1922 2095 1923
f 1923 2095 1924
f 1924 2095 1925
f 1925 2095 1968
f 1968 2095 1969
f 1969 2095 1970
f 1970 2095 1971
f 1913 2064 2095
f 1971 2095 1972
f 1972 2095 1973
f 1973 2095 1974
f 1974 2095 1975
f 1975 2095 2117
f 2095 2118 2117
f 2095 2119 2118
f 2095 2120 2119
f 2086 2091 1619
f 2087 2088 1620
f 2088 2093 1621
f 2089 2090 1990
f 2090 2095 1990
f 2086 2087 2092
f 2088 2089 2094
f 1318 2139 1319
f 2091 2092 1665
f 2087 1666 2092
f 2093 2094 1667
f 2089 1668 2094
f 2095 2051 2050
f 2095 2058 2051
f 2095 2059 2058
f 2095 2060 2059
f 2095 2064 2063
f 2095 2063 2060
f 2086 2092 2091
f 2088 2094 2093
f 1319 2139 1320
f 1320 2139 1321
f 1321 2139 1322
f 1322 2139 2086
f 2086 2139 2087
f 2087 2139 2088
f 2088 2139 2089
f 2089 2139 2090
f 2090 2140 2095
f 1329 2138 2139
f 1867 2096 2097
f 1867 2097 2099
f 2097 2098 2099
f 1863 2099 2110
f 2099 2100 2101
f 2099 2101 2103
f 2101 2102 2103
f 2099 2103 2110
f 2103 2104 2108
f 2096 2117 2097
f 2097 2118 2098
f 2098 2119 2099
f 2099 2120 2100
f 2100 2121 2101
f 2101 2122 2102
f 2102 2123 2103
f 2103 2124 2104
f 2104 2125 2108
f 1871 2106 2105
f 2106 2116 2114
f 2106 2114 2107
f 2103 2108 2110
f 2108 2109 2110
f 2110 2113 2116
f 2111 2116 2113
f 2110 2112 2113
f 2106 2110 2116
f 2114 2116 2115
f 2105 2106 2127
f 2107 2114 2135
f 2106 2107 2128
f 2108 2129 2109
f 2109 2130 2110
f 2110 2131 2112
f 2111 2132 2116
f 2111 2113 2134
f 2112 2133 2113
f 2114 2115 2136
f 2115 2116 2137
f 2097 2117 2118
f 2098 2118 2119
f 2099 2119 2120
f 2100 2120 2121
f 2101 2121 2122
f 2102 2122 2123
f 2103 2123 2124
f 2104 2124 2125
f 2108 2125 2129
f 2105 2127 2126
f 2107 2135 2128
f 2106 2128 2127
f 2109 2129 2130
f 2110 2130 2131
f 2111 2134 2132
f 2113 2133 2134
f 2112 2131 2133
f 2114 2136 2135
f 2115 2137 2136
f 2116 2132 2137
f 2095 2121 2120
f 2095 2122 2121
f 2095 2123 2122
f 2095 2124 2123
f 2095 2125 2124
f 2095 2129 2125
f 2095 2130 2129
f 1977 1978 2140
f 1978 1980 2140
f 1966 2140 1987
f 1966 1967 2140
f 1967 1976 2140
f 1976 1977 2140
f 1986 1987 2140
f 1980 1981 2140
f 1981 1982 2140
f 1982 1983 2140
f 1979 2140 1983
f 1979 2126 2140
f 2126 2127 2140
f 2127 2128 2140
f 2128 2135 2140
f 2132 2140 2137
f 2133 2140 2134
f 2130 2140 2131
f 2131 2140 2133
f 2132 2134 2140
f 2135 2136 2140
f 2136 2137 2140
f 2090 2139 2140
f 2095 2140 2130
f 2138 2140 2139
f 29 63 7
f 29 30 63
f 30 31 63
f 31 65 63
f 32 7 8
f 33 8 9
f 36 9 12
f 34 11 10
f 37 12 13
f 38 13 14
f 42 15 18
f 35 16 11
f 40 17 16
f 41 18 17
f 43 10 19
f 44 19 20
f 45 20 21
f 46 21 22
f 47 22 23
f 48 23 24
f 29 7 32
f 29 43 30
f 29 32 33
f 29 35 34
f 29 40 35
f 29 34 43
f 30 43 31
f 31 43 49
f 32 8 33
f 33 9 36
f 34 35 11
f 34 10 43
f 36 12 37
f 37 13 38
f 42 39 15
f 35 40 16
f 40 41 17
f 41 42 18
f 29 41 40
f 29 39 42
f 29 42 41
f 29 159 39
f 29 160 159
f 29 33 179
f 33 36 37
f 29 162 160
f 29 164 162
f 29 165 164
f 33 37 158
f 37 38 158
f 29 167 165
f 29 168 167
f 29 178 168
f 43 19 44
f 44 20 45
f 45 21 46
f 46 22 47
f 47 23 48
f 43 44 49
f 49 44 45
f 49 45 46
f 49 26 25
f 50 27 26
f 51 28 27
f 49 25 64
f 31 49 65
f 49 66 65
f 49 50 26
f 50 51 27
f 51 52 28
f 49 51 50
f 49 198 51
f 51 198 52
f 49 64 66
f 65 64 63
f 65 66 64
f 158 14 67
f 39 68 15
f 159 69 68
f 161 67 70
f 160 71 69
f 162 73 71
f 163 70 72
f 164 74 73
f 165 76 74
f 166 72 75
f 167 77 76
f 168 87 77
f 169 24 78
f 170 78 79
f 171 79 80
f 172 80 81
f 174 82 83
f 173 81 82
f 175 83 84
f 176 75 85
f 177 85 86
f 178 88 87
f 179 89 88
f 180 90 89
f 181 93 90
f 182 86 91
f 183 91 92
f 206 92 115
f 184 94 93
f 185 95 94
f 186 96 95
f 187 97 96
f 188 118 97
f 189 84 98
f 190 98 99
f 191 99 100
f 192 100 101
f 193 101 102
f 194 102 103
f 195 103 104
f 196 104 105
f 197 105 106
f 38 14 158
f 39 159 68
f 159 160 69
f 158 67 161
f 160 162 71
f 162 164 73
f 161 70 163
f 163 72 166
f 164 165 74
f 165 167 76
f 166 75 176
f 167 168 77
f 33 158 176
f 29 179 178
f 158 161 163
f 158 163 176
f 33 180 179
f 163 166 176
f 48 24 169
f 169 78 170
f 170 79 171
f 171 80 172
f 172 81 173
f 173 82 174
f 174 83 175
f 175 84 189
f 49 46 247
f 46 47 247
f 47 48 247
f 48 169 247
f 176 85 177
f 177 86 182
f 168 178 87
f 178 179 88
f 179 180 89
f 180 181 90
f 182 91 183
f 183 92 206
f 181 184 93
f 184 185 94
f 185 186 95
f 186 187 96
f 187 188 97
f 33 176 218
f 33 218 180
f 176 177 182
f 176 182 206
f 182 183 206
f 180 218 181
f 181 218 184
f 189 98 190
f 190 99 191
f 191 100 192
f 192 101 193
f 193 102 194
f 195 194 103
f 195 104 196
f 196 105 197
f 197 106 231
f 169 170 247
f 170 171 247
f 171 172 247
f 172 173 247
f 173 174 247
f 174 175 247
f 175 189 247
f 189 190 247
f 190 191 247
f 191 192 247
f 192 193 247
f 52 107 28
f 198 108 107
f 199 109 108
f 200 110 109
f 201 111 110
f 202 112 111
f 203 113 112
f 204 114 113
f 205 152 114
f 52 198 107
f 198 199 108
f 199 200 109
f 200 201 110
f 49 202 198
f 198 200 199
f 198 202 200
f 200 202 201
f 201 202 111
f 202 203 112
f 203 204 113
f 204 205 114
f 205 243 152
f 49 247 202
f 202 204 203
f 202 243 204
f 204 243 205
f 207 115 116
f 208 116 117
f 209 119 118
f 210 120 119
f 211 121 120
f 212 122 121
f 213 123 122
f 214 124 123
f 215 125 124
f 217 117 126
f 218 126 127
f 219 140 128
f 220 128 129
f 221 129 130
f 216 131 125
f 222 132 131
f 223 133 132
f 224 135 133
f 226 136 135
f 227 134 136
f 229 137 138
f 228 130 137
f 225 139 134
f 230 138 139
f 231 106 140
f 232 127 141
f 233 141 142
f 234 142 143
f 235 143 144
f 236 144 145
f 237 145 146
f 238 148 147
f 239 149 148
f 240 150 149
f 241 151 150
f 242 256 151
f 206 115 207
f 207 116 208
f 188 209 118
f 209 210 119
f 210 211 120
f 211 212 121
f 212 213 122
f 213 214 123
f 214 215 124
f 215 216 125
f 208 117 217
f 217 126 218
f 218 127 232
f 176 206 218
f 206 207 208
f 184 218 185
f 206 208 218
f 185 218 186
f 186 218 187
f 187 218 188
f 188 218 209
f 209 218 210
f 210 218 211
f 211 218 212
f 212 218 213
f 208 217 218
f 213 218 214
f 218 215 214
f 218 216 215
f 218 222 216
f 218 223 222
f 218 224 223
f 218 226 224
f 218 227 226
f 231 140 219
f 220 219 128
f 221 220 129
f 216 222 131
f 222 223 132
f 223 224 133
f 225 134 227
f 224 226 135
f 226 227 136
f 230 229 138
f 228 137 229
f 228 221 130
f 225 230 139
f 196 197 247
f 193 194 247
f 195 247 194
f 195 196 247
f 197 231 247
f 231 219 247
f 228 247 221
f 220 247 219
f 221 247 220
f 218 247 227
f 228 229 247
f 230 247 229
f 225 227 247
f 225 247 230
f 232 141 233
f 233 142 234
f 234 143 235
f 235 144 236
f 236 145 237
f 237 146 270
f 218 232 233
f 218 233 235
f 233 234 235
f 218 235 271
f 235 236 237
f 235 237 271
f 218 271 284
f 238 239 148
f 239 240 149
f 240 241 150
f 241 242 151
f 218 284 247
f 247 240 238
f 238 240 239
f 247 278 240
f 247 284 278
f 240 242 241
f 240 278 242
f 243 153 152
f 244 154 153
f 245 155 154
f 246 156 155
f 247 157 156
f 248 147 157
f 243 244 153
f 244 245 154
f 246 155 245
f 246 247 156
f 202 247 243
f 243 245 244
f 243 247 245
f 246 245 247
f 247 248 157
f 248 238 147
f 247 238 248
f 270 146 249
f 271 249 250
f 272 250 251
f 273 251 252
f 274 252 253
f 275 253 254
f 276 254 255
f 281 267 260
f 277 257 256
f 278 259 257
f 280 258 259
f 279 260 258
f 282 255 261
f 283 261 262
f 284 262 263
f 285 263 264
f 286 264 265
f 287 265 266
f 288 266 267
f 270 249 271
f 271 250 272
f 272 251 273
f 273 252 274
f 274 253 275
f 275 254 276
f 276 255 282
f 237 270 271
f 271 272 273
f 271 273 275
f 273 274 275
f 271 275 284
f 275 276 282
f 288 267 281
f 278 257 277
f 278 280 259
f 277 256 242
f 279 258 280
f 279 281 260
f 282 261 283
f 283 262 284
f 284 263 285
f 285 264 286
f 286 265 287
f 288 287 266
f 288 278 284
f 278 277 242
f 288 279 278
f 278 279 280
f 288 281 279
f 275 282 284
f 282 283 284
f 284 285 286
f 288 284 286
f 288 286 287
f 289 269 268
f 289 290 269
f 293 292 291
f 293 294 292
f 329 299 296
f 330 298 297
f 332 297 299
f 331 295 298
f 333 296 300
f 334 300 301
f 335 301 302
f 328 303 295
f 336 304 303
f 337 305 304
f 338 306 305
f 339 307 306
f 340 308 307
f 341 309 308
f 342 310 309
f 343 311 310
f 332 330 297
f 330 331 298
f 331 328 295
f 332 299 329
f 329 296 333
f 333 300 334
f 334 301 335
f 335 302 345
f 332 329 333
f 332 331 330
f 332 336 331
f 331 336 328
f 333 334 335
f 332 333 335
f 332 335 336
f 328 336 303
f 336 337 304
f 337 338 305
f 338 339 306
f 339 340 307
f 340 341 308
f 341 342 309
f 342 343 310
f 343 344 311
f 336 338 337
f 336 340 338
f 338 340 339
f 336 335 344
f 336 344 340
f 340 342 341
f 340 344 342
f 342 344 343
f 289 268 388
f 346 312 313
f 347 313 314
f 345 302 312
f 348 314 315
f 349 315 316
f 344 317 311
f 350 318 317
f 351 319 318
f 352 320 319
f 353 324 320
f 354 316 321
f 355 321 322
f 356 322 323
f 378 323 361
f 357 325 324
f 346 345 312
f 346 313 347
f 347 314 348
f 348 315 349
f 346 335 345
f 346 348 335
f 346 347 348
f 335 348 356
f 348 349 354
f 344 350 317
f 350 351 318
f 351 352 319
f 352 353 320
f 353 357 324
f 344 351 350
f 344 353 351
f 351 353 352
f 344 360 353
f 349 316 354
f 354 321 355
f 355 322 356
f 356 323 378
f 348 354 356
f 354 355 356
f 335 356 389
f 353 358 357
f 290 626 269
f 388 268 371
f 358 326 325
f 359 327 326
f 360 368 327
f 289 646 290
f 357 358 325
f 358 359 326
f 359 360 327
f 353 360 358
f 358 360 359
f 379 361 362
f 380 362 363
f 381 363 364
f 382 364 365
f 383 365 366
f 384 366 367
f 378 361 379
f 379 362 380
f 380 363 381
f 356 378 379
f 356 379 381
f 379 380 381
f 335 646 344
f 381 364 382
f 382 365 383
f 383 366 384
f 356 381 389
f 381 382 383
f 381 383 389
f 383 384 389
f 385 369 368
f 386 370 369
f 387 371 370
f 360 385 368
f 385 386 369
f 386 387 370
f 387 388 371
f 360 386 385
f 360 388 386
f 289 388 646
f 386 388 387
f 344 646 360
f 389 367 372
f 390 372 373
f 391 373 374
f 392 374 375
f 393 375 376
f 394 376 377
f 384 367 389
f 389 372 390
f 390 373 391
f 335 389 650
f 389 390 391
f 389 391 393
f 391 374 392
f 392 375 393
f 393 376 394
f 391 392 393
f 389 393 641
f 393 394 639
f 335 650 646
f 290 646 626
f 360 646 388
f 413 396 395
f 397 414 855
f 399 430 398
f 856 456 400
f 492 401 402
f 294 681 292
f 293 291 688
f 293 689 294
f 417 395 412
f 417 413 395
f 415 412 411
f 517 411 418
f 415 416 412
f 416 417 412
f 415 411 517
f 415 517 518
f 415 521 519
f 415 522 521
f 415 525 522
f 415 526 525
f 415 529 416
f 416 529 417
f 415 519 529
f 417 414 413
f 417 859 414
f 417 529 543
f 417 543 859
f 688 291 680
f 293 688 689
f 294 689 681
f 430 399 431
f 602 404 403
f 602 407 404
f 603 402 405
f 604 405 406
f 607 410 409
f 605 408 407
f 606 409 408
f 608 406 410
f 588 492 402
f 602 403 505
f 518 418 419
f 519 422 420
f 520 419 421
f 521 423 422
f 522 426 423
f 523 425 424
f 530 424 433
f 524 421 425
f 525 427 426
f 526 428 427
f 527 429 428
f 528 436 429
f 529 420 430
f 529 430 431
f 529 431 432
f 531 433 434
f 532 434 435
f 533 437 436
f 534 438 437
f 535 439 438
f 537 435 440
f 538 440 441
f 536 442 439
f 539 443 442
f 540 444 443
f 541 445 444
f 517 418 518
f 518 419 520
f 519 521 422
f 520 421 524
f 521 522 423
f 522 525 426
f 530 523 424
f 524 425 523
f 525 526 427
f 526 527 428
f 528 429 527
f 415 527 526
f 415 528 527
f 415 533 528
f 415 518 542
f 518 520 524
f 415 534 533
f 415 535 534
f 415 536 535
f 524 523 530
f 518 524 530
f 415 539 536
f 415 540 539
f 415 541 540
f 415 542 541
f 519 420 529
f 530 433 531
f 531 434 532
f 528 533 436
f 533 534 437
f 534 535 438
f 535 536 439
f 532 435 537
f 537 440 538
f 538 441 566
f 536 539 442
f 539 540 443
f 540 541 444
f 541 542 445
f 518 530 538
f 530 531 532
f 530 532 538
f 518 568 542
f 532 537 538
f 518 538 592
f 518 592 568
f 544 432 447
f 543 449 446
f 545 447 448
f 547 448 450
f 546 452 449
f 543 446 456
f 548 450 451
f 550 451 453
f 549 455 452
f 551 453 454
f 552 461 455
f 553 454 457
f 554 457 458
f 555 458 459
f 556 459 460
f 557 462 461
f 558 463 462
f 560 460 464
f 561 464 465
f 562 465 466
f 563 466 467
f 559 468 463
f 564 469 468
f 565 508 469
f 529 432 544
f 544 447 545
f 545 448 547
f 543 546 449
f 547 450 548
f 548 451 550
f 546 549 452
f 549 552 455
f 550 453 551
f 551 454 553
f 552 557 461
f 529 544 543
f 544 545 543
f 545 547 543
f 543 549 546
f 543 557 549
f 549 557 552
f 543 456 862
f 553 457 554
f 554 458 555
f 555 459 556
f 557 558 462
f 558 559 463
f 556 460 560
f 560 464 561
f 561 465 562
f 562 466 563
f 559 564 468
f 564 565 469
f 543 565 557
f 547 617 543
f 557 559 558
f 557 565 559
f 547 548 617
f 548 550 617
f 550 551 617
f 551 553 617
f 553 554 617
f 543 617 565
f 559 565 564
f 566 441 470
f 567 470 471
f 542 472 445
f 568 473 472
f 569 474 473
f 570 475 474
f 571 478 475
f 572 471 476
f 573 476 477
f 589 477 493
f 574 479 478
f 575 483 479
f 577 480 481
f 578 481 482
f 579 484 483
f 580 485 484
f 581 486 485
f 583 482 487
f 585 487 489
f 584 489 488
f 586 488 490
f 587 490 491
f 588 491 492
f 590 493 494
f 591 494 495
f 592 495 496
f 593 496 497
f 582 498 486
f 594 499 498
f 595 500 499
f 596 501 500
f 597 502 501
f 598 503 502
f 599 504 503
f 600 506 504
f 601 505 506
f 603 588 402
f 608 604 406
f 603 405 604
f 605 606 408
f 606 607 409
f 607 608 410
f 602 605 407
f 566 470 567
f 567 471 572
f 542 568 472
f 568 569 473
f 569 570 474
f 570 571 475
f 572 476 573
f 573 477 589
f 571 574 478
f 574 575 479
f 538 566 567
f 538 567 573
f 567 572 573
f 538 573 592
f 568 592 569
f 569 592 570
f 570 592 571
f 571 592 574
f 574 592 575
f 577 576 480
f 577 481 578
f 578 482 583
f 575 579 483
f 579 580 484
f 580 581 485
f 581 582 486
f 583 487 585
f 585 489 584
f 584 488 586
f 586 490 587
f 588 587 491
f 589 493 590
f 590 494 591
f 591 495 592
f 592 496 593
f 593 497 720
f 573 589 590
f 575 592 579
f 579 592 580
f 580 592 581
f 581 592 582
f 582 592 594
f 573 590 592
f 590 591 592
f 594 592 595
f 592 593 720
f 582 594 498
f 594 595 499
f 595 596 500
f 596 597 501
f 597 598 502
f 598 599 503
f 599 600 504
f 600 601 506
f 601 602 505
f 595 592 596
f 596 592 597
f 597 592 598
f 598 592 599
f 599 592 600
f 600 592 601
f 601 592 602
f 602 592 605
f 603 617 588
f 588 617 587
f 606 617 607
f 603 604 617
f 607 617 608
f 608 617 604
f 605 617 606
f 605 592 617
f 609 467 507
f 576 507 480
f 610 509 508
f 611 510 509
f 613 512 511
f 612 511 510
f 614 513 512
f 615 514 513
f 616 515 514
f 617 516 515
f 618 712 516
f 563 467 609
f 609 507 576
f 565 610 508
f 610 611 509
f 613 614 512
f 611 612 510
f 612 613 511
f 554 555 617
f 555 556 617
f 556 560 617
f 560 561 617
f 561 562 617
f 565 611 610
f 565 613 611
f 562 563 617
f 563 609 617
f 577 617 576
f 609 576 617
f 577 578 617
f 578 583 617
f 583 585 617
f 565 617 613
f 611 613 612
f 615 513 614
f 615 616 514
f 616 617 515
f 617 618 516
f 585 584 617
f 584 586 617
f 586 587 617
f 613 615 614
f 613 617 615
f 615 617 616
f 617 743 618
f 639 377 619
f 640 619 620
f 641 620 621
f 642 621 622
f 643 622 623
f 644 623 624
f 645 624 625
f 394 377 639
f 639 619 640
f 640 620 641
f 393 639 641
f 639 640 641
f 389 641 650
f 641 621 642
f 642 622 643
f 643 623 644
f 644 624 645
f 641 642 643
f 641 643 645
f 643 644 645
f 641 645 650
f 646 680 626
f 647 625 627
f 648 627 628
f 649 628 629
f 650 629 630
f 651 630 631
f 652 631 632
f 653 632 633
f 654 633 634
f 655 634 635
f 656 635 636
f 657 636 637
f 645 625 647
f 647 627 648
f 648 628 649
f 649 629 650
f 650 630 651
f 645 647 648
f 645 648 650
f 648 649 650
f 650 651 652
f 651 631 652
f 652 632 653
f 653 633 654
f 654 634 655
f 655 635 656
f 656 636 657
f 650 652 655
f 652 653 654
f 652 654 655
f 650 655 658
f 655 656 657
f 646 650 688
f 650 658 689
f 650 689 688
f 655 657 658
f 658 638 690
f 658 660 638
f 661 637 659
f 657 637 661
f 657 662 658
f 658 662 660
f 657 661 662
f 662 659 660
f 661 659 662
f 683 664 663
f 666 686 665
f 667 668 707
f 767 679 678
f 663 682 683
f 686 666 687
f 689 682 681
f 646 688 680
f 689 683 682
f 689 727 683
f 690 638 684
f 658 690 689
f 689 690 691
f 750 685 686
f 750 686 687
f 689 691 727
f 691 685 750
f 691 750 727
f 742 669 673
f 739 668 670
f 740 670 671
f 738 671 669
f 742 673 672
f 735 707 668
f 742 672 710
f 720 497 692
f 721 692 693
f 722 693 694
f 723 694 695
f 724 695 696
f 725 696 697
f 726 697 698
f 727 699 683
f 728 698 700
f 729 700 701
f 730 701 702
f 731 702 703
f 732 703 704
f 733 704 705
f 734 705 706
f 735 706 707
f 749 708 718
f 736 709 708
f 737 711 709
f 741 710 711
f 738 669 742
f 735 668 739
f 739 670 740
f 740 671 738
f 720 692 721
f 721 693 722
f 722 694 723
f 723 695 724
f 724 696 725
f 725 697 726
f 592 720 722
f 720 721 722
f 592 722 726
f 722 723 724
f 722 724 726
f 724 725 726
f 592 735 617
f 592 726 735
f 749 617 735
f 726 698 728
f 728 700 729
f 729 701 730
f 730 702 731
f 731 703 732
f 732 704 733
f 733 705 734
f 734 706 735
f 736 708 749
f 737 741 711
f 736 737 709
f 742 710 741
f 726 728 729
f 726 729 731
f 729 730 731
f 726 731 735
f 731 732 733
f 731 733 735
f 733 734 735
f 736 749 737
f 749 735 742
f 742 741 737
f 749 742 737
f 740 738 742
f 735 739 740
f 735 740 742
f 743 713 712
f 745 715 714
f 744 714 713
f 746 716 715
f 747 717 716
f 748 718 717
f 618 743 712
f 744 713 743
f 744 745 714
f 745 746 715
f 747 716 746
f 747 748 717
f 748 749 718
f 617 745 743
f 744 743 745
f 749 745 617
f 747 746 745
f 747 745 749
f 747 749 748
f 727 719 699
f 750 687 719
f 727 750 719
f 691 752 685
f 753 684 751
f 690 684 753
f 690 754 691
f 690 753 754
f 691 754 752
f 754 751 752
f 753 751 754
f 791 675 674
f 791 676 675
f 792 677 676
f 793 678 677
f 791 674 764
f 794 767 678
f 780 766 755
f 781 755 756
f 782 756 757
f 783 757 758
f 798 758 771
f 784 760 759
f 786 759 761
f 787 763 762
f 785 762 760
f 788 765 763
f 789 764 765
f 790 761 766
f 794 768 767
f 791 792 676
f 792 793 677
f 793 794 678
f 795 769 768
f 796 770 769
f 797 775 770
f 799 771 772
f 800 772 773
f 801 773 774
f 1211 774 1185
f 781 780 755
f 781 756 782
f 782 757 783
f 783 758 798
f 786 780 782
f 781 782 780
f 786 782 800
f 782 783 798
f 785 760 784
f 786 761 790
f 786 784 759
f 785 787 762
f 787 788 763
f 788 789 765
f 789 791 764
f 790 766 780
f 794 795 768
f 795 796 769
f 796 797 770
f 786 788 785
f 786 785 784
f 785 788 787
f 788 791 789
f 786 793 788
f 786 790 780
f 788 793 791
f 791 793 792
f 793 795 794
f 793 797 795
f 786 800 793
f 795 797 796
f 793 805 797
f 798 771 799
f 799 772 800
f 801 800 773
f 801 774 1211
f 782 798 800
f 798 799 800
f 801 1211 800
f 802 776 775
f 803 777 776
f 804 778 777
f 805 779 778
f 806 1192 779
f 797 802 775
f 797 803 802
f 802 803 776
f 803 804 777
f 804 805 778
f 805 806 779
f 797 805 803
f 803 805 804
f 793 1224 805
f 805 1218 806
f 857 855 414
f 859 857 414
f 859 858 857
f 859 861 858
f 543 862 859
f 859 862 861
f 456 856 860
f 862 456 860
f 862 860 861
f 864 863 866
f 867 866 863
f 867 868 866
f 868 870 866
f 868 869 870
f 869 871 870
f 1212 1185 1186
f 1213 1186 1187
f 1214 1187 1188
f 1215 1188 1189
f 1216 1189 1190
f 1217 1190 1191
f 1211 1185 1212
f 1212 1186 1213
f 1213 1187 1214
f 1214 1188 1215
f 800 1211 1213
f 1211 1212 1213
f 800 1213 1217
f 800 1266 793
f 1213 1214 1215
f 1215 1189 1216
f 1216 1190 1217
f 1217 1191 1225
f 1213 1215 1217
f 1215 1216 1217
f 800 1217 1266
f 1218 1193 1192
f 1219 1194 1193
f 1220 1195 1194
f 1221 1196 1195
f 1222 1197 1196
f 1223 1198 1197
f 806 1218 1192
f 1218 1219 1193
f 1219 1220 1194
f 1220 1221 1195
f 805 1220 1218
f 1218 1220 1219
f 805 1224 1220
f 1220 1222 1221
f 1221 1222 1196
f 1222 1223 1197
f 1223 1224 1198
f 1220 1224 1222
f 1222 1224 1223
f 1225 1191 1199
f 1226 1199 1200
f 1227 1200 1201
f 1228 1201 1202
f 1229 1202 1203
f 1230 1203 1204
f 1225 1199 1226
f 1226 1200 1227
f 1227 1201 1228
f 1217 1225 1226
f 1217 1226 1228
f 1226 1227 1228
f 1228 1202 1229
f 1229 1203 1230
f 1230 1204 1265
f 1217 1228 1266
f 1228 1229 1230
f 1228 1230 1266
f 793 1266 1290
f 1224 1205 1198
f 1231 1206 1205
f 1232 1207 1206
f 1233 1208 1207
f 1234 1209 1208
f 1235 1210 1209
f 1224 1231 1205
f 1231 1232 1206
f 1232 1233 1207
f 793 1290 1224
f 1224 1232 1231
f 1224 1234 1232
f 1232 1234 1233
f 1233 1234 1208
f 1234 1235 1209
f 1235 1236 1210
f 1224 1272 1234
f 1234 1236 1235
f 1234 1272 1236
f 1184 1264 1514
f 1265 1204 1237
f 1266 1237 1238
f 1267 1238 1239
f 1268 1239 1240
f 1269 1240 1241
f 1270 1241 1242
f 1277 1242 1249
f 1265 1237 1266
f 1266 1238 1267
f 1267 1239 1268
f 1230 1265 1266
f 1266 1267 1268
f 1268 1240 1269
f 1269 1241 1270
f 1270 1242 1277
f 1266 1268 1270
f 1268 1269 1270
f 1266 1270 1280
f 1236 1243 1210
f 1271 1244 1243
f 1272 1245 1244
f 1273 1246 1245
f 1274 1247 1246
f 1275 1248 1247
f 1276 1260 1248
f 1236 1271 1243
f 1271 1272 1244
f 1272 1273 1245
f 1236 1272 1271
f 1224 1290 1272
f 1272 1274 1273
f 1273 1274 1246
f 1274 1275 1247
f 1275 1276 1248
f 1272 1276 1274
f 1274 1276 1275
f 1272 1290 1276
f 1278 1249 1250
f 1279 1250 1251
f 1280 1251 1252
f 1281 1252 1253
f 1282 1253 1254
f 1283 1254 1255
f 1284 1255 1256
f 1285 1256 1257
f 1286 1257 1258
f 1307 1258 1259
f 1277 1249 1278
f 1278 1250 1279
f 1279 1251 1280
f 1270 1277 1278
f 1270 1278 1280
f 1278 1279 1280
f 1280 1252 1281
f 1266 1280 1290
f 1281 1253 1282
f 1282 1254 1283
f 1283 1255 1284
f 1284 1256 1285
f 1285 1257 1286
f 1286 1258 1307
f 1280 1281 1282
f 1280 1282 1284
f 1282 1283 1284
f 1284 1285 1286
f 1284 1286 1308
f 1287 1261 1260
f 1288 1262 1261
f 1289 1263 1262
f 1290 1264 1263
f 1290 1514 1264
f 1276 1287 1260
f 1287 1288 1261
f 1288 1289 1262
f 1289 1290 1263
f 1276 1288 1287
f 1276 1290 1288
f 1288 1290 1289
f 1280 1284 1655
f 1183 1291 1259
f 1304 1296 1609
f 1305 1298 1297
f 1313 1302 1619
f 1308 1291 1292
f 1309 1292 1293
f 1310 1293 1294
f 1310 1294 1295
f 1307 1259 1291
f 1310 1295 1303
f 1314 1297 1300
f 1311 1305 1297
f 1299 1306 1638
f 1307 1291 1308
f 1308 1292 1309
f 1309 1293 1310
f 1286 1307 1308
f 1310 1303 1304
f 1310 1304 1635
f 1311 1297 1314
f 1311 1306 1305
f 1311 1638 1306
f 1314 1300 1301
f 1314 1301 1312
f 1314 1312 1313
f 1314 1313 1665
f 1184 1514 1346
f 1347 1516 1348
f 1354 1353 1549
f 1427 863 1331
f 1428 1331 1332
f 1430 1332 1333
f 1431 1333 1334
f 1432 1334 1335
f 1433 1335 1336
f 1456 1336 1337
f 1457 1337 1338
f 1458 1338 1339
f 1459 1339 1340
f 1460 1340 1341
f 1468 1341 1342
f 1469 1342 1343
f 1470 1343 1344
f 1471 1344 1345
f 1562 1345 1349
f 867 863 1427
f 1427 1331 1428
f 1429 1356 1355
f 1442 1355 1364
f 1428 1332 1430
f 1430 1333 1431
f 1432 1431 1334
f 1432 1335 1433
f 1433 1336 1456
f 1434 1357 1356
f 1435 1358 1357
f 1436 1359 1358
f 1437 1360 1359
f 1438 1361 1360
f 1439 1362 1361
f 1440 1363 1362
f 867 1427 1428
f 1429 1355 1442
f 867 1442 868
f 867 1429 1442
f 868 1442 869
f 867 1434 1429
f 867 1435 1434
f 867 1436 1435
f 867 1437 1436
f 867 1438 1437
f 867 1439 1438
f 867 1428 1466
f 867 1441 1440
f 1428 1430 1431
f 867 1461 1441
f 1433 1428 1431
f 1432 1433 1431
f 1433 1459 1428
f 1429 1434 1356
f 1434 1435 1357
f 1435 1436 1358
f 1436 1437 1359
f 1437 1438 1360
f 1438 1439 1361
f 1439 1440 1362
f 1440 1441 1363
f 867 1440 1439
f 867 1462 1461
f 867 1463 1462
f 867 1464 1463
f 867 1465 1464
f 867 1466 1465
f 1443 1365 1607
f 1444 1364 1366
f 1445 1366 1367
f 1446 1367 1368
f 1447 1368 1369
f 1443 1370 1365
f 1448 1371 1370
f 1449 1376 1371
f 1450 1369 1372
f 1451 1372 1373
f 1452 1373 1374
f 1453 1374 1375
f 1454 1377 1376
f 1455 1403 1377
f 1442 1364 1444
f 869 1442 1443
f 1442 1444 1443
f 869 1443 871
f 1444 1366 1445
f 1445 1367 1446
f 1446 1368 1447
f 1447 1369 1450
f 1443 1448 1370
f 1448 1449 1371
f 1450 1372 1451
f 1451 1373 1452
f 1452 1374 1453
f 1449 1454 1376
f 1454 1455 1377
f 1455 1490 1403
f 1444 1445 1443
f 1445 1446 1443
f 1443 1449 1448
f 1443 1455 1449
f 1449 1455 1454
f 1443 1497 1455
f 1456 1337 1457
f 1457 1338 1458
f 1458 1339 1459
f 1459 1340 1460
f 1441 1378 1363
f 1461 1379 1378
f 1462 1380 1379
f 1463 1381 1380
f 1464 1382 1381
f 1465 1383 1382
f 1466 1384 1383
f 1467 1385 1384
f 1460 1341 1468
f 1468 1342 1469
f 1469 1343 1470
f 1470 1344 1471
f 1471 1345 1562
f 1472 1386 1385
f 1473 1387 1386
f 1474 1388 1387
f 1475 1389 1388
f 1476 1390 1389
f 1477 1391 1390
f 1478 1392 1391
f 1479 1393 1392
f 1480 1394 1393
f 1481 1395 1394
f 1482 1396 1395
f 1483 1397 1396
f 1485 1399 1398
f 1486 1424 1399
f 1433 1456 1457
f 1433 1457 1459
f 1457 1458 1459
f 1428 1459 1564
f 1428 1564 1467
f 1459 1460 1468
f 1441 1461 1378
f 1461 1462 1379
f 1462 1463 1380
f 1463 1464 1381
f 1464 1465 1382
f 1465 1466 1383
f 1466 1467 1384
f 1467 1472 1385
f 1428 1467 1466
f 1459 1468 1470
f 1468 1469 1470
f 1459 1470 1564
f 1470 1471 1562
f 1472 1473 1386
f 1473 1474 1387
f 1474 1475 1388
f 1475 1476 1389
f 1476 1477 1390
f 1477 1478 1391
f 1478 1479 1392
f 1479 1480 1393
f 1480 1481 1394
f 1481 1482 1395
f 1482 1483 1396
f 1483 1484 1397
f 1486 1511 1424
f 1485 1486 1399
f 1467 1564 1472
f 1472 1564 1473
f 1473 1564 1474
f 1474 1564 1475
f 1475 1564 1476
f 1476 1564 1477
f 1477 1564 1478
f 1478 1564 1479
f 1479 1564 1480
f 1487 1375 1400
f 1488 1400 1401
f 1489 1401 1402
f 1493 1402 1406
f 1490 1404 1403
f 1491 1405 1404
f 1494 1406 1407
f 1495 1407 1408
f 1496 1408 1409
f 1499 1409 1412
f 1492 1410 1405
f 1497 1411 1410
f 1500 1412 1413
f 1503 1413 1416
f 1502 1414 1415
f 1501 1416 1414
f 1498 1417 1411
f 1504 1418 1417
f 1505 1425 1418
f 1506 1415 1419
f 1508 1419 1421
f 1507 1421 1420
f 1509 1420 1422
f 1510 1422 1423
f 1511 1423 1424
f 1512 1426 1425
f 1513 1535 1426
f 1453 1375 1487
f 1487 1400 1488
f 1488 1401 1489
f 1489 1402 1493
f 1490 1491 1404
f 1491 1492 1405
f 1493 1406 1494
f 1494 1407 1495
f 1495 1408 1496
f 1499 1496 1409
f 1492 1497 1410
f 1497 1498 1411
f 1446 1447 1584
f 1455 1491 1490
f 1443 1446 1584
f 1455 1497 1491
f 1491 1497 1492
f 1447 1450 1584
f 1450 1451 1584
f 1451 1452 1584
f 1443 1584 1497
f 1452 1453 1584
f 1453 1487 1584
f 1487 1488 1584
f 1497 1504 1498
f 1499 1412 1500
f 1500 1413 1503
f 1501 1414 1502
f 1502 1415 1506
f 1503 1416 1501
f 1498 1504 1417
f 1504 1505 1418
f 1508 1506 1419
f 1509 1507 1420
f 1507 1508 1421
f 1509 1422 1510
f 1511 1510 1423
f 1505 1512 1425
f 1512 1513 1426
f 1513 1582 1535
f 1488 1489 1584
f 1489 1493 1584
f 1493 1494 1584
f 1494 1495 1584
f 1495 1496 1584
f 1499 1584 1496
f 1497 1512 1504
f 1504 1512 1505
f 1499 1500 1584
f 1500 1503 1584
f 1503 1501 1584
f 1502 1506 1584
f 1501 1502 1584
f 1508 1584 1506
f 1509 1584 1507
f 1507 1584 1508
f 1497 1584 1512
f 1512 1582 1513
f 1515 1516 1347
f 1290 1515 1514
f 1290 1516 1515
f 1280 1655 1290
f 1290 1603 1516
f 1290 1655 1603
f 1563 1349 1350
f 1564 1350 1351
f 1564 1351 1352
f 1564 1352 1517
f 1353 1548 1549
f 1562 1349 1563
f 1563 1350 1564
f 1565 1517 1518
f 1566 1518 1519
f 1484 1520 1397
f 1567 1521 1520
f 1568 1522 1521
f 1569 1525 1522
f 1570 1524 1523
f 1571 1526 1524
f 1572 1523 1525
f 1573 1398 1526
f 1574 1519 1527
f 1575 1527 1528
f 1576 1528 1529
f 1577 1529 1530
f 1578 1530 1531
f 1579 1531 1532
f 1580 1532 1533
f 1581 1533 1534
f 1564 1517 1565
f 1565 1518 1566
f 1566 1519 1574
f 1470 1562 1564
f 1562 1563 1564
f 1564 1565 1566
f 1564 1566 1575
f 1484 1567 1520
f 1567 1568 1521
f 1568 1569 1522
f 1569 1572 1525
f 1572 1570 1523
f 1570 1571 1524
f 1571 1573 1526
f 1485 1398 1573
f 1480 1564 1481
f 1481 1564 1482
f 1564 1483 1482
f 1564 1484 1483
f 1564 1567 1484
f 1564 1568 1567
f 1564 1569 1568
f 1564 1572 1569
f 1564 1570 1572
f 1564 1571 1570
f 1564 1584 1571
f 1574 1527 1575
f 1575 1528 1576
f 1576 1529 1577
f 1577 1530 1578
f 1578 1531 1579
f 1579 1532 1580
f 1580 1533 1581
f 1581 1534 1595
f 1566 1574 1575
f 1564 1575 1579
f 1575 1576 1577
f 1575 1577 1579
f 1564 1579 1600
f 1564 1600 1584
f 1577 1578 1579
f 1579 1580 1581
f 1579 1581 1596
f 1582 1536 1535
f 1583 1537 1536
f 1584 1538 1537
f 1585 1539 1538
f 1586 1541 1539
f 1587 1543 1540
f 1588 1542 1541
f 1589 1540 1542
f 1590 1544 1543
f 1591 1546 1544
f 1594 1545 1547
f 1592 1560 1545
f 1593 1547 1546
f 1582 1583 1536
f 1583 1584 1537
f 1584 1585 1538
f 1586 1539 1585
f 1586 1588 1541
f 1486 1584 1511
f 1571 1584 1573
f 1485 1573 1584
f 1485 1584 1486
f 1509 1510 1584
f 1511 1584 1510
f 1512 1584 1582
f 1582 1584 1583
f 1584 1586 1585
f 1584 1589 1586
f 1587 1590 1543
f 1588 1589 1542
f 1587 1540 1589
f 1591 1544 1590
f 1591 1593 1546
f 1592 1545 1594
f 1593 1594 1547
f 1587 1589 1590
f 1584 1600 1593
f 1590 1589 1593
f 1586 1589 1588
f 1584 1593 1589
f 1591 1590 1593
f 1604 1592 1593
f 1593 1592 1594
f 1603 1548 1516
f 1603 1549 1548
f 1595 1534 1550
f 1596 1550 1551
f 1597 1551 1552
f 1598 1552 1553
f 1599 1553 1554
f 1600 1554 1555
f 1601 1555 1556
f 1606 1557 1561
f 1602 1556 1557
f 1603 1558 1549
f 1603 1643 1558
f 1595 1550 1596
f 1596 1551 1597
f 1597 1552 1598
f 1598 1553 1599
f 1599 1554 1600
f 1600 1555 1601
f 1602 1601 1556
f 1602 1557 1606
f 1581 1595 1596
f 1579 1596 1600
f 1596 1597 1598
f 1596 1598 1600
f 1598 1599 1600
f 1600 1601 1602
f 1600 1602 1604
f 1603 1655 1643
f 1605 1559 1560
f 1604 1561 1559
f 1604 1559 1605
f 1605 1560 1592
f 1604 1606 1561
f 1600 1604 1593
f 1604 1605 1592
f 1602 1606 1604
f 871 1607 870
f 1443 1607 1608
f 1443 1608 871
f 871 1608 1607
f 1636 1610 1611
f 1299 1638 1612
f 1613 1640 1614
f 1641 1615 1616
f 1617 1645 1618
f 1666 1620 1621
f 1668 1622 1623
f 1624 1625 1673
f 1609 1635 1304
f 1611 1637 1636
f 1639 1640 1613
f 1310 1635 1655
f 1284 1308 1655
f 1308 1309 1655
f 1309 1310 1655
f 1655 1635 1636
f 1655 1636 1637
f 1311 1639 1638
f 1311 1656 1639
f 1311 1314 1687
f 1656 1640 1639
f 1311 1657 1656
f 1311 1658 1657
f 1311 1687 1658
f 1641 1616 1642
f 1617 1644 1645
f 1655 1637 1641
f 1655 1641 1642
f 1655 1642 1643
f 1656 1644 1640
f 1656 1645 1644
f 1656 1646 1645
f 1656 1647 1646
f 1657 1648 1647
f 1656 1657 1647
f 1657 1658 1648
f 1658 1649 1648
f 1659 1650 1649
f 1660 1651 1650
f 1661 1652 1651
f 1662 1653 1652
f 1663 1654 1653
f 1658 1659 1649
f 1659 1660 1650
f 1660 1661 1651
f 1661 1662 1652
f 1662 1663 1653
f 1663 1664 1654
f 1658 1660 1659
f 1658 1662 1660
f 1660 1662 1661
f 1658 1695 1662
f 1662 1664 1663
f 1662 1695 1664
f 1619 1665 1313
f 1621 1667 1666
f 1314 1665 1666
f 1314 1666 1687
f 1687 1666 1667
f 1668 1623 1669
f 1691 1625 1626
f 1692 1626 1627
f 1693 1627 1628
f 1690 1673 1625
f 1701 1628 1629
f 1702 1629 1630
f 1703 1630 1631
f 1704 1631 1632
f 1705 1632 1633
f 1706 1633 1634
f 1687 1667 1668
f 1687 1668 1669
f 1687 1669 1670
f 1688 1670 1671
f 1689 1671 1672
f 1690 1672 1673
f 1690 1625 1691
f 1691 1626 1692
f 1692 1627 1693
f 1687 1670 1688
f 1688 1671 1689
f 1689 1672 1690
f 1687 1688 1689
f 1687 1689 1691
f 1658 1687 1702
f 1658 1702 1695
f 1689 1690 1691
f 1687 1691 1702
f 1691 1692 1693
f 1691 1693 1702
f 1664 1674 1654
f 1694 1675 1674
f 1695 1676 1675
f 1696 1677 1676
f 1697 1678 1677
f 1698 1679 1678
f 1699 1680 1679
f 1700 1681 1680
f 1664 1694 1674
f 1694 1695 1675
f 1695 1696 1676
f 1696 1697 1677
f 1664 1695 1694
f 1695 1697 1696
f 1695 1699 1697
f 1697 1698 1678
f 1698 1699 1679
f 1699 1700 1680
f 1700 1707 1681
f 1697 1699 1698
f 1695 1709 1699
f 1699 1707 1700
f 1701 1693 1628
f 1701 1629 1702
f 1702 1630 1703
f 1703 1631 1704
f 1704 1632 1705
f 1705 1633 1706
f 1701 1702 1693
f 1702 1703 1704
f 1702 1704 1706
f 1704 1705 1706
f 1702 1706 2020
f 1707 1682 1681
f 1708 1683 1682
f 1709 1684 1683
f 1710 1685 1684
f 1711 1686 1685
f 1712 1996 1686
f 1707 1708 1682
f 1708 1709 1683
f 1709 1710 1684
f 1699 1709 1707
f 1707 1709 1708
f 1695 2027 1709
f 1710 1711 1685
f 1709 1711 1710
f 1709 2023 1711
f 1711 1712 1686
f 1712 2023 1996
f 1711 2023 1712
f 2017 1634 1988
f 2018 1988 1989
f 2018 1989 1990
f 2018 1990 1991
f 1706 1634 2017
f 2017 1988 2018
f 2019 1991 1992
f 2020 1992 1993
f 2021 1993 1994
f 2022 1994 1995
f 2018 1991 2019
f 1706 2017 2018
f 1706 2018 2020
f 2018 2019 2020
f 1702 2082 1695
f 2019 1992 2020
f 2020 1993 2021
f 2021 1994 2022
f 2020 2021 2022
f 1702 2020 2034
f 2020 2022 2030
f 2023 1997 1996
f 2024 1998 1997
f 2025 1999 1998
f 2026 2000 1999
f 2027 2001 2000
f 2028 2010 2001
f 1695 2082 2027
f 2023 2024 1997
f 2024 2025 1998
f 2025 2026 1999
f 1709 2027 2023
f 2023 2025 2024
f 2023 2027 2025
f 2026 2027 2000
f 2027 2028 2001
f 2028 2037 2010
f 2025 2027 2026
f 2027 2037 2028
f 2029 1995 2002
f 2030 2002 2003
f 2031 2003 2004
f 2032 2004 2005
f 2033 2005 2006
f 2034 2006 2007
f 2035 2007 2008
f 2065 2008 2044
f 2022 1995 2029
f 2029 2002 2030
f 2030 2003 2031
f 2031 2004 2032
f 2022 2029 2030
f 2020 2030 2034
f 1702 2034 2082
f 2030 2031 2032
f 2032 2005 2033
f 2033 2006 2034
f 2034 2007 2035
f 2035 2008 2065
f 2030 2032 2034
f 2032 2033 2034
f 2034 2035 2065
f 2037 2011 2010
f 2038 2012 2011
f 2039 2009 2012
f 2036 2013 2009
f 2040 2014 2013
f 2041 2015 2014
f 2042 2016 2015
f 2043 2052 2016
f 2036 2009 2039
f 2027 2042 2039
f 2036 2039 2040
f 2037 2038 2011
f 2038 2039 2012
f 2027 2039 2037
f 2037 2039 2038
f 2036 2040 2013
f 2040 2041 2014
f 2041 2042 2015
f 2042 2043 2016
f 2039 2042 2040
f 2082 2042 2027
f 2040 2042 2041
f 2073 2043 2042
f 2066 2044 2045
f 2067 2045 2046
f 2068 2046 2047
f 2069 2047 2048
f 2070 2048 2049
f 2071 2049 2050
f 2072 2050 2051
f 2065 2044 2066
f 2066 2045 2067
f 2067 2046 2068
f 2068 2047 2069
f 2069 2048 2070
f 2070 2049 2071
f 2071 2050 2072
f 2034 2065 2067
f 2065 2066 2067
f 2034 2067 2071
f 2067 2068 2069
f 2034 2071 2082
f 2067 2069 2071
f 2069 2070 2071
f 2072 2051 2079
f 2071 2072 2079
f 2073 2053 2052
f 2074 2054 2053
f 2075 2055 2054
f 2076 2056 2055
f 2077 2057 2056
f 2078 2061 2057
f 2079 2051 2058
f 2080 2058 2059
f 2081 2059 2060
f 2084 2060 2063
f 2083 2064 2062
f 2082 2062 2061
f 2085 2063 2064
f 2073 2052 2043
f 2074 2075 2054
f 2073 2074 2053
f 2082 2061 2078
f 2076 2055 2075
f 2076 2077 2056
f 2078 2057 2077
f 2073 2042 2075
f 2082 2075 2042
f 2073 2075 2074
f 2076 2075 2077
f 2082 2077 2075
f 2082 2078 2077
f 2079 2058 2080
f 2080 2059 2081
f 2081 2060 2084
f 2085 2064 2083
f 2083 2062 2082
f 2084 2063 2085
f 2071 2079 2081
f 2071 2081 2082
f 2079 2080 2081
f 2081 2085 2082
f 2085 2083 2082
f 2081 2084 2085

