# https://github.com/mikedh/trimesh
v 0.60000002 0.60000002 0.00000000
v 0.00000000 0.60000002 0.60000002
v 0.60000002 0.00000000 0.60000002
v 0.00000000 0.60000002 4.40000010
v 0.60000002 0.00000000 4.40000010
v 0.60000002 0.60000002 5.00000000
v 1.85000002 25.89999962 5.00000000
v 2.29999995 25.89999962 5.00000000
v 2.29999995 26.05407143 5.00000000
v 2.36348248 26.01859665 5.00000000
v 2.49641657 25.96103096 5.00000000
v 2.42904830 25.98753929 5.00000000
v 1.85000002 25.89999962 5.50000000
v 2.29999995 25.89999962 5.50000000
v 2.29999995 26.05407143 5.50000000
v 2.36348248 26.01859665 5.50000000
v 2.49641657 25.96103096 5.50000000
v 2.42904830 25.98753929 5.50000000
v 0.19999985 29.62500000 4.59999990
v 0.19999985 29.97500038 4.59999990
v 0.19999985 32.22499847 4.59999990
v 0.19999985 32.57500076 4.59999990
v 0.19999985 34.82500076 4.59999990
v 1.85000002 29.62500000 4.59999990
v 1.85000002 29.97500038 4.59999990
v 2.29999995 29.62500000 4.59999990
v 2.29999995 29.97500038 4.59999990
v 0.60000002 29.62500000 5.00000000
v 0.60000002 29.97500038 5.00000000
v 0.60000002 32.22499847 5.00000000
v 0.60000002 32.57500076 5.00000000
v 0.60000002 34.82500076 5.00000000
v 1.85000002 29.62500000 5.00000000
v 1.85000002 29.97500038 5.00000000
v 2.29999995 26.39090347 5.00000000
v 2.33251238 26.37218857 5.00000000
v 2.37125587 26.35328484 5.00000000
v 2.41106439 26.33714867 5.00000000
v 2.45176768 26.32385254 5.00000000
v 2.49319124 26.31344986 5.00000000
v 2.29999995 27.60909653 5.00000000
v 2.33251238 27.62781143 5.00000000
v 2.29999995 28.04592896 5.00000000
v 2.37125587 27.64671516 5.00000000
v 2.41106439 27.66285133 5.00000000
v 2.45176768 27.67614746 5.00000000
v 2.49319124 27.68655014 5.00000000
v 2.36348248 28.08140373 5.00000000
v 2.42904830 28.11246109 5.00000000
v 2.49641657 28.13896942 5.00000000
v 2.29999995 29.62500000 5.00000000
v 2.29999995 29.97500038 5.00000000
v 1.85000002 26.57237816 5.50000000
v 1.85000002 27.52762032 5.50000000
v 2.29999995 26.39090347 5.50000000
v 2.33251238 26.37218857 5.50000000
v 2.37125587 26.35328484 5.50000000
v 2.41106439 26.33714867 5.50000000
v 2.45176768 26.32385254 5.50000000
v 2.49319124 26.31344986 5.50000000
v 2.29999995 27.60909653 5.50000000
v 2.33251238 27.62781143 5.50000000
v 2.29999995 28.04592896 5.50000000
v 2.37125587 27.64671516 5.50000000
v 2.41106439 27.66285133 5.50000000
v 2.45176768 27.67614746 5.50000000
v 2.49319124 27.68655014 5.50000000
v 2.36348248 28.08140373 5.50000000
v 2.42904830 28.11246109 5.50000000
v 2.49641657 28.13896942 5.50000000
v 1.85000002 31.10000038 5.00000000
v 2.29999995 31.10000038 5.00000000
v 1.85000002 31.10000038 5.50000000
v 2.29999995 31.10000038 5.50000000
v 2.56529903 25.93918610 5.00000000
v 2.63540053 25.92209625 5.00000000
v 2.70642114 25.90983772 5.00000000
v 2.77805662 25.90246201 5.00000000
v 2.84999990 25.89999962 5.00000000
v 2.92194343 25.90246201 5.00000000
v 2.99357891 25.90983772 5.00000000
v 3.06459928 25.92209625 5.00000000
v 3.13470101 25.93918610 5.00000000
v 3.20358348 25.96103096 5.00000000
v 3.27095175 25.98753929 5.00000000
v 3.33651757 26.01859665 5.00000000
v 3.40000010 26.05407143 5.00000000
v 3.46112728 26.09380913 5.00000000
v 3.51963758 26.13764381 5.00000000
v 3.57528043 26.18538475 5.00000000
v 3.62781739 26.23682785 5.00000000
v 2.56529903 25.93918610 5.50000000
v 2.63540053 25.92209625 5.50000000
v 2.70642114 25.90983772 5.50000000
v 2.77805662 25.90246201 5.50000000
v 2.84999990 25.89999962 5.50000000
v 2.92194343 25.90246201 5.50000000
v 2.99357891 25.90983772 5.50000000
v 3.06459928 25.92209625 5.50000000
v 3.13470101 25.93918610 5.50000000
v 3.20358348 25.96103096 5.50000000
v 3.27095175 25.98753929 5.50000000
v 3.33651757 26.01859665 5.50000000
v 3.40000010 26.05407143 5.50000000
v 3.46112728 26.09380913 5.50000000
v 3.51963758 26.13764381 5.50000000
v 3.57528043 26.18538475 5.50000000
v 3.62781739 26.23682785 5.50000000
v 2.53515792 26.30598831 5.00000000
v 2.57748795 26.30149841 5.00000000
v 2.61999989 26.29999924 5.00000000
v 2.66251206 26.30149841 5.00000000
v 2.70484209 26.30598831 5.00000000
v 2.74680877 26.31344986 5.00000000
v 2.78823233 26.32385254 5.00000000
v 2.53515792 27.69401169 5.00000000
v 2.57748795 27.69850159 5.00000000
v 2.61999989 27.70000076 5.00000000
v 2.56529903 28.16081429 5.00000000
v 2.63540053 28.17790222 5.00000000
v 2.66251206 27.69850159 5.00000000
v 2.70484209 27.69401169 5.00000000
v 2.74680877 27.68655014 5.00000000
v 2.78823233 27.67614746 5.00000000
v 2.70642114 28.19016075 5.00000000
v 2.77805662 28.19753838 5.00000000
v 2.82893562 26.33714867 5.00000000
v 2.86874413 26.35328484 5.00000000
v 2.90748763 26.37218857 5.00000000
v 2.94499993 26.39378166 5.00000000
v 2.98112059 26.41797066 5.00000000
v 3.01569486 26.44465256 5.00000000
v 3.04857469 26.47371292 5.00000000
v 3.07961941 26.50502586 5.00000000
v 3.10869598 26.53845787 5.00000000
v 2.82893562 27.66285133 5.00000000
v 2.86874413 27.64671516 5.00000000
v 2.94499993 27.60621834 5.00000000
v 2.90748763 27.62781143 5.00000000
v 2.84999990 28.20000076 5.00000000
v 2.92194343 28.19753838 5.00000000
v 2.98112059 27.58202934 5.00000000
v 3.01569486 27.55534744 5.00000000
v 3.04857469 27.52628708 5.00000000
v 3.07961941 27.49497414 5.00000000
v 3.10869598 27.46154213 5.00000000
v 2.99357891 28.19016075 5.00000000
v 3.06459928 28.17790222 5.00000000
v 3.13567972 26.57386780 5.00000000
v 3.16045523 26.61110115 5.00000000
v 3.18291640 26.64999962 5.00000000
v 3.20296717 26.69039726 5.00000000
v 3.22052169 26.73212242 5.00000000
v 3.23550463 26.77499199 5.00000000
v 3.20296717 27.30960274 5.00000000
v 3.24785185 26.81882668 5.00000000
v 3.25751042 26.86343765 5.00000000
v 3.26443911 26.90863228 5.00000000
v 3.26860833 26.95421791 5.00000000
v 3.26999998 27.00000000 5.00000000
v 3.26860833 27.04578209 5.00000000
v 3.22052169 27.26787758 5.00000000
v 3.23550463 27.22500801 5.00000000
v 3.25751042 27.13656235 5.00000000
v 3.24785185 27.18117332 5.00000000
v 3.26443911 27.09136772 5.00000000
v 3.13567972 27.42613220 5.00000000
v 3.16045523 27.38889885 5.00000000
v 3.18291640 27.35000038 5.00000000
v 3.13470101 28.16081429 5.00000000
v 3.20358348 28.13896942 5.00000000
v 3.27095175 28.11246109 5.00000000
v 3.33651757 28.08140373 5.00000000
v 3.40000010 28.04592896 5.00000000
v 3.67702389 26.29175186 5.00000000
v 3.72268867 26.34992409 5.00000000
v 3.46112728 28.00618935 5.00000000
v 3.51963758 27.96235657 5.00000000
v 3.57528043 27.91461563 5.00000000
v 3.62781739 27.86317253 5.00000000
v 3.67702389 27.80824852 5.00000000
v 3.72268867 27.75007629 5.00000000
v 2.53515792 26.30598831 5.50000000
v 2.57748795 26.30149841 5.50000000
v 2.61999989 26.29999924 5.50000000
v 2.66251206 26.30149841 5.50000000
v 2.70484209 26.30598831 5.50000000
v 2.74680877 26.31344986 5.50000000
v 2.78823233 26.32385254 5.50000000
v 2.53515792 27.69401169 5.50000000
v 2.57748795 27.69850159 5.50000000
v 2.61999989 27.70000076 5.50000000
v 2.56529903 28.16081429 5.50000000
v 2.63540053 28.17790222 5.50000000
v 2.66251206 27.69850159 5.50000000
v 2.70484209 27.69401169 5.50000000
v 2.74680877 27.68655014 5.50000000
v 2.78823233 27.67614746 5.50000000
v 2.70642114 28.19016075 5.50000000
v 2.77805662 28.19753838 5.50000000
v 2.82893562 26.33714867 5.50000000
v 2.86874413 26.35328484 5.50000000
v 2.90748763 26.37218857 5.50000000
v 2.94499993 26.39378166 5.50000000
v 2.98112059 26.41797066 5.50000000
v 3.01569486 26.44465256 5.50000000
v 3.04857469 26.47371292 5.50000000
v 3.07961941 26.50502586 5.50000000
v 3.10869598 26.53845787 5.50000000
v 2.82893562 27.66285133 5.50000000
v 2.86874413 27.64671516 5.50000000
v 2.94499993 27.60621834 5.50000000
v 2.90748763 27.62781143 5.50000000
v 2.84999990 28.20000076 5.50000000
v 2.92194343 28.19753838 5.50000000
v 2.98112059 27.58202934 5.50000000
v 3.01569486 27.55534744 5.50000000
v 3.04857469 27.52628708 5.50000000
v 3.07961941 27.49497414 5.50000000
v 3.10869598 27.46154213 5.50000000
v 2.99357891 28.19016075 5.50000000
v 3.06459928 28.17790222 5.50000000
v 3.13567972 26.57386780 5.50000000
v 3.16045523 26.61110115 5.50000000
v 3.18291640 26.64999962 5.50000000
v 3.20296717 26.69039726 5.50000000
v 3.22052169 26.73212242 5.50000000
v 3.23550463 26.77499199 5.50000000
v 3.20296717 27.30960274 5.50000000
v 3.24785185 26.81882668 5.50000000
v 3.25751042 26.86343765 5.50000000
v 3.26443911 26.90863228 5.50000000
v 3.26860833 26.95421791 5.50000000
v 3.26999998 27.00000000 5.50000000
v 3.26860833 27.04578209 5.50000000
v 3.22052169 27.26787758 5.50000000
v 3.23550463 27.22500801 5.50000000
v 3.25751042 27.13656235 5.50000000
v 3.24785185 27.18117332 5.50000000
v 3.26443911 27.09136772 5.50000000
v 3.13567972 27.42613220 5.50000000
v 3.16045523 27.38889885 5.50000000
v 3.18291640 27.35000038 5.50000000
v 3.13470101 28.16081429 5.50000000
v 3.20358348 28.13896942 5.50000000
v 3.27095175 28.11246109 5.50000000
v 3.33651757 28.08140373 5.50000000
v 3.40000010 28.04592896 5.50000000
v 3.67702389 26.29175186 5.50000000
v 3.72268867 26.34992409 5.50000000
v 3.46112728 28.00618935 5.50000000
v 3.51963758 27.96235657 5.50000000
v 3.57528043 27.91461563 5.50000000
v 3.62781739 27.86317253 5.50000000
v 3.67702389 27.80824852 5.50000000
v 3.72268867 27.75007629 5.50000000
v 3.76461649 26.41109467 5.00000000
v 3.80262804 26.47500038 5.00000000
v 3.83656001 26.54136848 5.00000000
v 3.86626744 26.60991478 5.00000000
v 3.89162326 26.68034554 5.00000000
v 3.91251850 26.75235748 5.00000000
v 3.92886376 26.82564545 5.00000000
v 3.94058943 26.89989471 5.00000000
v 3.94764471 26.97478676 5.00000000
v 3.95000005 27.04999924 5.00000000
v 3.94058943 27.20010567 5.00000000
v 3.92886376 27.27435303 5.00000000
v 3.94764471 27.12521362 5.00000000
v 3.76461649 27.68890572 5.00000000
v 3.80262804 27.62500000 5.00000000
v 3.83656001 27.55863190 5.00000000
v 3.86626744 27.49008560 5.00000000
v 3.89162326 27.41965485 5.00000000
v 3.91251850 27.34764099 5.00000000
v 4.40000010 26.95000076 5.00000000
v 4.40000010 27.45000076 5.00000000
v 3.76461649 26.41109467 5.50000000
v 3.80262804 26.47500038 5.50000000
v 3.83656001 26.54136848 5.50000000
v 3.86626744 26.60991478 5.50000000
v 3.89162326 26.68034554 5.50000000
v 3.91251850 26.75235748 5.50000000
v 3.92886376 26.82564545 5.50000000
v 3.94058943 26.89989471 5.50000000
v 3.94764471 26.97478676 5.50000000
v 3.95000005 27.04999924 5.50000000
v 3.94058943 27.20010567 5.50000000
v 3.92886376 27.27435303 5.50000000
v 3.94764471 27.12521362 5.50000000
v 3.76461649 27.68890572 5.50000000
v 3.80262804 27.62500000 5.50000000
v 3.83656001 27.55863190 5.50000000
v 3.86626744 27.49008560 5.50000000
v 3.89162326 27.41965485 5.50000000
v 3.91251850 27.34764099 5.50000000
v 4.40000010 26.95000076 5.50000000
v 4.40000010 27.45000076 5.50000000
v 5.77262735 26.20870399 5.00000000
v 5.84369946 26.16351318 5.00000000
v 5.91972256 26.12276268 5.00000000
v 6.00037146 26.08662605 5.00000000
v 6.08530140 26.05525589 5.00000000
v 6.17414808 26.02878571 5.00000000
v 5.77262735 26.20870399 5.50000000
v 5.84369946 26.16351318 5.50000000
v 5.91972256 26.12276268 5.50000000
v 6.00037146 26.08662605 5.50000000
v 6.08530140 26.05525589 5.50000000
v 6.17414808 26.02878571 5.50000000
v 6.26653099 26.00733376 5.00000000
v 6.36205482 25.99098778 5.00000000
v 6.46031046 25.97981834 5.00000000
v 6.56087685 25.97387505 5.00000000
v 6.66332388 25.97318268 5.00000000
v 6.76721287 25.97774315 5.00000000
v 6.87209845 25.98753548 5.00000000
v 6.97753143 26.00252151 5.00000000
v 7.08306122 26.02263641 5.00000000
v 7.18823481 26.04779243 5.00000000
v 7.29260254 26.07788086 5.00000000
v 7.39571714 26.11277580 5.00000000
v 7.49713755 26.15232658 5.00000000
v 6.26653099 26.00733376 5.50000000
v 6.36205482 25.99098778 5.50000000
v 6.46031046 25.97981834 5.50000000
v 6.56087685 25.97387505 5.50000000
v 6.66332388 25.97318268 5.50000000
v 6.76721287 25.97774315 5.50000000
v 6.87209845 25.98753548 5.50000000
v 6.97753143 26.00252151 5.50000000
v 7.08306122 26.02263641 5.50000000
v 7.18823481 26.04779243 5.50000000
v 7.29260254 26.07788086 5.50000000
v 7.39571714 26.11277580 5.50000000
v 7.49713755 26.15232658 5.50000000
v 5.16081333 27.45000076 5.00000000
v 5.39807701 26.77765846 5.00000000
v 5.41381836 26.70320511 5.00000000
v 5.43635130 26.63087845 5.00000000
v 5.46558046 26.56098938 5.00000000
v 5.38919592 26.85392189 5.00000000
v 5.38721228 26.93166542 5.00000000
v 5.38835621 26.95000076 5.00000000
v 5.50137997 26.49383545 5.00000000
v 5.54359722 26.42970657 5.00000000
v 5.59205055 26.36887550 5.00000000
v 5.54122019 27.45000076 5.00000000
v 5.56347227 27.48896790 5.00000000
v 5.61451912 27.56635475 5.00000000
v 5.64653349 26.31160545 5.00000000
v 5.70681143 26.25813675 5.00000000
v 5.67149878 27.64216995 5.00000000
v 5.73416758 27.71609306 5.00000000
v 5.80225658 27.78780746 5.00000000
v 5.87547445 27.85700226 5.00000000
v 5.95350790 27.92338562 5.00000000
v 6.03602266 27.98667145 5.00000000
v 6.12266493 28.04658699 5.00000000
v 6.21306419 28.10287857 5.00000000
v 5.39807701 26.77765846 5.50000000
v 5.41381836 26.70320511 5.50000000
v 5.43635130 26.63087845 5.50000000
v 5.46558046 26.56098938 5.50000000
v 5.38919592 26.85392189 5.50000000
v 5.38721228 26.93166542 5.50000000
v 5.38835621 26.95000076 5.50000000
v 5.50137997 26.49383545 5.50000000
v 5.54359722 26.42970657 5.50000000
v 5.59205055 26.36887550 5.50000000
v 5.54122019 27.45000076 5.50000000
v 5.56347227 27.48896790 5.50000000
v 5.61451912 27.56635475 5.50000000
v 5.64653349 26.31160545 5.50000000
v 5.70681143 26.25813675 5.50000000
v 5.67149878 27.64216995 5.50000000
v 5.73416758 27.71609306 5.50000000
v 5.80225658 27.78780746 5.50000000
v 5.87547445 27.85700226 5.50000000
v 5.95350790 27.92338562 5.50000000
v 6.03602266 27.98667145 5.50000000
v 6.12266493 28.04658699 5.50000000
v 6.21306419 28.10287857 5.50000000
v 6.30683374 28.15530396 5.00000000
v 6.40357113 28.20363808 5.00000000
v 6.50286245 28.24767494 5.00000000
v 6.60428286 28.28722382 5.00000000
v 6.70739746 28.32211876 5.00000000
v 6.81176519 28.35220909 5.00000000
v 6.91693878 28.37736320 5.00000000
v 7.02246857 28.39747810 5.00000000
v 7.12790155 28.41246414 5.00000000
v 7.23278713 28.42225838 5.00000000
v 7.33667612 28.42681885 5.00000000
v 7.43912315 28.42612457 5.00000000
v 6.30683374 28.15530396 5.50000000
v 6.40357113 28.20363808 5.50000000
v 6.50286245 28.24767494 5.50000000
v 6.60428286 28.28722382 5.50000000
v 6.70739746 28.32211876 5.50000000
v 6.81176519 28.35220909 5.50000000
v 6.91693878 28.37736320 5.50000000
v 7.02246857 28.39747810 5.50000000
v 7.12790155 28.41246414 5.50000000
v 7.23278713 28.42225838 5.50000000
v 7.33667612 28.42681885 5.50000000
v 7.43912315 28.42612457 5.50000000
v 7.59642887 26.19636154 5.00000000
v 7.69316626 26.24469566 5.00000000
v 7.59642887 26.19636154 5.50000000
v 7.69316626 26.24469566 5.50000000
v 8.11294460 29.62500000 4.59999990
v 8.11294460 29.97500038 4.59999990
v 8.61294460 29.62500000 4.59999990
v 8.61294460 29.97500038 4.59999990
v 8.11294460 32.22499847 4.59999990
v 8.11294460 32.57500076 4.59999990
v 8.11294460 34.82500076 4.59999990
v 8.61294460 32.22499847 4.59999990
v 8.61294460 32.57500076 4.59999990
v 8.61294460 34.82500076 4.59999990
v 9.38705540 29.62500000 4.59999990
v 9.38705540 29.97500038 4.59999990
v 9.88705540 29.62500000 4.59999990
v 9.88705540 29.97500038 4.59999990
v 9.38705540 32.22499847 4.59999990
v 9.38705540 32.57500076 4.59999990
v 9.88705540 32.22499847 4.59999990
v 9.88705540 32.57500076 4.59999990
v 9.38705540 34.82500076 4.59999990
v 9.88705540 34.82500076 4.59999990
v 7.78693581 26.29712105 5.00000000
v 7.53968954 28.42018127 5.00000000
v 7.63794518 28.40901184 5.00000000
v 7.73346901 28.39266586 5.00000000
v 7.87733507 26.35341263 5.00000000
v 7.96397734 26.41332817 5.00000000
v 8.04649258 26.47661400 5.00000000
v 8.12452507 26.54299736 5.00000000
v 7.82585192 28.37121391 5.00000000
v 7.91469860 28.34474564 5.00000000
v 7.99962854 28.31337547 5.00000000
v 8.08027744 28.27723694 5.00000000
v 8.11294460 28.25972557 5.00000000
v 8.11294460 29.62500000 5.00000000
v 8.11294460 29.97500038 5.00000000
v 8.19774342 26.61219215 5.00000000
v 8.26583290 26.68390656 5.00000000
v 8.32850075 26.75782967 5.00000000
v 8.38548088 26.83364677 5.00000000
v 8.43652821 26.91103172 5.00000000
v 8.45877934 26.95000076 5.00000000
v 8.61294460 27.45000076 5.00000000
v 8.61294460 29.62500000 5.00000000
v 8.61294460 29.97500038 5.00000000
v 7.78693581 26.29712105 5.50000000
v 7.53968954 28.42018127 5.50000000
v 7.63794518 28.40901184 5.50000000
v 7.73346901 28.39266586 5.50000000
v 7.87733507 26.35341263 5.50000000
v 7.96397734 26.41332817 5.50000000
v 8.04649258 26.47661400 5.50000000
v 8.12452507 26.54299736 5.50000000
v 7.82585192 28.37121391 5.50000000
v 7.91469860 28.34474564 5.50000000
v 7.99962854 28.31337547 5.50000000
v 8.08027744 28.27723694 5.50000000
v 8.11294460 28.25972557 5.50000000
v 8.19774342 26.61219215 5.50000000
v 8.26583290 26.68390656 5.50000000
v 8.32850075 26.75782967 5.50000000
v 8.38548088 26.83364677 5.50000000
v 8.43652821 26.91103172 5.50000000
v 8.45877934 26.95000076 5.50000000
v 8.61294460 27.45000076 5.50000000
v 8.11294460 32.22499847 5.00000000
v 8.11294460 32.57500076 5.00000000
v 8.11294460 34.82500076 5.00000000
v 8.61294460 32.22499847 5.00000000
v 8.61294460 32.57500076 5.00000000
v 8.61294460 34.82500076 5.00000000
v 9.60000038 26.95000076 5.00000000
v 9.38705540 27.79999924 5.00000000
v 9.60000038 27.45000076 5.00000000
v 9.88705540 27.79999924 5.00000000
v 9.38705540 29.62500000 5.00000000
v 9.38705540 29.97500038 5.00000000
v 9.88705540 29.62500000 5.00000000
v 9.88705540 29.97500038 5.00000000
v 9.60000038 26.95000076 5.50000000
v 9.38705540 27.79999924 5.50000000
v 9.60000038 27.45000076 5.50000000
v 9.88705540 27.79999924 5.50000000
v 9.38705540 32.22499847 5.00000000
v 9.38705540 32.57500076 5.00000000
v 9.88705540 32.22499847 5.00000000
v 9.88705540 32.57500076 5.00000000
v 9.38705540 34.82500076 5.00000000
v 9.88705540 34.82500076 5.00000000
v 0.60000002 69.40000153 0.00000000
v 0.00000000 69.40000153 0.60000002
v 0.60000002 70.00000000 0.60000002
v 0.19999985 35.17499924 4.59999990
v 0.19999985 37.42499924 4.59999990
v 0.19999985 37.77500153 4.59999990
v 0.19999985 40.02500153 4.59999990
v 0.19999985 40.37500000 4.59999990
v 0.60000002 35.17499924 5.00000000
v 0.60000002 37.42499924 5.00000000
v 0.60000002 37.77500153 5.00000000
v 0.60000002 40.02500153 5.00000000
v 0.60000002 40.37500000 5.00000000
v 0.00000000 69.40000153 4.40000010
v 0.60000002 70.00000000 4.40000010
v 0.60000002 69.40000153 5.00000000
v 5.84999990 35.00000000 4.59999990
v 5.84999990 35.17499924 4.59999990
v 5.84999990 37.42499924 4.59999990
v 5.84999990 37.77500153 4.59999990
v 5.84999990 40.02500153 4.59999990
v 5.84999990 40.20000076 4.59999990
v 6.30000019 35.00000000 4.59999990
v 6.30000019 35.15407181 4.59999990
v 6.36348248 35.11859512 4.59999990
v 6.42904806 35.08753967 4.59999990
v 6.49641657 35.06103134 4.59999990
v 6.56529903 35.03918457 4.59999990
v 6.63540077 35.02209854 4.59999990
v 6.70642138 35.00983810 4.59999990
v 6.77805662 35.00246048 4.59999990
v 6.84999990 35.00000000 4.59999990
v 6.30000019 37.42499924 4.59999990
v 6.30000019 37.77500153 4.59999990
v 6.92194366 35.00246048 4.59999990
v 6.99357891 35.00983810 4.59999990
v 7.06459951 35.02209854 4.59999990
v 7.13470078 35.03918457 4.59999990
v 7.20358324 35.06103134 4.59999990
v 7.27095175 35.08753967 4.59999990
v 7.33651733 35.11859512 4.59999990
v 7.40000010 35.15407181 4.59999990
v 7.43219185 35.17499924 4.59999990
v 6.30000019 40.02500153 4.59999990
v 6.30000019 40.20000076 4.59999990
v 5.84999990 35.17499924 5.00000000
v 5.84999990 37.42499924 5.00000000
v 5.84999990 37.77500153 5.00000000
v 5.84999990 35.00000000 5.50000000
v 5.84999990 35.67237854 5.50000000
v 5.84999990 36.62762070 5.50000000
v 5.84999990 40.02500153 5.00000000
v 5.84999990 40.20000076 5.50000000
v 6.30000019 35.49090576 5.00000000
v 6.33251238 35.47219086 5.00000000
v 6.37125587 35.45328522 5.00000000
v 6.41106415 35.43714905 5.00000000
v 6.45176744 35.42385101 5.00000000
v 6.49319124 35.41345215 5.00000000
v 6.53515816 35.40598679 5.00000000
v 6.30000019 36.70909500 5.00000000
v 6.30000019 37.14592743 5.00000000
v 6.33251238 36.72780991 5.00000000
v 6.37125587 36.74671555 5.00000000
v 6.36348248 37.18140411 5.00000000
v 6.41106415 36.76285172 5.00000000
v 6.45176744 36.77614975 5.00000000
v 6.49319124 36.78654861 5.00000000
v 6.53515816 36.79401016 5.00000000
v 6.57748795 35.40149689 5.00000000
v 6.61999989 35.40000153 5.00000000
v 6.66251183 35.40149689 5.00000000
v 6.70484209 35.40598679 5.00000000
v 6.74680853 35.41345215 5.00000000
v 6.78823233 35.42385101 5.00000000
v 6.82893562 35.43714905 5.00000000
v 6.86874437 35.45328522 5.00000000
v 6.57748795 36.79850006 5.00000000
v 6.61999989 36.79999924 5.00000000
v 6.66251183 36.79850006 5.00000000
v 6.70484209 36.79401016 5.00000000
v 6.74680853 36.78654861 5.00000000
v 6.78823233 36.77614975 5.00000000
v 6.82893562 36.76285172 5.00000000
v 6.86874437 36.74671555 5.00000000
v 6.30000019 37.42499924 5.00000000
v 6.30000019 37.77500153 5.00000000
v 6.42904806 37.21245956 5.00000000
v 6.49641657 37.23896790 5.00000000
v 6.56529903 37.26081467 5.00000000
v 6.63540077 37.27790451 5.00000000
v 6.70642138 37.29016113 5.00000000
v 6.77805662 37.29753876 5.00000000
v 6.84999990 37.29999924 5.00000000
v 6.90748787 35.47219086 5.00000000
v 6.94500017 35.49378204 5.00000000
v 6.98112059 35.51797104 5.00000000
v 7.01569510 35.54465103 5.00000000
v 7.04857492 35.57371140 5.00000000
v 7.07961941 35.60502625 5.00000000
v 7.10869598 35.63845825 5.00000000
v 7.13567972 35.67386627 5.00000000
v 7.16045523 35.71110153 5.00000000
v 7.18291664 35.75000000 5.00000000
v 6.90748787 36.72780991 5.00000000
v 6.94500017 36.70621872 5.00000000
v 6.98112059 36.68202972 5.00000000
v 7.01569510 36.65534592 5.00000000
v 7.04857492 36.62628937 5.00000000
v 7.07961941 36.59497452 5.00000000
v 7.10869598 36.56154251 5.00000000
v 7.13567972 36.52613449 5.00000000
v 7.16045523 36.48889923 5.00000000
v 7.18291664 36.45000076 5.00000000
v 7.20296717 35.79039764 5.00000000
v 7.22052193 35.83212280 5.00000000
v 7.23550463 35.87499237 5.00000000
v 7.24785185 35.91882706 5.00000000
v 7.25751066 35.96343613 5.00000000
v 7.26443911 36.00863266 5.00000000
v 7.26860809 36.05421829 5.00000000
v 7.43219185 35.17499924 5.00000000
v 7.46112728 35.19380951 5.00000000
v 7.26443911 36.19136810 5.00000000
v 7.23550463 36.32500839 5.00000000
v 7.25751066 36.23656464 5.00000000
v 7.24785185 36.28117371 5.00000000
v 7.20296717 36.40960312 5.00000000
v 7.22052193 36.36787796 5.00000000
v 7.26999998 36.09999847 5.00000000
v 7.26860809 36.14578247 5.00000000
v 7.33651733 37.18140411 5.00000000
v 7.40000010 37.14592743 5.00000000
v 7.46112728 37.10618973 5.00000000
v 6.92194366 37.29753876 5.00000000
v 6.99357891 37.29016113 5.00000000
v 7.06459951 37.27790451 5.00000000
v 7.13470078 37.26081467 5.00000000
v 7.20358324 37.23896790 5.00000000
v 7.27095175 37.21245956 5.00000000
v 6.30000019 35.00000000 5.50000000
v 6.30000019 35.15407181 5.50000000
v 6.30000019 35.49090576 5.50000000
v 6.36348248 35.11859512 5.50000000
v 6.33251238 35.47219086 5.50000000
v 6.37125587 35.45328522 5.50000000
v 6.42904806 35.08753967 5.50000000
v 6.41106415 35.43714905 5.50000000
v 6.45176744 35.42385101 5.50000000
v 6.49641657 35.06103134 5.50000000
v 6.49319124 35.41345215 5.50000000
v 6.53515816 35.40598679 5.50000000
v 6.30000019 36.70909500 5.50000000
v 6.30000019 37.14592743 5.50000000
v 6.33251238 36.72780991 5.50000000
v 6.37125587 36.74671555 5.50000000
v 6.36348248 37.18140411 5.50000000
v 6.41106415 36.76285172 5.50000000
v 6.45176744 36.77614975 5.50000000
v 6.49319124 36.78654861 5.50000000
v 6.53515816 36.79401016 5.50000000
v 6.56529903 35.03918457 5.50000000
v 6.63540077 35.02209854 5.50000000
v 6.57748795 35.40149689 5.50000000
v 6.61999989 35.40000153 5.50000000
v 6.70642138 35.00983810 5.50000000
v 6.66251183 35.40149689 5.50000000
v 6.70484209 35.40598679 5.50000000
v 6.77805662 35.00246048 5.50000000
v 6.74680853 35.41345215 5.50000000
v 6.78823233 35.42385101 5.50000000
v 6.84999990 35.00000000 5.50000000
v 6.82893562 35.43714905 5.50000000
v 6.86874437 35.45328522 5.50000000
v 6.57748795 36.79850006 5.50000000
v 6.61999989 36.79999924 5.50000000
v 6.66251183 36.79850006 5.50000000
v 6.70484209 36.79401016 5.50000000
v 6.74680853 36.78654861 5.50000000
v 6.78823233 36.77614975 5.50000000
v 6.82893562 36.76285172 5.50000000
v 6.86874437 36.74671555 5.50000000
v 6.42904806 37.21245956 5.50000000
v 6.49641657 37.23896790 5.50000000
v 6.56529903 37.26081467 5.50000000
v 6.63540077 37.27790451 5.50000000
v 6.70642138 37.29016113 5.50000000
v 6.77805662 37.29753876 5.50000000
v 6.84999990 37.29999924 5.50000000
v 6.92194366 35.00246048 5.50000000
v 6.90748787 35.47219086 5.50000000
v 6.94500017 35.49378204 5.50000000
v 6.99357891 35.00983810 5.50000000
v 6.98112059 35.51797104 5.50000000
v 7.01569510 35.54465103 5.50000000
v 7.06459951 35.02209854 5.50000000
v 7.13470078 35.03918457 5.50000000
v 7.04857492 35.57371140 5.50000000
v 7.07961941 35.60502625 5.50000000
v 7.10869598 35.63845825 5.50000000
v 7.13567972 35.67386627 5.50000000
v 7.16045523 35.71110153 5.50000000
v 7.18291664 35.75000000 5.50000000
v 6.90748787 36.72780991 5.50000000
v 6.94500017 36.70621872 5.50000000
v 6.98112059 36.68202972 5.50000000
v 7.01569510 36.65534592 5.50000000
v 7.04857492 36.62628937 5.50000000
v 7.07961941 36.59497452 5.50000000
v 7.10869598 36.56154251 5.50000000
v 7.13567972 36.52613449 5.50000000
v 7.16045523 36.48889923 5.50000000
v 7.18291664 36.45000076 5.50000000
v 7.20358324 35.06103134 5.50000000
v 7.27095175 35.08753967 5.50000000
v 7.33651733 35.11859512 5.50000000
v 7.20296717 35.79039764 5.50000000
v 7.22052193 35.83212280 5.50000000
v 7.23550463 35.87499237 5.50000000
v 7.24785185 35.91882706 5.50000000
v 7.25751066 35.96343613 5.50000000
v 7.26443911 36.00863266 5.50000000
v 7.26860809 36.05421829 5.50000000
v 7.40000010 35.15407181 5.50000000
v 7.46112728 35.19380951 5.50000000
v 7.26443911 36.19136810 5.50000000
v 7.23550463 36.32500839 5.50000000
v 7.25751066 36.23656464 5.50000000
v 7.24785185 36.28117371 5.50000000
v 7.20296717 36.40960312 5.50000000
v 7.22052193 36.36787796 5.50000000
v 7.26999998 36.09999847 5.50000000
v 7.26860809 36.14578247 5.50000000
v 7.33651733 37.18140411 5.50000000
v 7.40000010 37.14592743 5.50000000
v 7.46112728 37.10618973 5.50000000
v 6.92194366 37.29753876 5.50000000
v 6.99357891 37.29016113 5.50000000
v 7.06459951 37.27790451 5.50000000
v 7.13470078 37.26081467 5.50000000
v 7.20358324 37.23896790 5.50000000
v 7.27095175 37.21245956 5.50000000
v 6.30000019 40.02500153 5.00000000
v 6.30000019 40.20000076 5.50000000
v 8.11294460 35.17499924 4.59999990
v 8.61294460 35.17499924 4.59999990
v 9.38705540 35.17499924 4.59999990
v 9.88705540 35.17499924 4.59999990
v 7.51963758 35.23764420 5.00000000
v 7.57528019 35.28538513 5.00000000
v 7.62781763 35.33682632 5.00000000
v 7.67702389 35.39175415 5.00000000
v 7.72268867 35.44992447 5.00000000
v 7.76461649 35.51109314 5.00000000
v 7.80262804 35.57500076 5.00000000
v 7.51963758 37.06235504 5.00000000
v 7.57528019 37.01461411 5.00000000
v 7.62781763 36.96317291 5.00000000
v 7.67702389 36.90824890 5.00000000
v 7.72268867 36.85007477 5.00000000
v 7.76461649 36.78890610 5.00000000
v 7.80262804 36.72499847 5.00000000
v 7.83656025 35.64136887 5.00000000
v 7.86626768 35.70991516 5.00000000
v 7.89162302 35.78034592 5.00000000
v 7.91251850 35.85235977 5.00000000
v 7.92886400 35.92564774 5.00000000
v 7.94058943 35.99989319 5.00000000
v 7.94764471 36.07478714 5.00000000
v 8.11294460 35.17499924 5.00000000
v 8.11294460 35.50000000 5.00000000
v 7.86626768 36.59008408 5.00000000
v 7.94764471 36.22521210 5.00000000
v 7.94999981 36.15000153 5.00000000
v 7.94058943 36.30010605 5.00000000
v 7.92886400 36.37435532 5.00000000
v 7.91251850 36.44764328 5.00000000
v 7.89162302 36.51965714 5.00000000
v 7.83656025 36.65863037 5.00000000
v 8.61294460 35.17499924 5.00000000
v 8.61294460 35.50000000 5.00000000
v 7.51963758 35.23764420 5.50000000
v 7.57528019 35.28538513 5.50000000
v 7.62781763 35.33682632 5.50000000
v 7.67702389 35.39175415 5.50000000
v 7.72268867 35.44992447 5.50000000
v 7.76461649 35.51109314 5.50000000
v 7.80262804 35.57500076 5.50000000
v 7.51963758 37.06235504 5.50000000
v 7.57528019 37.01461411 5.50000000
v 7.62781763 36.96317291 5.50000000
v 7.67702389 36.90824890 5.50000000
v 7.72268867 36.85007477 5.50000000
v 7.76461649 36.78890610 5.50000000
v 7.80262804 36.72499847 5.50000000
v 7.83656025 35.64136887 5.50000000
v 7.86626768 35.70991516 5.50000000
v 7.89162302 35.78034592 5.50000000
v 7.91251850 35.85235977 5.50000000
v 7.92886400 35.92564774 5.50000000
v 7.94058943 35.99989319 5.50000000
v 7.94764471 36.07478714 5.50000000
v 8.11294460 35.50000000 5.50000000
v 7.86626768 36.59008408 5.50000000
v 7.94764471 36.22521210 5.50000000
v 7.94999981 36.15000153 5.50000000
v 7.94058943 36.30010605 5.50000000
v 7.92886400 36.37435532 5.50000000
v 7.91251850 36.44764328 5.50000000
v 7.89162302 36.51965714 5.50000000
v 7.83656025 36.65863037 5.50000000
v 8.61294460 35.50000000 5.50000000
v 9.38705540 35.17499924 5.00000000
v 9.38705540 36.29999924 5.00000000
v 9.43193436 36.29999924 5.00000000
v 9.44798183 36.35073853 5.00000000
v 9.48002529 36.43082047 5.00000000
v 9.51857662 36.51034546 5.00000000
v 9.56347179 36.58897018 5.00000000
v 9.61451912 36.66635513 5.00000000
v 9.67149925 36.74217224 5.00000000
v 9.88705540 35.17499924 5.00000000
v 9.88705540 35.24027252 5.00000000
v 9.91972256 35.22276306 5.00000000
v 9.73416710 36.81609344 5.00000000
v 9.80225658 36.88780594 5.00000000
v 9.87547493 36.95700455 5.00000000
v 9.95350742 37.02338409 5.00000000
v 9.38705540 36.29999924 5.50000000
v 9.43193436 36.29999924 5.50000000
v 9.44798183 36.35073853 5.50000000
v 9.48002529 36.43082047 5.50000000
v 9.51857662 36.51034546 5.50000000
v 9.56347179 36.58897018 5.50000000
v 9.61451912 36.66635513 5.50000000
v 9.67149925 36.74217224 5.50000000
v 9.88705540 35.24027252 5.50000000
v 9.91972256 35.22276306 5.50000000
v 9.73416710 36.81609344 5.50000000
v 9.80225658 36.88780594 5.50000000
v 9.87547493 36.95700455 5.50000000
v 9.95350742 37.02338409 5.50000000
v 9.85000038 44.09999847 5.00000000
v 9.85000038 44.09999847 5.50000000
v 9.85000038 44.77238083 5.50000000
v 9.85000038 45.72761917 5.50000000
v 9.85000038 49.29999924 5.00000000
v 9.85000038 49.29999924 5.50000000
v 5.60602665 58.88737869 4.59999990
v 5.28970051 59.96759415 4.59999990
v 5.22524643 60.42287827 4.59999990
v 5.20675755 60.65311432 4.59999990
v 5.25291824 60.19416809 4.59999990
v 5.19750118 60.88426971 4.59999990
v 5.19750118 61.11573029 4.59999990
v 5.39018106 59.52322388 4.59999990
v 5.45361423 59.30660629 4.59999990
v 5.33549500 59.74374771 4.59999990
v 5.52562618 59.09447098 4.59999990
v 5.69460344 58.68587112 4.59999990
v 5.79112101 58.49048996 4.59999990
v 5.89532518 58.30174637 4.59999990
v 6.12566900 57.94615555 4.59999990
v 6.00693941 58.12014008 4.59999990
v 7.45707655 56.79152679 4.59999990
v 6.25119972 57.78025055 4.59999990
v 6.38319921 57.62285995 4.59999990
v 6.52131844 57.47440720 4.59999990
v 6.66519213 57.33528137 4.59999990
v 6.81443930 57.20584869 4.59999990
v 6.55502510 60.26584244 4.59999990
v 6.53190470 60.42696381 4.59999990
v 6.51451111 60.58960342 4.59999990
v 6.50288963 60.75332642 4.59999990
v 6.49707127 60.91770172 4.59999990
v 6.49707127 61.08229828 4.59999990
v 6.50288963 61.24667358 4.59999990
v 6.58380985 60.10666275 4.59999990
v 6.61818409 59.94984818 4.59999990
v 6.65805626 59.79581070 4.59999990
v 6.70332098 59.64495850 4.59999990
v 6.75385857 59.49769211 4.59999990
v 6.87020350 59.21545792 4.59999990
v 6.80953550 59.35439682 4.59999990
v 6.96866512 57.08645630 4.59999990
v 7.12746191 56.97741699 4.59999990
v 7.00586081 58.95209885 4.59999990
v 7.08049107 58.82837677 4.59999990
v 7.15939569 58.71039963 4.59999990
v 7.29040956 56.87902069 4.59999990
v 7.32918501 58.49291229 4.59999990
v 7.24236727 58.59848022 4.59999990
v 7.41961956 58.39397812 4.59999990
v 6.93570328 59.08124161 4.59999990
v 5.60602665 58.88737869 5.00000000
v 5.28970051 59.96759415 5.00000000
v 5.22524643 60.42287827 5.00000000
v 5.20675755 60.65311432 5.00000000
v 5.25291824 60.19416809 5.00000000
v 5.19750118 60.88426971 5.00000000
v 5.19750118 61.11573029 5.00000000
v 5.39018106 59.52322388 5.00000000
v 5.45361423 59.30660629 5.00000000
v 5.33549500 59.74374771 5.00000000
v 5.52562618 59.09447098 5.00000000
v 5.69460344 58.68587112 5.00000000
v 5.79112101 58.49048996 5.00000000
v 5.89532518 58.30174637 5.00000000
v 6.12566900 57.94615555 5.00000000
v 6.00693941 58.12014008 5.00000000
v 7.45707655 56.79152679 5.00000000
v 6.25119972 57.78025055 5.00000000
v 6.38319921 57.62285995 5.00000000
v 6.52131844 57.47440720 5.00000000
v 6.66519213 57.33528137 5.00000000
v 6.81443930 57.20584869 5.00000000
v 6.55502510 60.26584244 5.00000000
v 6.53190470 60.42696381 5.00000000
v 6.51451111 60.58960342 5.00000000
v 6.50288963 60.75332642 5.00000000
v 6.49707127 60.91770172 5.00000000
v 6.49707127 61.08229828 5.00000000
v 6.50288963 61.24667358 5.00000000
v 6.58380985 60.10666275 5.00000000
v 6.61818409 59.94984818 5.00000000
v 6.65805626 59.79581070 5.00000000
v 6.70332098 59.64495850 5.00000000
v 6.75385857 59.49769211 5.00000000
v 6.87020350 59.21545792 5.00000000
v 6.80953550 59.35439682 5.00000000
v 6.96866512 57.08645630 5.00000000
v 7.12746191 56.97741699 5.00000000
v 7.00586081 58.95209885 5.00000000
v 7.08049107 58.82837677 5.00000000
v 7.15939569 58.71039963 5.00000000
v 7.29040956 56.87902069 5.00000000
v 7.32918501 58.49291229 5.00000000
v 7.24236727 58.59848022 5.00000000
v 7.41961956 58.39397812 5.00000000
v 6.93570328 59.08124161 5.00000000
v 5.20675755 61.34688568 4.59999990
v 5.22524643 61.57712173 4.59999990
v 5.25291824 61.80583191 4.59999990
v 5.28970051 62.03240585 4.59999990
v 5.33549500 62.25625229 4.59999990
v 5.39018106 62.47677612 4.59999990
v 5.45361423 62.69339371 4.59999990
v 5.52562618 62.90552902 4.59999990
v 5.60602665 63.11262131 4.59999990
v 5.69460344 63.31412888 4.59999990
v 5.79112101 63.50951004 4.59999990
v 5.89532518 63.69825363 4.59999990
v 6.00693941 63.87985992 4.59999990
v 6.12566900 64.05384064 4.59999990
v 6.51451111 61.41039658 4.59999990
v 6.53190470 61.57303619 4.59999990
v 6.55502510 61.73415756 4.59999990
v 6.58380985 61.89333725 4.59999990
v 6.61818409 62.05015182 4.59999990
v 6.65805626 62.20418930 4.59999990
v 6.70332098 62.35504150 4.59999990
v 6.75385857 62.50230789 4.59999990
v 6.80953550 62.64560318 4.59999990
v 6.87020350 62.78454208 4.59999990
v 6.25119972 64.21974945 4.59999990
v 6.38319921 64.37713623 4.59999990
v 6.52131844 64.52559662 4.59999990
v 6.66519213 64.66471863 4.59999990
v 6.81443930 64.79415131 4.59999990
v 6.93570328 62.91875839 4.59999990
v 7.00586081 63.04790115 4.59999990
v 7.08049107 63.17162323 4.59999990
v 7.15939569 63.28960037 4.59999990
v 7.24236727 63.40151978 4.59999990
v 6.96866512 64.91354370 4.59999990
v 7.12746191 65.02258301 4.59999990
v 7.32918501 63.50708771 4.59999990
v 7.41961956 63.60602188 4.59999990
v 7.29040956 65.12097931 4.59999990
v 7.45707655 65.20847321 4.59999990
v 5.20675755 61.34688568 5.00000000
v 5.22524643 61.57712173 5.00000000
v 5.25291824 61.80583191 5.00000000
v 5.28970051 62.03240585 5.00000000
v 5.33549500 62.25625229 5.00000000
v 5.39018106 62.47677612 5.00000000
v 5.45361423 62.69339371 5.00000000
v 5.52562618 62.90552902 5.00000000
v 5.60602665 63.11262131 5.00000000
v 5.69460344 63.31412888 5.00000000
v 5.79112101 63.50951004 5.00000000
v 5.89532518 63.69825363 5.00000000
v 6.00693941 63.87985992 5.00000000
v 6.12566900 64.05384064 5.00000000
v 6.51451111 61.41039658 5.00000000
v 6.53190470 61.57303619 5.00000000
v 6.55502510 61.73415756 5.00000000
v 6.58380985 61.89333725 5.00000000
v 6.61818409 62.05015182 5.00000000
v 6.65805626 62.20418930 5.00000000
v 6.70332098 62.35504150 5.00000000
v 6.75385857 62.50230789 5.00000000
v 6.80953550 62.64560318 5.00000000
v 6.87020350 62.78454208 5.00000000
v 6.25119972 64.21974945 5.00000000
v 6.38319921 64.37713623 5.00000000
v 6.52131844 64.52559662 5.00000000
v 6.66519213 64.66471863 5.00000000
v 6.81443930 64.79415131 5.00000000
v 6.93570328 62.91875839 5.00000000
v 7.00586081 63.04790115 5.00000000
v 7.08049107 63.17162323 5.00000000
v 7.15939569 63.28960037 5.00000000
v 7.24236727 63.40151978 5.00000000
v 6.96866512 64.91354370 5.00000000
v 7.12746191 65.02258301 5.00000000
v 7.32918501 63.50708771 5.00000000
v 7.41961956 63.60602188 5.00000000
v 7.29040956 65.12097931 5.00000000
v 7.45707655 65.20847321 5.00000000
v 7.62702227 56.71516418 4.59999990
v 7.79979658 56.65013885 4.59999990
v 7.97494316 56.59662247 4.59999990
v 8.15199852 56.55475616 4.59999990
v 8.33049393 56.52465057 4.59999990
v 8.50995731 56.50638580 4.59999990
v 8.68991280 56.50000763 4.59999990
v 7.51343203 58.30193710 4.59999990
v 7.61037445 58.21703720 4.59999990
v 7.71018934 58.13949585 4.59999990
v 8.02419853 57.95300674 4.59999990
v 7.81261349 58.06952667 4.59999990
v 7.91737556 58.00730515 4.59999990
v 8.13280010 57.90676498 4.59999990
v 8.24289227 57.86870956 4.59999990
v 8.35418415 57.83893967 4.59999990
v 8.46638107 57.81753159 4.59999990
v 8.57918644 57.80454254 4.59999990
v 8.69230175 57.80000687 4.59999990
v 8.86988640 56.50553513 4.59999990
v 9.04940033 56.52295303 4.59999990
v 9.22798061 56.55221558 4.59999990
v 9.40515423 56.59324646 4.59999990
v 9.58045292 56.64593506 4.59999990
v 9.75341225 56.71014404 4.59999990
v 9.92357445 56.78569794 4.59999990
v 8.80542755 57.80393600 4.59999990
v 8.91826534 57.81632233 4.59999990
v 9.03051567 57.83713150 4.59999990
v 9.14188194 57.86631012 4.59999990
v 9.25206947 57.90377426 4.59999990
v 9.36078644 57.94943619 4.59999990
v 9.46774578 58.00316238 4.59999990
v 9.57266426 58.06482315 4.59999990
v 9.67526436 58.13424683 4.59999990
v 9.77527523 58.21125031 4.59999990
v 9.87243080 58.29563522 4.59999990
v 9.96647549 58.38717270 4.59999990
v 7.62702227 56.71516418 5.00000000
v 7.79979658 56.65013885 5.00000000
v 7.97494316 56.59662247 5.00000000
v 8.15199852 56.55475616 5.00000000
v 8.33049393 56.52465057 5.00000000
v 8.50995731 56.50638580 5.00000000
v 8.68991280 56.50000763 5.00000000
v 7.51343203 58.30193710 5.00000000
v 7.61037445 58.21703720 5.00000000
v 7.71018934 58.13949585 5.00000000
v 8.02419853 57.95300674 5.00000000
v 7.81261349 58.06952667 5.00000000
v 7.91737556 58.00730515 5.00000000
v 8.13280010 57.90676498 5.00000000
v 8.24289227 57.86870956 5.00000000
v 8.35418415 57.83893967 5.00000000
v 8.46638107 57.81753159 5.00000000
v 8.57918644 57.80454254 5.00000000
v 8.69230175 57.80000687 5.00000000
v 8.86988640 56.50553513 5.00000000
v 9.04940033 56.52295303 5.00000000
v 9.22798061 56.55221558 5.00000000
v 9.40515423 56.59324646 5.00000000
v 9.58045292 56.64593506 5.00000000
v 9.75341225 56.71014404 5.00000000
v 9.92357445 56.78569794 5.00000000
v 8.80542755 57.80393600 5.00000000
v 8.91826534 57.81632233 5.00000000
v 9.03051567 57.83713150 5.00000000
v 9.14188194 57.86631012 5.00000000
v 9.25206947 57.90377426 5.00000000
v 9.36078644 57.94943619 5.00000000
v 9.46774578 58.00316238 5.00000000
v 9.57266426 58.06482315 5.00000000
v 9.67526436 58.13424683 5.00000000
v 9.77527523 58.21125031 5.00000000
v 9.87243080 58.29563522 5.00000000
v 9.96647549 58.38717270 5.00000000
v 7.51343203 63.69806290 4.59999990
v 7.61037445 63.78296280 4.59999990
v 7.71018934 63.86050415 4.59999990
v 7.62702227 65.28483582 4.59999990
v 7.79979658 65.34986115 4.59999990
v 7.81261349 63.93047333 4.59999990
v 7.91737556 63.99269485 4.59999990
v 8.02419853 64.04699707 4.59999990
v 7.97494316 65.40337372 4.59999990
v 8.13280010 64.09323120 4.59999990
v 8.24289227 64.13128662 4.59999990
v 8.35418415 64.16106415 4.59999990
v 8.15199852 65.44524384 4.59999990
v 8.33049393 65.47534943 4.59999990
v 8.46638107 64.18247223 4.59999990
v 8.57918644 64.19545746 4.59999990
v 8.69230175 64.19999695 4.59999990
v 8.50995731 65.49361420 4.59999990
v 8.68991280 65.49999237 4.59999990
v 8.80542755 64.19606018 4.59999990
v 8.91826534 64.18367767 4.59999990
v 9.03051567 64.16287231 4.59999990
v 8.86988640 65.49446106 4.59999990
v 9.04940033 65.47704315 4.59999990
v 9.14188194 64.13368988 4.59999990
v 9.25206947 64.09622192 4.59999990
v 9.36078644 64.05056763 4.59999990
v 9.22798061 65.44778442 4.59999990
v 9.46774578 63.99683762 4.59999990
v 9.57266426 63.93517685 4.59999990
v 9.67526436 63.86575317 4.59999990
v 9.40515423 65.40675354 4.59999990
v 9.58045292 65.35406494 4.59999990
v 9.77527523 63.78874969 4.59999990
v 9.87243080 63.70436478 4.59999990
v 9.96647549 63.61282730 4.59999990
v 9.75341225 65.28985596 4.59999990
v 9.92357445 65.21430206 4.59999990
v 7.51343203 63.69806290 5.00000000
v 7.61037445 63.78296280 5.00000000
v 7.71018934 63.86050415 5.00000000
v 7.62702227 65.28483582 5.00000000
v 7.79979658 65.34986115 5.00000000
v 7.81261349 63.93047333 5.00000000
v 7.91737556 63.99269485 5.00000000
v 8.02419853 64.04699707 5.00000000
v 7.97494316 65.40337372 5.00000000
v 8.13280010 64.09323120 5.00000000
v 8.24289227 64.13128662 5.00000000
v 8.35418415 64.16106415 5.00000000
v 8.15199852 65.44524384 5.00000000
v 8.33049393 65.47534943 5.00000000
v 8.46638107 64.18247223 5.00000000
v 8.57918644 64.19545746 5.00000000
v 8.69230175 64.19999695 5.00000000
v 8.50995731 65.49361420 5.00000000
v 8.68991280 65.49999237 5.00000000
v 8.80542755 64.19606018 5.00000000
v 8.91826534 64.18367767 5.00000000
v 9.03051567 64.16287231 5.00000000
v 8.86988640 65.49446106 5.00000000
v 9.04940033 65.47704315 5.00000000
v 9.14188194 64.13368988 5.00000000
v 9.25206947 64.09622192 5.00000000
v 9.36078644 64.05056763 5.00000000
v 9.22798061 65.44778442 5.00000000
v 9.46774578 63.99683762 5.00000000
v 9.57266426 63.93517685 5.00000000
v 9.67526436 63.86575317 5.00000000
v 9.40515423 65.40675354 5.00000000
v 9.58045292 65.35406494 5.00000000
v 9.77527523 63.78874969 5.00000000
v 9.87243080 63.70436478 5.00000000
v 9.96647549 63.61282730 5.00000000
v 9.75341225 65.28985596 5.00000000
v 9.92357445 65.21430206 5.00000000
v 19.39999962 0.60000002 0.00000000
v 19.39999962 0.00000000 0.60000002
v 20.00000000 0.60000002 0.60000002
v 19.39999962 0.00000000 4.40000010
v 20.00000000 0.60000002 4.40000010
v 19.39999962 0.60000002 5.00000000
v 19.79999924 29.62500000 4.59999990
v 19.79999924 29.97500038 4.59999990
v 19.79999924 32.22499847 4.59999990
v 19.79999924 32.57500076 4.59999990
v 19.79999924 34.82500076 4.59999990
v 19.39999962 29.62500000 5.00000000
v 19.39999962 29.97500038 5.00000000
v 19.39999962 32.22499847 5.00000000
v 19.39999962 32.57500076 5.00000000
v 19.39999962 34.82500076 5.00000000
v 19.39999962 69.40000153 0.00000000
v 19.39999962 70.00000000 0.60000002
v 20.00000000 69.40000153 0.60000002
v 10.03184891 35.17499924 4.59999990
v 10.08530140 35.15525436 4.59999990
v 10.17414761 35.12878799 4.59999990
v 10.26653099 35.10733414 4.59999990
v 10.36205482 35.09098816 4.59999990
v 10.46030998 35.07981873 4.59999990
v 10.56087685 35.07387543 4.59999990
v 10.66332436 35.07318115 4.59999990
v 10.76721287 35.07774353 4.59999990
v 10.87209797 35.08753586 4.59999990
v 10.97753143 35.10252380 4.59999990
v 11.08306122 35.12263489 4.59999990
v 11.18823433 35.14779282 4.59999990
v 10.71738720 37.42499924 4.59999990
v 10.81176567 37.45220947 4.59999990
v 10.91693878 37.47736359 4.59999990
v 11.02246857 37.49747849 4.59999990
v 11.12790203 37.51246262 4.59999990
v 11.23278713 37.52225876 4.59999990
v 11.28261185 35.17499924 4.59999990
v 11.33667564 37.52681732 4.59999990
v 11.43912315 37.52612305 4.59999990
v 11.53969002 37.52017975 4.59999990
v 11.63794518 37.50901413 4.59999990
v 11.73346901 37.49266815 4.59999990
v 11.82585239 37.47121429 4.59999990
v 11.91469860 37.44474411 4.59999990
v 11.96815777 37.42499924 4.59999990
v 10.00037193 35.18662643 5.00000000
v 10.03184891 35.17499924 5.00000000
v 10.03602219 37.08666992 5.00000000
v 10.12266541 37.14658737 5.00000000
v 10.21306419 37.20287704 5.00000000
v 10.30683327 37.25530243 5.00000000
v 10.40357113 37.30363846 5.00000000
v 10.50286198 37.34767532 5.00000000
v 10.60428238 37.38722610 5.00000000
v 10.71738720 37.42499924 5.00000000
v 10.70739746 37.42211914 5.00000000
v 10.00037193 35.18662643 5.50000000
v 10.08530140 35.15525436 5.50000000
v 10.17414761 35.12878799 5.50000000
v 10.26653099 35.10733414 5.50000000
v 10.03602219 37.08666992 5.50000000
v 10.12266541 37.14658737 5.50000000
v 10.36205482 35.09098816 5.50000000
v 10.46030998 35.07981873 5.50000000
v 10.56087685 35.07387543 5.50000000
v 10.21306419 37.20287704 5.50000000
v 10.30683327 37.25530243 5.50000000
v 10.40357113 37.30363846 5.50000000
v 10.50286198 37.34767532 5.50000000
v 10.60428238 37.38722610 5.50000000
v 10.66332436 35.07318115 5.50000000
v 10.76721287 35.07774353 5.50000000
v 10.87209797 35.08753586 5.50000000
v 10.97753143 35.10252380 5.50000000
v 11.08306122 35.12263489 5.50000000
v 11.18823433 35.14779282 5.50000000
v 10.70739746 37.42211914 5.50000000
v 10.81176567 37.45220947 5.50000000
v 10.91693878 37.47736359 5.50000000
v 11.02246857 37.49747849 5.50000000
v 11.12790203 37.51246262 5.50000000
v 11.23278713 37.52225876 5.50000000
v 11.28261185 35.17499924 5.00000000
v 11.29260254 35.17787933 5.00000000
v 11.39571762 35.21277618 5.00000000
v 11.49713802 35.25232697 5.00000000
v 11.59642887 35.29636383 5.00000000
v 11.69316673 35.34469604 5.00000000
v 11.78693581 35.39712143 5.00000000
v 11.87733459 35.45341110 5.00000000
v 11.96397781 35.51332855 5.00000000
v 12.04649258 35.57661438 5.00000000
v 12.12452507 35.64299774 5.00000000
v 12.19774342 35.71219254 5.00000000
v 12.26583290 35.78390503 5.00000000
v 12.32850075 35.85783005 5.00000000
v 12.38548088 35.93364716 5.00000000
v 12.43652821 36.01103210 5.00000000
v 12.48142338 36.08965302 5.00000000
v 12.40794945 37.13112259 5.00000000
v 12.45640278 37.07029343 5.00000000
v 12.49862003 37.00616455 5.00000000
v 11.96815777 37.42499924 5.00000000
v 11.99962807 37.41337585 5.00000000
v 12.08027744 37.37723541 5.00000000
v 12.15630054 37.33648682 5.00000000
v 12.22737217 37.29129791 5.00000000
v 12.29318810 37.24186325 5.00000000
v 12.35346699 37.18839645 5.00000000
v 11.29260254 35.17787933 5.50000000
v 11.39571762 35.21277618 5.50000000
v 11.49713802 35.25232697 5.50000000
v 11.59642887 35.29636383 5.50000000
v 11.69316673 35.34469604 5.50000000
v 11.78693581 35.39712143 5.50000000
v 11.33667564 37.52681732 5.50000000
v 11.43912315 37.52612305 5.50000000
v 11.53969002 37.52017975 5.50000000
v 11.63794518 37.50901413 5.50000000
v 11.73346901 37.49266815 5.50000000
v 11.82585239 37.47121429 5.50000000
v 11.87733459 35.45341110 5.50000000
v 11.96397781 35.51332855 5.50000000
v 12.04649258 35.57661438 5.50000000
v 12.12452507 35.64299774 5.50000000
v 12.19774342 35.71219254 5.50000000
v 12.26583290 35.78390503 5.50000000
v 12.32850075 35.85783005 5.50000000
v 12.38548088 35.93364716 5.50000000
v 12.43652821 36.01103210 5.50000000
v 12.48142338 36.08965302 5.50000000
v 12.40794945 37.13112259 5.50000000
v 12.45640278 37.07029343 5.50000000
v 12.49862003 37.00616455 5.50000000
v 11.91469860 37.44474411 5.50000000
v 11.99962807 37.41337585 5.50000000
v 12.08027744 37.37723541 5.50000000
v 12.15630054 37.33648682 5.50000000
v 12.22737217 37.29129791 5.50000000
v 12.29318810 37.24186325 5.50000000
v 12.35346699 37.18839645 5.50000000
v 12.39999962 42.54999924 5.00000000
v 12.39999962 43.04999924 5.00000000
v 12.39999962 42.54999924 5.50000000
v 12.39999962 43.04999924 5.50000000
v 10.30000019 44.09999847 5.00000000
v 10.30000019 44.25407028 5.00000000
v 10.30000019 44.59090424 5.00000000
v 10.30000019 45.80909729 5.00000000
v 10.36348248 44.21859741 5.00000000
v 10.42904854 44.18753815 5.00000000
v 10.37125587 44.55328369 5.00000000
v 10.33251190 44.57218933 5.00000000
v 10.41106415 44.53714752 5.00000000
v 10.45176792 44.52385330 5.00000000
v 10.49641705 44.16102982 5.00000000
v 10.56529903 44.13918686 5.00000000
v 10.49319172 44.51345062 5.00000000
v 10.53515816 44.50598907 5.00000000
v 10.57748795 44.50149918 5.00000000
v 10.61999989 44.50000000 5.00000000
v 10.33251190 45.82781219 5.00000000
v 10.37125587 45.84671402 5.00000000
v 10.41106415 45.86285019 5.00000000
v 10.45176792 45.87614822 5.00000000
v 10.49319172 45.88655090 5.00000000
v 10.53515816 45.89401245 5.00000000
v 10.57748795 45.89850235 5.00000000
v 10.61999989 45.90000153 5.00000000
v 10.30000019 46.24592972 5.00000000
v 10.36348248 46.28140259 5.00000000
v 10.42904854 46.31246185 5.00000000
v 10.49641705 46.33897018 5.00000000
v 10.56529903 46.36081314 5.00000000
v 10.63540077 44.12209702 5.00000000
v 10.70642090 44.10983658 5.00000000
v 10.77805614 44.10246277 5.00000000
v 10.66251183 44.50149918 5.00000000
v 10.70484161 44.50598907 5.00000000
v 10.74680901 44.51345062 5.00000000
v 10.85000038 44.09999847 5.00000000
v 10.92194366 44.10246277 5.00000000
v 10.78823280 44.52385330 5.00000000
v 10.82893562 44.53714752 5.00000000
v 10.86874390 44.55328369 5.00000000
v 10.90748787 44.57218933 5.00000000
v 10.66251183 45.89850235 5.00000000
v 10.70484161 45.89401245 5.00000000
v 10.74680901 45.88655090 5.00000000
v 10.78823280 45.87614822 5.00000000
v 10.82893562 45.86285019 5.00000000
v 10.86874390 45.84671402 5.00000000
v 10.90748787 45.82781219 5.00000000
v 10.99357891 44.10983658 5.00000000
v 11.06459904 44.12209702 5.00000000
v 10.94499969 44.59378052 5.00000000
v 10.98112106 44.61796951 5.00000000
v 11.01569462 44.64465332 5.00000000
v 11.04857445 44.67371368 5.00000000
v 11.07961941 44.70502472 5.00000000
v 11.13470078 44.13918686 5.00000000
v 11.20358372 44.16102982 5.00000000
v 11.10869598 44.73845673 5.00000000
v 11.13567924 44.77386856 5.00000000
v 11.16045570 44.81110001 5.00000000
v 10.94499969 45.80621719 5.00000000
v 10.98112106 45.78202820 5.00000000
v 11.01569462 45.75534821 5.00000000
v 11.04857445 45.72628784 5.00000000
v 11.07961941 45.69497299 5.00000000
v 11.18291664 44.84999847 5.00000000
v 11.20296764 44.89039612 5.00000000
v 11.22052193 44.93212128 5.00000000
v 11.23550415 44.97499084 5.00000000
v 11.24785137 45.01882553 5.00000000
v 11.24785137 45.38117218 5.00000000
v 11.10869598 45.66154099 5.00000000
v 11.13567924 45.62613297 5.00000000
v 11.16045570 45.58889771 5.00000000
v 11.20296764 45.50960159 5.00000000
v 11.18291664 45.54999924 5.00000000
v 11.22052193 45.46788025 5.00000000
v 11.23550415 45.42500687 5.00000000
v 10.63540077 46.37790298 5.00000000
v 10.70642090 46.39016342 5.00000000
v 10.77805614 46.39753723 5.00000000
v 10.85000038 46.40000153 5.00000000
v 10.92194366 46.39753723 5.00000000
v 10.99357891 46.39016342 5.00000000
v 11.06459904 46.37790298 5.00000000
v 11.13470078 46.36081314 5.00000000
v 11.20358372 46.33897018 5.00000000
v 10.30000019 44.09999847 5.50000000
v 10.30000019 44.25407028 5.50000000
v 10.30000019 44.59090424 5.50000000
v 10.30000019 45.80909729 5.50000000
v 10.36348248 44.21859741 5.50000000
v 10.42904854 44.18753815 5.50000000
v 10.37125587 44.55328369 5.50000000
v 10.33251190 44.57218933 5.50000000
v 10.41106415 44.53714752 5.50000000
v 10.45176792 44.52385330 5.50000000
v 10.49641705 44.16102982 5.50000000
v 10.56529903 44.13918686 5.50000000
v 10.49319172 44.51345062 5.50000000
v 10.53515816 44.50598907 5.50000000
v 10.57748795 44.50149918 5.50000000
v 10.61999989 44.50000000 5.50000000
v 10.33251190 45.82781219 5.50000000
v 10.37125587 45.84671402 5.50000000
v 10.41106415 45.86285019 5.50000000
v 10.45176792 45.87614822 5.50000000
v 10.49319172 45.88655090 5.50000000
v 10.53515816 45.89401245 5.50000000
v 10.57748795 45.89850235 5.50000000
v 10.61999989 45.90000153 5.50000000
v 10.30000019 46.24592972 5.50000000
v 10.36348248 46.28140259 5.50000000
v 10.42904854 46.31246185 5.50000000
v 10.49641705 46.33897018 5.50000000
v 10.56529903 46.36081314 5.50000000
v 10.63540077 44.12209702 5.50000000
v 10.70642090 44.10983658 5.50000000
v 10.77805614 44.10246277 5.50000000
v 10.66251183 44.50149918 5.50000000
v 10.70484161 44.50598907 5.50000000
v 10.74680901 44.51345062 5.50000000
v 10.85000038 44.09999847 5.50000000
v 10.92194366 44.10246277 5.50000000
v 10.78823280 44.52385330 5.50000000
v 10.82893562 44.53714752 5.50000000
v 10.86874390 44.55328369 5.50000000
v 10.90748787 44.57218933 5.50000000
v 10.66251183 45.89850235 5.50000000
v 10.70484161 45.89401245 5.50000000
v 10.74680901 45.88655090 5.50000000
v 10.78823280 45.87614822 5.50000000
v 10.82893562 45.86285019 5.50000000
v 10.86874390 45.84671402 5.50000000
v 10.90748787 45.82781219 5.50000000
v 10.99357891 44.10983658 5.50000000
v 11.06459904 44.12209702 5.50000000
v 10.94499969 44.59378052 5.50000000
v 10.98112106 44.61796951 5.50000000
v 11.01569462 44.64465332 5.50000000
v 11.04857445 44.67371368 5.50000000
v 11.07961941 44.70502472 5.50000000
v 11.13470078 44.13918686 5.50000000
v 11.20358372 44.16102982 5.50000000
v 11.10869598 44.73845673 5.50000000
v 11.13567924 44.77386856 5.50000000
v 11.16045570 44.81110001 5.50000000
v 10.94499969 45.80621719 5.50000000
v 10.98112106 45.78202820 5.50000000
v 11.01569462 45.75534821 5.50000000
v 11.04857445 45.72628784 5.50000000
v 11.07961941 45.69497299 5.50000000
v 11.18291664 44.84999847 5.50000000
v 11.20296764 44.89039612 5.50000000
v 11.22052193 44.93212128 5.50000000
v 11.23550415 44.97499084 5.50000000
v 11.24785137 45.01882553 5.50000000
v 11.24785137 45.38117218 5.50000000
v 11.10869598 45.66154099 5.50000000
v 11.13567924 45.62613297 5.50000000
v 11.16045570 45.58889771 5.50000000
v 11.20296764 45.50960159 5.50000000
v 11.18291664 45.54999924 5.50000000
v 11.22052193 45.46788025 5.50000000
v 11.23550415 45.42500687 5.50000000
v 10.63540077 46.37790298 5.50000000
v 10.70642090 46.39016342 5.50000000
v 10.77805614 46.39753723 5.50000000
v 10.85000038 46.40000153 5.50000000
v 10.92194366 46.39753723 5.50000000
v 10.99357891 46.39016342 5.50000000
v 11.06459904 46.37790298 5.50000000
v 11.13470078 46.36081314 5.50000000
v 11.20358372 46.33897018 5.50000000
v 10.30000019 49.29999924 5.00000000
v 10.30000019 49.29999924 5.50000000
v 11.27095222 44.18753815 5.00000000
v 11.33651733 44.21859741 5.00000000
v 11.39999962 44.25407028 5.00000000
v 11.46112728 44.29381180 5.00000000
v 11.51963711 44.33764267 5.00000000
v 11.25751019 45.06343842 5.00000000
v 11.26443958 45.10863113 5.00000000
v 11.26860809 45.15421677 5.00000000
v 11.26860809 45.24578094 5.00000000
v 11.27000046 45.20000076 5.00000000
v 11.26443958 45.29136658 5.00000000
v 11.25751019 45.33656311 5.00000000
v 11.57528019 44.38538361 5.00000000
v 11.62781715 44.43682861 5.00000000
v 11.67702389 44.49175262 5.00000000
v 11.72268867 44.54992294 5.00000000
v 11.76461697 44.61109543 5.00000000
v 11.80262756 44.67499924 5.00000000
v 11.83656025 44.74136734 5.00000000
v 11.86626720 44.80991364 5.00000000
v 11.76461697 45.88890457 5.00000000
v 11.80262756 45.82500076 5.00000000
v 11.83656025 45.75863266 5.00000000
v 11.86626720 45.69008636 5.00000000
v 11.27095222 46.31246185 5.00000000
v 11.33651733 46.28140259 5.00000000
v 11.39999962 46.24592972 5.00000000
v 11.46112728 46.20618820 5.00000000
v 11.51963711 46.16235733 5.00000000
v 11.57528019 46.11461639 5.00000000
v 11.62781715 46.06317139 5.00000000
v 11.67702389 46.00824738 5.00000000
v 11.72268867 45.95007706 5.00000000
v 11.89162350 44.88034439 5.00000000
v 11.91251850 44.95235825 5.00000000
v 11.92886353 45.02564621 5.00000000
v 11.94058895 45.09989548 5.00000000
v 11.94764519 45.17478561 5.00000000
v 11.94999981 45.25000000 5.00000000
v 11.94764519 45.32521439 5.00000000
v 11.89162350 45.61965561 5.00000000
v 11.91251850 45.54764175 5.00000000
v 11.92886353 45.47435379 5.00000000
v 11.94058895 45.40010452 5.00000000
v 12.39999962 45.15000153 5.00000000
v 12.39999962 45.65000153 5.00000000
v 11.27095222 44.18753815 5.50000000
v 11.33651733 44.21859741 5.50000000
v 11.39999962 44.25407028 5.50000000
v 11.46112728 44.29381180 5.50000000
v 11.51963711 44.33764267 5.50000000
v 11.25751019 45.06343842 5.50000000
v 11.26443958 45.10863113 5.50000000
v 11.26860809 45.15421677 5.50000000
v 11.26860809 45.24578094 5.50000000
v 11.27000046 45.20000076 5.50000000
v 11.26443958 45.29136658 5.50000000
v 11.25751019 45.33656311 5.50000000
v 11.57528019 44.38538361 5.50000000
v 11.62781715 44.43682861 5.50000000
v 11.67702389 44.49175262 5.50000000
v 11.72268867 44.54992294 5.50000000
v 11.76461697 44.61109543 5.50000000
v 11.80262756 44.67499924 5.50000000
v 11.83656025 44.74136734 5.50000000
v 11.86626720 44.80991364 5.50000000
v 11.76461697 45.88890457 5.50000000
v 11.80262756 45.82500076 5.50000000
v 11.83656025 45.75863266 5.50000000
v 11.86626720 45.69008636 5.50000000
v 11.27095222 46.31246185 5.50000000
v 11.33651733 46.28140259 5.50000000
v 11.39999962 46.24592972 5.50000000
v 11.46112728 46.20618820 5.50000000
v 11.51963711 46.16235733 5.50000000
v 11.57528019 46.11461639 5.50000000
v 11.62781715 46.06317139 5.50000000
v 11.67702389 46.00824738 5.50000000
v 11.72268867 45.95007706 5.50000000
v 11.89162350 44.88034439 5.50000000
v 11.91251850 44.95235825 5.50000000
v 11.92886353 45.02564621 5.50000000
v 11.94058895 45.09989548 5.50000000
v 11.94764519 45.17478561 5.50000000
v 11.94999981 45.25000000 5.50000000
v 11.94764519 45.32521439 5.50000000
v 11.89162350 45.61965561 5.50000000
v 11.91251850 45.54764175 5.50000000
v 11.92886353 45.47435379 5.50000000
v 11.94058895 45.40010452 5.50000000
v 12.39999962 45.15000153 5.50000000
v 12.39999962 45.65000153 5.50000000
v 13.38705540 37.42499924 4.59999990
v 13.38705540 37.77500153 4.59999990
v 13.38705540 40.02500153 4.59999990
v 13.38705540 40.37500000 4.59999990
v 13.88705540 37.42499924 4.59999990
v 13.88705540 37.77500153 4.59999990
v 13.88705540 40.02500153 4.59999990
v 13.88705540 40.37500000 4.59999990
v 12.51997471 36.16917801 5.00000000
v 12.55201817 36.24925995 5.00000000
v 12.57741547 36.32956314 5.00000000
v 12.59605694 36.40973663 5.00000000
v 12.60786533 36.48944092 5.00000000
v 12.61278725 36.56833649 5.00000000
v 12.56364822 36.86912155 5.00000000
v 12.53441906 36.93901062 5.00000000
v 12.61080360 36.64608002 5.00000000
v 12.60192299 36.72233963 5.00000000
v 12.58618164 36.79679489 5.00000000
v 13.38705540 36.29999924 5.00000000
v 13.38705540 37.42499924 5.00000000
v 13.38705540 37.77500153 5.00000000
v 12.51997471 36.16917801 5.50000000
v 12.55201817 36.24925995 5.50000000
v 12.57741547 36.32956314 5.50000000
v 12.59605694 36.40973663 5.50000000
v 12.60786533 36.48944092 5.50000000
v 12.61278725 36.56833649 5.50000000
v 12.56364822 36.86912155 5.50000000
v 12.53441906 36.93901062 5.50000000
v 12.61080360 36.64608002 5.50000000
v 12.60192299 36.72233963 5.50000000
v 12.58618164 36.79679489 5.50000000
v 13.38705540 36.29999924 5.50000000
v 13.38705540 40.02500153 5.00000000
v 13.38705540 40.37500000 5.00000000
v 13.38705540 42.54999924 5.00000000
v 13.38705540 43.04999924 5.00000000
v 13.38705540 42.54999924 5.50000000
v 13.38705540 43.04999924 5.50000000
v 13.88705540 36.29999924 5.00000000
v 13.88705540 37.42499924 5.00000000
v 13.88705540 37.77500153 5.00000000
v 13.88705540 36.29999924 5.50000000
v 13.88705540 40.02500153 5.00000000
v 13.88705540 40.37500000 5.00000000
v 13.88705540 42.54999924 5.00000000
v 13.88705540 43.04999924 5.00000000
v 13.88705540 42.54999924 5.50000000
v 13.88705540 43.04999924 5.50000000
v 13.38705540 45.15000153 5.00000000
v 13.54122066 45.65000153 5.00000000
v 13.56347179 45.68896866 5.00000000
v 13.61451912 45.76635361 5.00000000
v 13.67149925 45.84217072 5.00000000
v 13.73416710 45.91609573 5.00000000
v 13.38705540 45.15000153 5.50000000
v 13.54122066 45.65000153 5.50000000
v 13.56347179 45.68896866 5.50000000
v 13.61451912 45.76635361 5.50000000
v 13.67149925 45.84217072 5.50000000
v 13.73416710 45.91609573 5.50000000
v 13.88705540 44.34027481 5.00000000
v 14.00037193 44.28662491 5.00000000
v 13.91972256 44.32276154 5.00000000
v 14.08530140 44.25525665 5.00000000
v 14.17414761 44.22878647 5.00000000
v 14.26653099 44.20733261 5.00000000
v 14.36205482 44.19098663 5.00000000
v 13.80225658 45.98780823 5.00000000
v 13.87547493 46.05700302 5.00000000
v 13.95350742 46.12338638 5.00000000
v 14.03602219 46.18667221 5.00000000
v 14.12266541 46.24658585 5.00000000
v 14.21306419 46.30287933 5.00000000
v 14.30683327 46.35530472 5.00000000
v 14.46030998 44.17981720 5.00000000
v 14.56087685 44.17387390 5.00000000
v 14.66332436 44.17318344 5.00000000
v 14.76721287 44.17774200 5.00000000
v 14.87209797 44.18753815 5.00000000
v 14.97753143 44.20252228 5.00000000
v 14.40357113 46.40363693 5.00000000
v 14.50286198 46.44767380 5.00000000
v 14.60428238 46.48722458 5.00000000
v 14.70739746 46.52211761 5.00000000
v 14.81176567 46.55220795 5.00000000
v 14.91693878 46.57736206 5.00000000
v 13.88705540 44.34027481 5.50000000
v 14.00037193 44.28662491 5.50000000
v 13.91972256 44.32276154 5.50000000
v 14.08530140 44.25525665 5.50000000
v 14.17414761 44.22878647 5.50000000
v 14.26653099 44.20733261 5.50000000
v 14.36205482 44.19098663 5.50000000
v 13.80225658 45.98780823 5.50000000
v 13.87547493 46.05700302 5.50000000
v 13.95350742 46.12338638 5.50000000
v 14.03602219 46.18667221 5.50000000
v 14.12266541 46.24658585 5.50000000
v 14.21306419 46.30287933 5.50000000
v 14.30683327 46.35530472 5.50000000
v 14.46030998 44.17981720 5.50000000
v 14.56087685 44.17387390 5.50000000
v 14.66332436 44.17318344 5.50000000
v 14.76721287 44.17774200 5.50000000
v 14.87209797 44.18753815 5.50000000
v 14.97753143 44.20252228 5.50000000
v 14.40357113 46.40363693 5.50000000
v 14.50286198 46.44767380 5.50000000
v 14.60428238 46.48722458 5.50000000
v 14.70739746 46.52211761 5.50000000
v 14.81176567 46.55220795 5.50000000
v 14.91693878 46.57736206 5.50000000
v 10.09049034 56.87240601 4.59999990
v 10.25371838 56.97003174 4.59999990
v 10.05715942 58.48562241 4.59999990
v 10.14424324 58.59072495 4.59999990
v 10.22749710 58.70220184 4.59999990
v 10.30669880 58.81975555 4.59999990
v 10.41282558 57.07831955 4.59999990
v 10.56739140 57.19698334 4.59999990
v 10.38164139 58.94308090 4.59999990
v 10.71700764 57.32571030 4.59999990
v 10.86127853 57.46415710 4.59999990
v 10.99982071 57.61195374 4.59999990
v 11.13226891 57.76871872 4.59999990
v 11.25827312 57.93403244 4.59999990
v 11.37749863 58.10745621 4.59999990
v 12.17749882 57.75000000 4.59999990
v 12.17749882 58.59047318 4.59999990
v 12.17749882 59.78452682 4.59999990
v 10.09049034 56.87240601 5.00000000
v 10.25371838 56.97003174 5.00000000
v 10.05715942 58.48562241 5.00000000
v 10.14424324 58.59072495 5.00000000
v 10.22749710 58.70220184 5.00000000
v 10.30669880 58.81975555 5.00000000
v 10.41282558 57.07831955 5.00000000
v 10.56739140 57.19698334 5.00000000
v 10.38164139 58.94308090 5.00000000
v 10.71700764 57.32571030 5.00000000
v 10.86127853 57.46415710 5.00000000
v 10.99982071 57.61195374 5.00000000
v 11.13226891 57.76871872 5.00000000
v 11.25827312 57.93403244 5.00000000
v 11.37749863 58.10745621 5.00000000
v 12.17749882 57.75000000 5.00000000
v 10.14424324 63.40927505 4.59999990
v 10.22749710 63.29779816 4.59999990
v 10.30669880 63.18024445 4.59999990
v 10.38164139 63.05691910 4.59999990
v 10.05715942 63.51437759 4.59999990
v 10.09049034 65.12759399 4.59999990
v 10.25371838 65.02996826 4.59999990
v 10.41282558 64.92167664 4.59999990
v 10.56739140 64.80301666 4.59999990
v 10.71700764 64.67429352 4.59999990
v 10.86127853 64.53584290 4.59999990
v 10.99982071 64.38804626 4.59999990
v 11.13226891 64.23127747 4.59999990
v 11.37749863 63.89254379 4.59999990
v 11.25827312 64.06597137 4.59999990
v 12.17749882 64.25000000 4.59999990
v 10.14424324 63.40927505 5.00000000
v 10.22749710 63.29779816 5.00000000
v 10.30669880 63.18024445 5.00000000
v 10.38164139 63.05691910 5.00000000
v 10.05715942 63.51437759 5.00000000
v 10.09049034 65.12759399 5.00000000
v 10.25371838 65.02996826 5.00000000
v 10.41282558 64.92167664 5.00000000
v 10.56739140 64.80301666 5.00000000
v 10.71700764 64.67429352 5.00000000
v 10.86127853 64.53584290 5.00000000
v 10.99982071 64.38804626 5.00000000
v 11.13226891 64.23127747 5.00000000
v 11.37749863 63.89254379 5.00000000
v 11.25827312 64.06597137 5.00000000
v 12.17749882 64.25000000 5.00000000
v 12.88062382 57.75000000 4.59999990
v 12.88062382 57.86922073 4.59999990
v 12.90130901 57.85942459 4.59999990
v 12.98551941 57.82628632 4.59999990
v 13.07162285 57.79898071 4.59999990
v 12.88288307 58.44652557 4.59999990
v 12.88062382 58.44764328 4.59999990
v 12.92403221 58.42959976 4.59999990
v 12.96610451 58.41564941 4.59999990
v 13.00892258 58.40473557 4.59999990
v 13.05230141 58.39690781 4.59999990
v 13.09605598 58.39219666 4.59999990
v 12.88062382 59.80235672 4.59999990
v 12.88288307 59.80347443 4.59999990
v 12.92403221 59.82040024 4.59999990
v 12.96610451 59.83435059 4.59999990
v 13.00892258 59.84526443 4.59999990
v 13.05230141 59.85309219 4.59999990
v 13.09605598 59.85780334 4.59999990
v 12.88062382 60.50577927 4.59999990
v 12.90130901 60.51557541 4.59999990
v 12.98551941 60.54871368 4.59999990
v 13.07162285 60.57601929 4.59999990
v 13.15924931 57.77762222 4.59999990
v 13.24802589 57.76229858 4.59999990
v 13.33756924 57.75307846 4.59999990
v 13.42749882 57.75000000 4.59999990
v 13.13999939 58.39062500 4.59999990
v 13.18394184 58.39219666 4.59999990
v 13.22769642 58.39690781 4.59999990
v 13.27107525 58.40473557 4.59999990
v 13.31389332 58.41564941 4.59999990
v 13.35596561 58.42959976 4.59999990
v 13.39711475 58.44652557 4.59999990
v 13.43716145 58.46635818 4.59999990
v 13.51742840 57.75307846 4.59999990
v 13.60697269 57.76229858 4.59999990
v 13.69574833 57.77762222 4.59999990
v 13.47593689 58.48901367 4.59999990
v 13.51327229 58.51438904 4.59999990
v 13.54901028 58.54238129 4.59999990
v 13.58299732 58.57286835 4.59999990
v 13.61508656 58.60571671 4.59999990
v 13.64514160 58.64079285 4.59999990
v 13.67303276 58.67794037 4.59999990
v 13.69864273 58.71700287 4.59999990
v 13.72185993 58.75781250 4.59999990
v 13.74258518 58.80019379 4.59999990
v 13.13999939 59.85937500 4.59999990
v 13.18394184 59.85780334 4.59999990
v 13.22769642 59.85309219 4.59999990
v 13.27107525 59.84526443 4.59999990
v 13.31389332 59.83435059 4.59999990
v 13.35596561 59.82040024 4.59999990
v 13.39711475 59.80347443 4.59999990
v 13.43716145 59.78364182 4.59999990
v 13.15924931 60.59737778 4.59999990
v 13.24802589 60.61270142 4.59999990
v 13.33756924 60.62192154 4.59999990
v 13.42749882 60.62500000 4.59999990
v 13.47593689 59.76098633 4.59999990
v 13.51327229 59.73561096 4.59999990
v 13.54901028 59.70761871 4.59999990
v 13.58299732 59.67713165 4.59999990
v 13.64514160 59.60920715 4.59999990
v 13.67303276 59.57205963 4.59999990
v 13.69864273 59.53299713 4.59999990
v 13.74258518 59.44980621 4.59999990
v 13.72185993 59.49218750 4.59999990
v 13.61508656 59.64428329 4.59999990
v 13.51742840 60.62192154 4.59999990
v 13.60697269 60.61270142 4.59999990
v 13.69574833 60.59737778 4.59999990
v 13.78337479 57.79898071 4.59999990
v 13.86947823 57.82628632 4.59999990
v 13.95368862 57.85942459 4.59999990
v 14.03564548 57.89824677 4.59999990
v 13.76073074 58.84396744 4.59999990
v 13.77621746 58.88894272 4.59999990
v 13.78898048 58.93492889 4.59999990
v 13.79896450 58.98173141 4.59999990
v 13.80612564 59.02914429 4.59999990
v 14.11499882 57.94258881 4.59999990
v 14.19140816 57.99226379 4.59999990
v 14.26454544 58.04705429 4.59999990
v 14.33409977 58.10673141 4.59999990
v 13.78898048 59.31507111 4.59999990
v 13.81043530 59.07696915 4.59999990
v 13.81187439 59.12500000 4.59999990
v 13.81043530 59.17303085 4.59999990
v 13.80612564 59.22085571 4.59999990
v 13.79896450 59.26826859 4.59999990
v 13.76073074 59.40603256 4.59999990
v 13.77621746 59.36105728 4.59999990
v 13.78337479 60.57601929 4.59999990
v 13.86947823 60.54871368 4.59999990
v 13.95368862 60.51557541 4.59999990
v 14.03564548 60.47675323 4.59999990
v 14.11499882 60.43241119 4.59999990
v 14.19140816 60.38273621 4.59999990
v 14.26454544 60.32794571 4.59999990
v 14.33409977 60.26826859 4.59999990
v 14.39977074 58.17103577 4.59999990
v 14.46127892 58.23968887 4.59999990
v 14.51836014 58.31240463 4.59999990
v 14.57076931 58.38886642 4.59999990
v 14.61828423 58.46875000 4.59999990
v 14.66069889 58.55170822 4.59999990
v 14.69783306 58.63739395 4.59999990
v 14.72952747 58.72542953 4.59999990
v 14.75564671 58.81544876 4.59999990
v 14.77607918 58.90705872 4.59999990
v 14.79073524 58.99987030 4.59999990
v 14.46127892 60.13531113 4.59999990
v 14.51836014 60.06259537 4.59999990
v 14.57076931 59.98613358 4.59999990
v 14.66069889 59.82329178 4.59999990
v 14.61828423 59.90625000 4.59999990
v 14.39977074 60.20396423 4.59999990
v 14.75564671 59.55955124 4.59999990
v 14.79955482 59.09348297 4.59999990
v 14.80249882 59.18750000 4.59999990
v 14.79955482 59.28151703 4.59999990
v 14.77607918 59.46794128 4.59999990
v 14.79073524 59.37512970 4.59999990
v 14.69783306 59.73760605 4.59999990
v 14.72952747 59.64957047 4.59999990
v 12.88062382 57.75000000 5.00000000
v 12.88062382 57.86922073 5.00000000
v 12.90130901 57.85942459 5.00000000
v 12.98551941 57.82628632 5.00000000
v 13.07162285 57.79898071 5.00000000
v 12.88288307 58.44652557 5.00000000
v 12.88062382 58.44764328 5.00000000
v 12.92403221 58.42959976 5.00000000
v 12.96610451 58.41564941 5.00000000
v 13.00892258 58.40473557 5.00000000
v 13.05230141 58.39690781 5.00000000
v 13.09605598 58.39219666 5.00000000
v 12.88062382 59.80235672 5.00000000
v 12.88288307 59.80347443 5.00000000
v 12.92403221 59.82040024 5.00000000
v 12.96610451 59.83435059 5.00000000
v 13.00892258 59.84526443 5.00000000
v 13.05230141 59.85309219 5.00000000
v 13.09605598 59.85780334 5.00000000
v 12.88062382 60.50577927 5.00000000
v 12.90130901 60.51557541 5.00000000
v 12.98551941 60.54871368 5.00000000
v 13.07162285 60.57601929 5.00000000
v 13.15924931 57.77762222 5.00000000
v 13.24802589 57.76229858 5.00000000
v 13.33756924 57.75307846 5.00000000
v 13.42749882 57.75000000 5.00000000
v 13.13999939 58.39062500 5.00000000
v 13.18394184 58.39219666 5.00000000
v 13.22769642 58.39690781 5.00000000
v 13.27107525 58.40473557 5.00000000
v 13.31389332 58.41564941 5.00000000
v 13.35596561 58.42959976 5.00000000
v 13.39711475 58.44652557 5.00000000
v 13.43716145 58.46635818 5.00000000
v 13.51742840 57.75307846 5.00000000
v 13.60697269 57.76229858 5.00000000
v 13.69574833 57.77762222 5.00000000
v 13.47593689 58.48901367 5.00000000
v 13.51327229 58.51438904 5.00000000
v 13.54901028 58.54238129 5.00000000
v 13.58299732 58.57286835 5.00000000
v 13.61508656 58.60571671 5.00000000
v 13.64514160 58.64079285 5.00000000
v 13.67303276 58.67794037 5.00000000
v 13.69864273 58.71700287 5.00000000
v 13.72185993 58.75781250 5.00000000
v 13.74258518 58.80019379 5.00000000
v 13.13999939 59.85937500 5.00000000
v 13.18394184 59.85780334 5.00000000
v 13.22769642 59.85309219 5.00000000
v 13.27107525 59.84526443 5.00000000
v 13.31389332 59.83435059 5.00000000
v 13.35596561 59.82040024 5.00000000
v 13.39711475 59.80347443 5.00000000
v 13.43716145 59.78364182 5.00000000
v 13.15924931 60.59737778 5.00000000
v 13.24802589 60.61270142 5.00000000
v 13.33756924 60.62192154 5.00000000
v 13.42749882 60.62500000 5.00000000
v 13.47593689 59.76098633 5.00000000
v 13.51327229 59.73561096 5.00000000
v 13.54901028 59.70761871 5.00000000
v 13.58299732 59.67713165 5.00000000
v 13.64514160 59.60920715 5.00000000
v 13.67303276 59.57205963 5.00000000
v 13.69864273 59.53299713 5.00000000
v 13.74258518 59.44980621 5.00000000
v 13.72185993 59.49218750 5.00000000
v 13.61508656 59.64428329 5.00000000
v 13.51742840 60.62192154 5.00000000
v 13.60697269 60.61270142 5.00000000
v 13.69574833 60.59737778 5.00000000
v 13.78337479 57.79898071 5.00000000
v 13.86947823 57.82628632 5.00000000
v 13.95368862 57.85942459 5.00000000
v 14.03564548 57.89824677 5.00000000
v 13.76073074 58.84396744 5.00000000
v 13.77621746 58.88894272 5.00000000
v 13.78898048 58.93492889 5.00000000
v 13.79896450 58.98173141 5.00000000
v 13.80612564 59.02914429 5.00000000
v 14.11499882 57.94258881 5.00000000
v 14.19140816 57.99226379 5.00000000
v 14.26454544 58.04705429 5.00000000
v 14.33409977 58.10673141 5.00000000
v 13.78898048 59.31507111 5.00000000
v 13.81043530 59.07696915 5.00000000
v 13.81187439 59.12500000 5.00000000
v 13.81043530 59.17303085 5.00000000
v 13.80612564 59.22085571 5.00000000
v 13.79896450 59.26826859 5.00000000
v 13.76073074 59.40603256 5.00000000
v 13.77621746 59.36105728 5.00000000
v 13.78337479 60.57601929 5.00000000
v 13.86947823 60.54871368 5.00000000
v 13.95368862 60.51557541 5.00000000
v 14.03564548 60.47675323 5.00000000
v 14.11499882 60.43241119 5.00000000
v 14.19140816 60.38273621 5.00000000
v 14.26454544 60.32794571 5.00000000
v 14.33409977 60.26826859 5.00000000
v 14.39977074 58.17103577 5.00000000
v 14.46127892 58.23968887 5.00000000
v 14.51836014 58.31240463 5.00000000
v 14.57076931 58.38886642 5.00000000
v 14.61828423 58.46875000 5.00000000
v 14.66069889 58.55170822 5.00000000
v 14.69783306 58.63739395 5.00000000
v 14.72952747 58.72542953 5.00000000
v 14.75564671 58.81544876 5.00000000
v 14.77607918 58.90705872 5.00000000
v 14.79073524 58.99987030 5.00000000
v 14.46127892 60.13531113 5.00000000
v 14.51836014 60.06259537 5.00000000
v 14.57076931 59.98613358 5.00000000
v 14.66069889 59.82329178 5.00000000
v 14.61828423 59.90625000 5.00000000
v 14.39977074 60.20396423 5.00000000
v 14.75564671 59.55955124 5.00000000
v 14.79955482 59.09348297 5.00000000
v 14.80249882 59.18750000 5.00000000
v 14.79955482 59.28151703 5.00000000
v 14.77607918 59.46794128 5.00000000
v 14.79073524 59.37512970 5.00000000
v 14.69783306 59.73760605 5.00000000
v 14.72952747 59.64957047 5.00000000
v 12.88062382 64.25000000 4.59999990
v 12.88062382 64.25000000 5.00000000
v 15.08306122 44.22263718 5.00000000
v 15.18823433 44.24779129 5.00000000
v 15.29260254 44.27788162 5.00000000
v 15.39571762 44.31277466 5.00000000
v 15.49713802 44.35232544 5.00000000
v 15.59642887 44.39636230 5.00000000
v 15.02246857 46.59747696 5.00000000
v 15.12790203 46.61246490 5.00000000
v 15.23278713 46.62225723 5.00000000
v 15.33667564 46.62681961 5.00000000
v 15.43912315 46.62612534 5.00000000
v 15.53969002 46.62018204 5.00000000
v 15.69316673 44.44469833 5.00000000
v 15.78693581 44.49711990 5.00000000
v 15.87733459 44.55341339 5.00000000
v 15.96397781 44.61333084 5.00000000
v 16.04649162 44.67661285 5.00000000
v 16.12452507 44.74299622 5.00000000
v 16.19774437 44.81219482 5.00000000
v 15.63794518 46.60901260 5.00000000
v 15.73346901 46.59266663 5.00000000
v 15.82585239 46.57121277 5.00000000
v 15.91469860 46.54474640 5.00000000
v 16.08027840 46.47723770 5.00000000
v 15.99962807 46.51337433 5.00000000
v 16.15630150 46.43648529 5.00000000
v 16.22737312 46.39129639 5.00000000
v 15.08306122 44.22263718 5.50000000
v 15.18823433 44.24779129 5.50000000
v 15.29260254 44.27788162 5.50000000
v 15.39571762 44.31277466 5.50000000
v 15.49713802 44.35232544 5.50000000
v 15.59642887 44.39636230 5.50000000
v 15.02246857 46.59747696 5.50000000
v 15.12790203 46.61246490 5.50000000
v 15.23278713 46.62225723 5.50000000
v 15.33667564 46.62681961 5.50000000
v 15.43912315 46.62612534 5.50000000
v 15.53969002 46.62018204 5.50000000
v 15.69316673 44.44469833 5.50000000
v 15.78693581 44.49711990 5.50000000
v 15.87733459 44.55341339 5.50000000
v 15.96397781 44.61333084 5.50000000
v 16.04649162 44.67661285 5.50000000
v 16.12452507 44.74299622 5.50000000
v 16.19774437 44.81219482 5.50000000
v 15.63794518 46.60901260 5.50000000
v 15.73346901 46.59266663 5.50000000
v 15.82585239 46.57121277 5.50000000
v 15.91469860 46.54474640 5.50000000
v 16.08027840 46.47723770 5.50000000
v 15.99962807 46.51337433 5.50000000
v 16.15630150 46.43648529 5.50000000
v 16.22737312 46.39129639 5.50000000
v 16.26583290 44.88390732 5.00000000
v 16.32850075 44.95782852 5.00000000
v 16.38548088 45.03364563 5.00000000
v 16.43652725 45.11103058 5.00000000
v 16.45878029 45.15000153 5.00000000
v 16.61164284 45.65000153 5.00000000
v 16.58618164 45.89679337 5.00000000
v 16.61278725 45.66833496 5.00000000
v 16.61080360 45.74607849 5.00000000
v 16.60192299 45.82234192 5.00000000
v 16.29318810 46.34186172 5.00000000
v 16.35346603 46.28839493 5.00000000
v 16.45640373 46.17029190 5.00000000
v 16.40794945 46.23112488 5.00000000
v 16.49861908 46.10616302 5.00000000
v 16.53442001 46.03900909 5.00000000
v 16.56364822 45.96912003 5.00000000
v 16.26583290 44.88390732 5.50000000
v 16.32850075 44.95782852 5.50000000
v 16.38548088 45.03364563 5.50000000
v 16.43652725 45.11103058 5.50000000
v 16.45878029 45.15000153 5.50000000
v 16.61164284 45.65000153 5.50000000
v 16.58618164 45.89679337 5.50000000
v 16.61278725 45.66833496 5.50000000
v 16.61080360 45.74607849 5.50000000
v 16.60192299 45.82234192 5.50000000
v 16.29318810 46.34186172 5.50000000
v 16.35346603 46.28839493 5.50000000
v 16.45640373 46.17029190 5.50000000
v 16.40794945 46.23112488 5.50000000
v 16.49861908 46.10616302 5.50000000
v 16.53442001 46.03900909 5.50000000
v 16.56364822 45.96912003 5.50000000
v 19.79999924 35.17499924 4.59999990
v 19.79999924 37.42499924 4.59999990
v 19.79999924 37.77500153 4.59999990
v 19.79999924 40.02500153 4.59999990
v 19.79999924 40.37500000 4.59999990
v 17.60000038 42.54999924 5.00000000
v 17.60000038 43.04999924 5.00000000
v 17.60000038 42.54999924 5.50000000
v 17.60000038 43.04999924 5.50000000
v 19.39999962 35.17499924 5.00000000
v 19.39999962 37.42499924 5.00000000
v 19.39999962 37.77500153 5.00000000
v 19.39999962 40.02500153 5.00000000
v 19.39999962 40.37500000 5.00000000
v 17.60000038 45.15000153 5.00000000
v 17.60000038 45.65000153 5.00000000
v 17.60000038 45.15000153 5.50000000
v 17.60000038 45.65000153 5.50000000
v 19.39999962 70.00000000 4.40000010
v 20.00000000 69.40000153 4.40000010
v 19.39999962 69.40000153 5.00000000
f 1 3 2
f 2 3 5
f 1 2 500
f 2 4 501
f 1 1173 3
f 1 500 1172
f 2 5 4
f 4 5 6
f 4 6 19
f 6 8 7
f 6 12 8
f 6 76 75
f 6 77 76
f 6 78 77
f 6 79 78
f 6 80 79
f 6 81 80
f 6 28 19
f 6 33 28
f 6 7 33
f 6 11 12
f 6 75 11
f 8 10 9
f 8 12 10
f 19 25 20
f 19 28 24
f 4 19 513
f 20 29 21
f 22 31 23
f 19 24 25
f 20 25 34
f 20 34 29
f 29 30 21
f 23 31 32
f 29 71 30
f 28 33 24
f 29 34 71
f 35 36 37
f 35 42 41
f 35 44 42
f 35 37 38
f 35 38 39
f 35 39 40
f 35 40 109
f 35 109 110
f 35 110 111
f 35 45 44
f 35 46 45
f 35 47 46
f 35 116 47
f 35 117 116
f 35 118 117
f 48 51 43
f 49 51 48
f 50 51 49
f 119 51 50
f 21 417 22
f 21 30 416
f 23 32 418
f 26 413 27
f 26 51 412
f 23 522 516
f 23 529 522
f 23 530 529
f 23 531 530
f 35 111 112
f 35 112 113
f 35 113 114
f 35 114 115
f 35 115 127
f 35 121 118
f 35 122 121
f 35 123 122
f 35 124 123
f 35 136 124
f 35 127 128
f 35 128 129
f 35 129 130
f 35 130 131
f 35 131 132
f 35 132 133
f 35 133 134
f 35 137 136
f 35 139 137
f 35 138 139
f 35 142 138
f 35 143 142
f 35 144 143
f 35 145 144
f 35 134 135
f 35 135 149
f 35 149 150
f 35 150 151
f 35 151 152
f 35 152 153
f 35 153 154
f 35 154 156
f 35 156 157
f 35 157 158
f 35 158 159
f 35 159 160
f 35 168 167
f 35 169 168
f 35 146 145
f 35 167 146
f 35 165 163
f 35 162 155
f 35 155 169
f 35 163 162
f 35 160 161
f 35 161 166
f 35 166 164
f 35 164 165
f 120 51 119
f 125 51 120
f 126 51 125
f 140 51 126
f 141 51 140
f 147 51 141
f 148 51 147
f 51 148 170
f 51 170 171
f 51 171 172
f 51 172 173
f 22 477 31
f 31 478 32
f 30 71 476
f 178 277 177
f 179 277 178
f 180 277 179
f 181 277 180
f 182 277 181
f 270 277 182
f 174 337 173
f 271 277 270
f 272 277 271
f 274 277 273
f 273 277 272
f 177 337 174
f 264 276 265
f 265 276 266
f 266 277 269
f 269 277 267
f 267 277 268
f 277 266 276
f 268 277 275
f 275 277 274
f 177 277 337
f 27 446 52
f 51 173 353
f 52 446 72
f 264 346 276
f 51 353 354
f 51 354 355
f 51 355 356
f 337 353 173
f 51 356 357
f 51 357 358
f 51 358 359
f 51 359 360
f 51 360 384
f 476 71 72
f 3 1175 5
f 5 1175 6
f 6 1177 81
f 1177 82 81
f 1177 83 82
f 26 412 413
f 27 413 446
f 21 416 417
f 22 417 477
f 23 418 531
f 418 534 531
f 418 535 534
f 418 536 535
f 418 537 536
f 264 347 346
f 347 264 351
f 351 264 352
f 352 264 299
f 276 340 339
f 276 341 340
f 345 276 346
f 276 345 341
f 276 338 342
f 276 339 338
f 276 342 343
f 276 343 344
f 299 264 300
f 300 264 301
f 337 348 349
f 337 349 350
f 337 350 353
f 51 384 385
f 51 385 386
f 51 386 387
f 51 387 388
f 51 388 389
f 51 389 390
f 51 390 391
f 51 391 392
f 51 392 393
f 51 445 412
f 51 393 445
f 30 476 416
f 32 478 418
f 31 477 478
f 446 476 72
f 1177 84 83
f 1177 85 84
f 1177 86 85
f 1177 87 86
f 1177 88 87
f 1177 89 88
f 1177 90 89
f 1177 91 90
f 1177 175 91
f 1177 176 175
f 1177 257 176
f 1177 258 257
f 1177 259 258
f 1177 260 259
f 1177 261 260
f 1177 262 261
f 1177 263 262
f 1177 264 263
f 1177 301 264
f 414 423 415
f 414 422 423
f 414 454 422
f 415 423 487
f 419 427 420
f 426 427 419
f 419 479 426
f 495 420 427
f 430 746 421
f 421 481 430
f 445 393 394
f 445 394 395
f 445 395 433
f 445 433 434
f 445 434 435
f 445 435 440
f 445 440 441
f 445 441 442
f 445 442 443
f 445 443 444
f 454 453 483
f 484 483 453
f 415 487 455
f 454 486 422
f 454 483 486
f 484 485 483
f 420 495 480
f 426 479 494
f 455 494 479
f 487 494 455
f 430 481 498
f 498 481 480
f 495 498 480
f 2 501 500
f 500 501 502
f 501 514 502
f 500 502 1189
f 502 514 1189
f 4 513 501
f 503 508 504
f 505 510 506
f 19 20 513
f 23 517 503
f 504 519 505
f 504 509 518
f 506 521 507
f 506 511 520
f 504 508 509
f 510 511 506
f 503 545 508
f 508 546 509
f 505 547 510
f 510 551 511
f 20 21 513
f 21 22 513
f 22 23 513
f 23 503 513
f 503 504 513
f 504 505 513
f 505 506 513
f 506 507 513
f 507 512 513
f 23 516 517
f 503 517 545
f 504 518 519
f 505 519 547
f 506 520 521
f 507 521 544
f 507 1590 512
f 508 545 546
f 509 546 518
f 510 547 551
f 511 551 520
f 512 907 906
f 512 909 907
f 512 908 909
f 512 911 908
f 512 912 911
f 512 913 912
f 512 914 913
f 512 915 914
f 512 930 915
f 512 931 930
f 501 513 514
f 512 515 513
f 512 895 515
f 513 515 514
f 512 903 895
f 512 904 902
f 512 901 903
f 512 902 901
f 512 905 894
f 512 894 904
f 512 906 905
f 515 898 896
f 515 895 898
f 515 897 899
f 515 899 900
f 515 900 980
f 515 896 897
f 515 980 981
f 515 981 982
f 515 982 983
f 515 983 984
f 515 984 985
f 515 985 986
f 515 986 987
f 515 987 988
f 515 988 989
f 515 989 990
f 515 990 991
f 515 991 992
f 515 992 993
f 515 993 1004
f 515 1004 1005
f 515 1005 1006
f 515 1006 1007
f 515 1007 1008
f 515 1008 1014
f 515 1014 1015
f 522 524 523
f 522 525 524
f 525 522 526
f 526 522 527
f 527 522 528
f 528 522 529
f 744 538 537
f 507 544 1590
f 555 553 554
f 556 553 555
f 557 553 556
f 558 553 557
f 559 553 558
f 569 553 559
f 570 553 569
f 571 553 570
f 572 553 571
f 553 562 560
f 562 553 606
f 562 606 563
f 563 584 565
f 553 572 573
f 553 573 574
f 553 574 575
f 553 575 576
f 553 576 594
f 553 594 595
f 553 595 596
f 553 596 597
f 553 597 598
f 553 598 599
f 553 599 600
f 553 600 601
f 553 601 602
f 565 583 566
f 566 582 567
f 567 581 568
f 568 580 577
f 577 580 578
f 567 582 581
f 568 581 580
f 578 580 579
f 566 583 582
f 563 604 584
f 565 584 583
f 606 553 607
f 553 608 607
f 553 610 609
f 553 609 608
f 553 611 610
f 553 612 611
f 563 605 604
f 563 606 605
f 585 561 564
f 585 564 587
f 585 587 588
f 585 588 589
f 585 589 590
f 585 590 591
f 585 591 592
f 585 592 593
f 585 593 634
f 585 634 635
f 585 635 636
f 553 602 603
f 553 603 614
f 553 614 615
f 553 615 616
f 553 616 617
f 553 617 618
f 553 628 627
f 553 620 629
f 553 619 620
f 553 618 619
f 553 630 623
f 553 629 630
f 553 624 628
f 553 626 624
f 553 625 626
f 553 623 625
f 553 613 612
f 553 627 613
f 512 1319 842
f 512 1329 1319
f 512 1330 1329
f 512 1348 1330
f 512 1349 1348
f 512 1350 1349
f 512 1354 1350
f 512 1355 1354
f 512 910 935
f 512 1058 910
f 512 935 931
f 512 1059 1058
f 512 1060 1059
f 512 1061 1060
f 512 1062 1061
f 512 1063 1062
f 512 1064 1063
f 512 1077 1064
f 512 1078 1077
f 512 842 846
f 512 1079 1078
f 512 1080 1079
f 512 1081 1080
f 512 1082 1081
f 512 1083 1082
f 512 1719 1083
f 512 1720 1719
f 512 1725 1720
f 512 1726 1725
f 512 1728 1726
f 744 539 538
f 744 540 539
f 744 541 540
f 744 542 541
f 418 744 537
f 769 542 744
f 532 1204 533
f 532 585 1204
f 543 1590 544
f 543 742 1589
f 421 746 745
f 812 745 746
f 1204 1205 533
f 533 1205 1206
f 431 1191 747
f 1220 747 1191
f 533 1206 1207
f 533 1207 1208
f 533 1208 1209
f 533 1209 1211
f 769 621 542
f 769 622 621
f 769 748 622
f 769 749 748
f 769 750 749
f 769 751 750
f 769 752 751
f 769 753 752
f 753 770 754
f 754 770 762
f 762 770 763
f 763 770 764
f 769 770 753
f 585 636 1222
f 637 1222 636
f 780 764 770
f 764 813 765
f 765 813 766
f 766 813 767
f 631 1222 639
f 767 813 768
f 773 813 772
f 768 813 773
f 772 813 774
f 774 813 775
f 776 814 777
f 775 813 776
f 777 817 771
f 771 818 778
f 632 1222 631
f 756 827 755
f 755 1221 633
f 633 1222 632
f 761 819 760
f 759 824 758
f 760 820 759
f 778 818 761
f 758 825 757
f 757 826 756
f 780 813 764
f 533 1608 586
f 638 1222 637
f 639 1222 638
f 586 1621 742
f 512 1367 1355
f 512 1368 1367
f 512 1374 1368
f 512 1316 1374
f 512 1315 1316
f 812 779 745
f 812 780 779
f 814 776 813
f 815 777 814
f 777 815 816
f 777 816 817
f 771 817 818
f 819 761 818
f 820 760 819
f 824 759 820
f 812 813 780
f 758 824 825
f 757 825 826
f 756 826 827
f 755 827 1221
f 633 1221 1222
f 585 1228 1204
f 585 1222 1223
f 585 1223 1224
f 585 1224 1225
f 585 1225 1226
f 585 1226 1227
f 585 1227 1229
f 585 1229 1228
f 747 1220 821
f 821 823 822
f 821 1219 823
f 821 1220 1219
f 512 1590 1622
f 512 1622 1623
f 512 1623 1315
f 512 846 1929
f 512 1734 1728
f 512 1894 1734
f 512 1897 1894
f 512 1898 1897
f 512 1917 1898
f 512 1918 1917
f 512 1919 1918
f 512 1920 1919
f 512 1929 1920
f 848 859 858
f 848 858 904
f 850 853 851
f 849 850 852
f 849 853 850
f 853 940 854
f 855 856 858
f 849 855 858
f 849 857 855
f 849 858 853
f 849 852 898
f 849 895 857
f 850 851 897
f 850 896 852
f 851 853 899
f 853 854 900
f 855 901 856
f 855 857 903
f 856 902 858
f 858 859 861
f 859 860 861
f 858 861 866
f 861 862 866
f 861 863 862
f 848 894 859
f 859 905 860
f 860 906 861
f 861 907 863
f 862 908 865
f 862 863 909
f 853 858 866
f 853 880 879
f 853 881 880
f 853 871 872
f 853 872 873
f 853 873 874
f 853 874 875
f 853 875 876
f 853 876 954
f 853 877 870
f 853 879 878
f 853 878 877
f 853 870 871
f 864 1020 889
f 864 889 935
f 862 865 866
f 866 867 868
f 866 868 884
f 868 869 884
f 865 911 866
f 866 912 867
f 868 914 869
f 867 913 868
f 869 915 884
f 853 882 883
f 853 883 881
f 853 893 882
f 853 886 893
f 853 887 886
f 853 888 887
f 853 891 888
f 853 890 891
f 870 916 871
f 872 918 873
f 871 917 872
f 873 919 874
f 874 920 875
f 875 921 876
f 877 878 924
f 878 879 925
f 879 880 926
f 880 881 927
f 881 883 929
f 882 928 883
f 870 877 923
f 866 884 1020
f 884 885 889
f 853 866 1040
f 884 889 1020
f 853 1040 890
f 884 930 885
f 885 931 889
f 886 932 893
f 886 887 933
f 887 888 934
f 888 891 937
f 890 936 891
f 890 892 938
f 892 1027 1065
f 882 893 939
f 848 904 894
f 849 898 895
f 850 897 896
f 852 896 898
f 851 899 897
f 853 900 899
f 854 980 900
f 855 903 901
f 856 901 902
f 857 895 903
f 858 902 904
f 859 894 905
f 860 905 906
f 861 906 907
f 908 911 865
f 863 907 909
f 862 909 908
f 864 935 910
f 866 911 912
f 867 912 913
f 868 913 914
f 869 914 915
f 871 916 917
f 872 917 918
f 873 918 919
f 874 919 920
f 875 920 921
f 876 921 922
f 877 924 923
f 878 925 924
f 879 926 925
f 880 927 926
f 881 929 927
f 883 928 929
f 870 923 916
f 884 915 930
f 885 930 931
f 893 932 939
f 886 933 932
f 887 934 933
f 888 937 934
f 889 931 935
f 891 936 937
f 890 938 936
f 892 1065 938
f 882 939 928
f 853 942 940
f 940 942 941
f 853 946 942
f 942 944 943
f 942 946 944
f 944 946 945
f 946 948 947
f 946 950 948
f 854 940 980
f 940 941 981
f 941 942 982
f 942 943 983
f 943 944 984
f 944 945 985
f 945 946 986
f 946 947 987
f 947 948 988
f 853 964 946
f 948 950 949
f 853 954 955
f 853 955 956
f 853 956 957
f 853 957 958
f 853 958 959
f 853 959 960
f 853 960 961
f 948 949 989
f 946 964 950
f 950 952 951
f 950 964 952
f 952 964 953
f 949 950 990
f 950 951 991
f 951 952 992
f 952 953 993
f 953 964 1004
f 853 961 962
f 853 962 963
f 853 963 969
f 853 969 970
f 853 970 971
f 853 971 972
f 853 972 973
f 876 922 954
f 954 994 955
f 955 995 956
f 956 996 957
f 957 997 958
f 958 998 959
f 959 999 960
f 960 1000 961
f 961 1001 962
f 962 1002 963
f 964 966 965
f 964 968 966
f 853 1118 964
f 966 968 967
f 964 979 968
f 964 965 1005
f 965 966 1006
f 966 967 1007
f 967 968 1008
f 853 973 1118
f 963 1003 969
f 969 1009 970
f 970 1010 971
f 971 1011 972
f 972 1012 973
f 973 1013 976
f 968 975 974
f 968 979 975
f 975 979 978
f 968 974 1014
f 974 975 1015
f 976 1016 977
f 977 1017 1096
f 975 978 1018
f 978 979 1019
f 514 515 2129
f 940 981 980
f 941 982 981
f 942 983 982
f 943 984 983
f 944 985 984
f 945 986 985
f 946 987 986
f 947 988 987
f 948 989 988
f 949 990 989
f 950 991 990
f 951 992 991
f 952 993 992
f 953 1004 993
f 515 1015 1018
f 515 1018 1019
f 515 1019 1137
f 515 1137 1138
f 515 1138 1142
f 515 1142 1146
f 515 1146 1147
f 515 1147 1151
f 515 1151 1152
f 515 1152 1156
f 515 1156 1157
f 922 994 954
f 955 994 995
f 956 995 996
f 957 996 997
f 958 997 998
f 959 998 999
f 960 999 1000
f 961 1000 1001
f 962 1001 1002
f 963 1002 1003
f 964 1005 1004
f 965 1006 1005
f 966 1007 1006
f 967 1008 1007
f 968 1014 1008
f 969 1003 1009
f 970 1009 1010
f 971 1010 1011
f 972 1011 1012
f 973 1012 1013
f 974 1015 1014
f 975 1018 1015
f 976 1013 1016
f 977 1016 1017
f 1017 1134 1096
f 978 1019 1018
f 515 1157 1161
f 515 1161 1165
f 515 1165 1166
f 515 1166 1170
f 515 1170 1171
f 1020 1021 1022
f 1020 1022 1024
f 864 910 1020
f 1020 1058 1021
f 1021 1059 1022
f 1022 1060 1023
f 1022 1023 1024
f 1020 1024 1040
f 1024 1025 1026
f 1024 1026 1040
f 1023 1061 1024
f 1024 1062 1025
f 1025 1063 1026
f 1026 1064 1039
f 866 1020 1040
f 890 1040 892
f 892 1040 1027
f 1027 1040 1028
f 1028 1040 1029
f 1027 1028 1066
f 1028 1029 1067
f 1029 1031 1069
f 1030 1033 1071
f 1031 1032 1070
f 1030 1068 1032
f 1029 1040 1031
f 1031 1040 1032
f 1030 1032 1040
f 1030 1040 1033
f 1034 1040 1035
f 1033 1040 1034
f 1035 1040 1036
f 1036 1040 1037
f 1033 1034 1072
f 1034 1035 1073
f 1035 1036 1074
f 1036 1037 1075
f 1037 1038 1076
f 1026 1039 1040
f 1040 1041 1042
f 1039 1077 1040
f 1040 1078 1041
f 1041 1079 1042
f 1040 1042 1044
f 1042 1043 1044
f 1040 1044 1707
f 1044 1045 1701
f 1042 1080 1043
f 1043 1081 1044
f 1044 1082 1045
f 1045 1083 1701
f 1037 1040 1038
f 1038 1040 1046
f 1040 1047 1046
f 1040 1048 1047
f 1040 1049 1048
f 1040 1050 1049
f 1040 1051 1050
f 1040 1052 1051
f 1040 1053 1052
f 1038 1046 1084
f 1046 1047 1085
f 1047 1048 1086
f 1048 1049 1087
f 1049 1050 1088
f 1050 1051 1089
f 1040 1054 1053
f 1040 1055 1054
f 1040 1056 1055
f 1040 1057 1056
f 1040 1703 1057
f 1040 1704 1703
f 1040 1705 1704
f 1040 1707 1709
f 1040 1706 1705
f 1040 1709 1706
f 1051 1052 1090
f 1052 1053 1091
f 1053 1054 1092
f 1054 1055 1093
f 1055 1056 1094
f 1056 1057 1095
f 910 1058 1020
f 1021 1058 1059
f 1022 1059 1060
f 1023 1060 1061
f 1024 1061 1062
f 1025 1062 1063
f 1026 1063 1064
f 1027 1066 1065
f 1028 1067 1066
f 1029 1069 1067
f 1030 1071 1068
f 1031 1070 1069
f 1032 1068 1070
f 928 939 1724
f 932 1724 939
f 917 1727 918
f 918 1727 919
f 919 1727 920
f 920 1727 921
f 921 1727 922
f 922 1727 994
f 994 1727 995
f 924 925 1727
f 925 926 1727
f 926 927 1727
f 916 1727 917
f 916 923 1727
f 923 924 1727
f 928 1724 929
f 927 929 1727
f 995 1727 996
f 996 1727 997
f 997 1727 998
f 998 1727 999
f 999 1727 1000
f 1033 1072 1071
f 1034 1073 1072
f 1035 1074 1073
f 1036 1075 1074
f 1037 1076 1075
f 1038 1084 1076
f 936 938 1721
f 933 934 1724
f 932 933 1724
f 936 1722 937
f 934 937 1723
f 938 1065 1095
f 1065 1066 1094
f 1066 1067 1093
f 1069 1070 1091
f 1067 1069 1092
f 1068 1071 1089
f 1071 1072 1088
f 1072 1073 1087
f 1073 1074 1086
f 1074 1075 1085
f 1075 1076 1084
f 1068 1090 1070
f 1064 1077 1039
f 1040 1077 1078
f 1041 1078 1079
f 1042 1079 1080
f 1043 1080 1081
f 1044 1081 1082
f 1045 1082 1083
f 1046 1085 1084
f 1047 1086 1085
f 1048 1087 1086
f 1049 1088 1087
f 1050 1089 1088
f 1075 1084 1085
f 1074 1085 1086
f 1073 1086 1087
f 1072 1087 1088
f 1071 1088 1089
f 1068 1089 1090
f 1070 1090 1091
f 1069 1091 1092
f 1067 1092 1093
f 1066 1093 1094
f 1065 1094 1095
f 938 1095 1721
f 936 1721 1722
f 937 1722 1723
f 929 1724 1727
f 934 1723 1724
f 1051 1090 1089
f 1052 1091 1090
f 1053 1092 1091
f 1054 1093 1092
f 1055 1094 1093
f 1056 1095 1094
f 1057 1721 1095
f 964 1118 979
f 979 1100 1099
f 979 1108 1100
f 973 976 1118
f 976 977 1118
f 977 1096 1118
f 1096 1097 1118
f 1097 1098 1118
f 1100 1108 1104
f 1096 1134 1097
f 1097 1135 1098
f 1098 1136 1101
f 979 1099 1137
f 1099 1100 1138
f 1101 1139 1102
f 1102 1140 1103
f 1103 1141 1105
f 1100 1104 1142
f 1104 1108 1146
f 1098 1101 1118
f 1101 1102 1118
f 1102 1103 1118
f 979 1118 1108
f 1103 1105 1118
f 1105 1106 1118
f 1108 1113 1109
f 1106 1107 1118
f 1107 1110 1118
f 1108 1118 1113
f 1110 1111 1118
f 1111 1112 1118
f 1113 1118 1114
f 1105 1143 1106
f 1106 1144 1107
f 1107 1145 1110
f 1108 1109 1147
f 1110 1148 1111
f 1111 1149 1112
f 1112 1150 1115
f 1109 1113 1151
f 1113 1114 1152
f 1112 1115 1118
f 1115 1116 1118
f 1118 1123 1119
f 1118 1128 1123
f 1115 1153 1116
f 1116 1154 1117
f 1114 1118 1156
f 1118 1119 1157
f 1117 1155 1120
f 1120 1158 1121
f 1121 1159 1122
f 1119 1123 1161
f 1123 1127 1165
f 1123 1128 1127
f 1118 1741 1128
f 1116 1748 1118
f 1116 1117 1748
f 1117 1120 1748
f 1120 1121 1748
f 1121 1122 1748
f 1128 1133 1132
f 1128 1741 1133
f 1124 1162 1125
f 1122 1160 1124
f 1125 1163 1126
f 1127 1128 1166
f 1126 1164 1129
f 1129 1167 1130
f 1130 1168 1131
f 1131 1169 1739
f 1128 1132 1170
f 1132 1133 1171
f 1000 1727 1001
f 1001 1727 1002
f 1002 1727 1003
f 1003 1727 1009
f 1009 1727 1010
f 1097 1134 1135
f 1098 1135 1136
f 1101 1136 1139
f 979 1137 1019
f 1099 1138 1137
f 1102 1139 1140
f 1103 1140 1141
f 1105 1141 1143
f 1100 1142 1138
f 1104 1146 1142
f 1010 1727 1011
f 1011 1727 1012
f 1012 1727 1013
f 1013 1727 1016
f 1016 1727 1017
f 1017 1727 1134
f 1134 1727 1135
f 1135 1727 1136
f 1136 1727 1139
f 1139 1727 1140
f 1106 1143 1144
f 1107 1144 1145
f 1110 1145 1148
f 1108 1147 1146
f 1109 1151 1147
f 1111 1148 1149
f 1112 1149 1150
f 1113 1152 1151
f 1114 1156 1152
f 1140 1727 1141
f 1141 1727 1143
f 1143 1727 1144
f 1144 1727 1145
f 1145 1727 1148
f 1148 1727 1149
f 1149 1727 1150
f 1150 1727 1153
f 1153 1727 1154
f 1150 1153 1115
f 1116 1153 1154
f 1117 1154 1155
f 1118 1157 1156
f 1120 1155 1158
f 1121 1158 1159
f 1122 1159 1160
f 1119 1161 1157
f 1123 1165 1161
f 1154 1727 1155
f 1155 1727 1158
f 1158 1727 1159
f 1159 1727 1160
f 1160 1727 1162
f 1162 1727 1163
f 1163 1727 1164
f 1164 1727 1167
f 1124 1160 1162
f 1125 1162 1163
f 1126 1163 1164
f 1127 1166 1165
f 1128 1170 1166
f 1129 1164 1167
f 1130 1167 1168
f 1131 1168 1169
f 1132 1171 1170
f 1133 1756 1171
f 515 1171 2131
f 1 1172 1173
f 3 1173 1175
f 1172 1174 1173
f 1173 1174 1175
f 1172 1188 1174
f 6 1175 1177
f 1177 302 301
f 1177 303 302
f 1177 304 303
f 1177 311 304
f 1177 312 311
f 1177 313 312
f 1177 314 313
f 1177 315 314
f 1177 316 315
f 1177 317 316
f 1177 318 317
f 1177 319 318
f 1177 320 319
f 1177 321 320
f 1177 322 321
f 1177 323 322
f 1177 408 323
f 1177 409 408
f 1177 432 409
f 1177 436 432
f 1177 437 436
f 1177 438 437
f 1177 439 438
f 1177 447 439
f 1177 448 447
f 1177 449 448
f 1177 450 449
f 1177 451 450
f 1177 452 451
f 1177 482 452
f 431 1196 1195
f 431 1197 1196
f 1177 484 482
f 1177 485 484
f 1179 425 424
f 1178 424 488
f 1181 429 428
f 1180 428 496
f 1182 1197 431
f 1182 1198 1197
f 1182 1199 1198
f 1182 431 499
f 1182 1200 1199
f 1184 489 425
f 1183 488 485
f 1186 497 429
f 1185 496 489
f 1187 499 497
f 1174 1176 1175
f 1175 1176 1177
f 1176 1183 1177
f 1174 2130 1176
f 1177 1183 485
f 1178 1179 424
f 1179 1184 425
f 1180 1181 428
f 1181 1186 429
f 1184 1185 489
f 1186 1187 497
f 1178 488 1183
f 1180 496 1185
f 1182 499 1187
f 1176 1178 1183
f 1176 2130 1178
f 1179 1180 1185
f 1181 1182 1187
f 1179 1185 1184
f 1181 1187 1186
f 500 1188 1172
f 500 1189 1188
f 1174 1188 1190
f 1174 1190 2130
f 1188 1189 1190
f 1189 2130 1190
f 431 1192 1191
f 431 1193 1192
f 431 1194 1193
f 431 1195 1194
f 533 1211 1588
f 533 1588 1608
f 543 1589 1590
f 1588 1211 1212
f 1588 1212 1213
f 1588 1213 1214
f 1588 1214 1215
f 1588 1215 1216
f 1588 1216 1217
f 1588 1217 1218
f 1218 1276 1587
f 1608 1621 586
f 742 1621 1589
f 1276 1277 1607
f 1607 1277 1278
f 1321 1335 1322
f 1319 1323 1320
f 1319 1324 1323
f 1324 1319 1329
f 1327 1321 1325
f 1328 1321 1327
f 1325 1321 1326
f 1331 1321 1328
f 1332 1321 1331
f 1333 1321 1332
f 1334 1321 1333
f 1351 1321 1334
f 1352 1321 1351
f 1321 1352 1353
f 1321 1353 1356
f 1321 1336 1335
f 1321 1337 1336
f 1321 1338 1337
f 1321 1339 1338
f 1321 1340 1339
f 1321 1341 1340
f 1321 1342 1341
f 1321 1360 1342
f 1321 1361 1360
f 1321 1362 1361
f 1321 1363 1362
f 1344 1493 1343
f 1345 1493 1344
f 1346 1493 1345
f 1347 1493 1346
f 1397 1493 1347
f 1398 1493 1397
f 1493 1398 1399
f 1321 1356 1357
f 1321 1357 1358
f 1321 1358 1359
f 1321 1359 1369
f 1321 1369 1370
f 1321 1370 1371
f 1321 1371 1372
f 1321 1372 1373
f 1321 1373 1376
f 1321 1376 1377
f 1321 1377 1378
f 1321 1378 1384
f 1321 1384 1385
f 1321 1385 1386
f 1321 1386 1387
f 1321 1381 1380
f 1321 1364 1363
f 1321 1365 1364
f 1321 1366 1365
f 1321 1379 1366
f 1321 1380 1379
f 1321 1382 1381
f 1321 1383 1382
f 1321 1390 1383
f 1321 1391 1390
f 1321 1388 1500
f 1321 1387 1388
f 1321 1506 1389
f 1321 1394 1392
f 1321 1393 1394
f 1321 1392 1391
f 1321 1395 1393
f 1321 1396 1395
f 1321 1389 1396
f 1321 1501 1502
f 1321 1500 1501
f 1321 1503 1505
f 1321 1504 1503
f 1321 1502 1504
f 1321 1505 1506
f 1493 1399 1400
f 1493 1400 1401
f 1493 1401 1402
f 1493 1402 1403
f 1404 1493 1403
f 1405 1493 1404
f 1519 1493 1405
f 1520 1493 1519
f 1521 1493 1520
f 1929 846 1493
f 1374 1316 1375
f 1375 1316 1495
f 1495 1316 1496
f 1496 1316 1497
f 1497 1316 1498
f 1498 1316 1499
f 1499 1316 1507
f 1507 1316 1508
f 1508 1316 1509
f 1509 1316 1510
f 1510 1316 1511
f 1511 1316 1512
f 1512 1316 1513
f 1513 1316 1514
f 1528 1316 1529
f 1514 1316 1528
f 1516 1540 1515
f 1517 1540 1516
f 1529 1539 1530
f 1530 1539 1531
f 1531 1539 1532
f 1532 1539 1533
f 1536 1540 1535
f 1535 1540 1518
f 1538 1540 1537
f 1533 1540 1534
f 1534 1540 1538
f 1537 1540 1536
f 1518 1540 1517
f 1529 1316 1539
f 1540 1533 1539
f 1929 1493 1521
f 1929 1521 1522
f 1929 1522 1523
f 1929 1523 1524
f 1929 1524 1525
f 1929 1525 1526
f 1929 1527 1515
f 1929 1526 1527
f 1218 1587 1588
f 1182 1201 1200
f 1182 1202 1201
f 1182 1203 1202
f 1182 1210 1203
f 1607 1274 1275
f 1607 1275 1602
f 1598 1606 1599
f 1599 1606 1600
f 1603 1606 1604
f 1600 1606 1603
f 1604 1606 1605
f 1607 1601 1605
f 1607 1602 1601
f 1607 1605 1606
f 1587 1276 1607
f 1607 1278 1279
f 1607 1279 1280
f 1607 1280 1281
f 1607 1281 1282
f 1607 1282 1273
f 1607 1273 1274
f 2120 1256 1210
f 2120 1257 1256
f 2120 1258 1257
f 2120 1259 1258
f 2120 1260 1259
f 2120 1261 1260
f 2120 1262 1261
f 2120 1263 1262
f 2120 1264 1263
f 2120 1265 1264
f 2120 1266 1265
f 2120 1267 1266
f 2120 1268 1267
f 2120 1269 1268
f 2120 1270 1269
f 2120 1271 1270
f 2120 1272 1271
f 2120 1595 1272
f 2120 1596 1595
f 2120 1597 1596
f 2120 1598 1597
f 1637 1539 1316
f 1624 1637 1316
f 1540 1638 1639
f 1540 1639 1640
f 1929 1515 1540
f 1929 1540 1640
f 1929 1640 1641
f 1929 1641 1642
f 1929 1642 1656
f 1929 1656 1657
f 1634 1651 1649
f 1634 1650 1651
f 1634 1652 1650
f 1634 1653 1652
f 1634 1654 1653
f 1634 1655 1654
f 1634 1663 1655
f 1634 1664 1663
f 1929 1657 1658
f 1929 1658 1659
f 1929 1659 1660
f 1929 1660 1661
f 1929 1661 1662
f 1929 1662 1669
f 1929 1669 1670
f 1929 1670 1671
f 1929 1671 1672
f 1929 1672 1673
f 1929 1673 1674
f 1929 1674 2029
f 1929 2029 2030
f 1929 2030 2031
f 1929 2031 2032
f 1929 2032 2033
f 1929 2033 2034
f 1929 2034 2042
f 1929 2042 2043
f 514 2129 1189
f 1044 1701 1707
f 1701 1702 1707
f 1707 1708 1710
f 1707 1712 1709
f 1701 1719 1702
f 1702 1720 1707
f 1057 1703 1721
f 1703 1704 1722
f 1704 1705 1723
f 1705 1706 1724
f 1707 1725 1708
f 1708 1726 1710
f 1706 1709 1727
f 1707 1710 1712
f 1710 1711 1712
f 1709 1712 1714
f 1712 1713 1714
f 1709 1714 1715
f 1710 1728 1711
f 1711 1729 1712
f 1712 1730 1713
f 1713 1731 1714
f 1709 1715 1733
f 1714 1732 1715
f 1716 1779 1717
f 1716 1734 1767
f 1717 1779 1718
f 1716 1717 1766
f 1717 1718 1766
f 1083 1719 1701
f 1719 1720 1702
f 1703 1722 1721
f 1704 1723 1722
f 1705 1724 1723
f 1707 1720 1725
f 1708 1725 1726
f 1706 1727 1724
f 1710 1726 1728
f 1711 1728 1729
f 1709 1733 1727
f 1712 1729 1730
f 1713 1730 1731
f 1731 1732 1714
f 1727 1733 1754
f 1715 1732 1733
f 1728 1734 1729
f 1729 1734 1730
f 1730 1734 1731
f 1731 1734 1732
f 1732 1734 1733
f 1733 1734 1754
f 1716 1766 1734
f 1735 1751 1736
f 1736 1752 1737
f 1737 1753 1738
f 1122 1124 1748
f 1124 1125 1748
f 1125 1126 1748
f 1126 1129 1748
f 1133 1741 1740
f 1118 1748 1741
f 1129 1130 1748
f 1131 1739 1748
f 1130 1131 1748
f 1735 1748 1739
f 1735 1736 1748
f 1741 1743 1742
f 1741 1745 1743
f 1735 1739 1755
f 1133 1740 1756
f 1740 1741 1757
f 1741 1742 1758
f 1742 1743 1759
f 1737 1738 1748
f 1738 1754 1748
f 1736 1737 1748
f 1741 1748 1745
f 1743 1745 1744
f 1745 1747 1746
f 1745 1748 1747
f 1743 1744 1760
f 1744 1745 1761
f 1745 1746 1762
f 1746 1747 1763
f 1747 1749 1765
f 1747 1748 1749
f 1748 1764 1749
f 1718 1786 1750
f 1718 1750 1766
f 1736 1751 1752
f 1737 1752 1753
f 1738 1753 1754
f 1167 1727 1168
f 1168 1727 1169
f 1169 1727 1755
f 1727 1751 1755
f 1727 1752 1751
f 1727 1753 1752
f 1727 1754 1753
f 1169 1755 1739
f 1735 1755 1751
f 1740 1757 1756
f 1741 1758 1757
f 1742 1759 1758
f 1743 1760 1759
f 1745 1762 1761
f 1744 1761 1760
f 1754 1764 1748
f 1746 1763 1762
f 1747 1765 1763
f 1734 1766 1754
f 1749 1764 1765
f 1754 1766 1764
f 1762 1763 1766
f 1763 1765 1766
f 1764 1766 1765
f 1750 2022 1766
f 1716 1767 1768
f 1716 1772 1773
f 1716 1773 1779
f 1716 1774 1772
f 1716 1775 1774
f 1716 1776 1775
f 1716 1777 1776
f 1716 1778 1777
f 1716 1794 1778
f 1768 1769 1770
f 1768 1770 1790
f 1770 1771 1790
f 1716 1768 1801
f 1716 1795 1794
f 1716 1796 1795
f 1716 1797 1796
f 1716 1798 1797
f 1716 1799 1798
f 1716 1800 1799
f 1716 1801 1800
f 1767 1894 1768
f 1768 1895 1769
f 1769 1897 1770
f 1770 1897 1771
f 1771 1898 1790
f 1772 1899 1773
f 1772 1774 1901
f 1774 1775 1902
f 1773 1900 1779
f 1775 1776 1903
f 1776 1777 1904
f 1777 1778 1905
f 1718 1779 1786
f 1779 1780 1786
f 1780 1781 1786
f 1781 1782 1786
f 1782 1783 1786
f 1783 1784 1786
f 1784 1785 1786
f 1785 1815 1786
f 1786 1815 1816
f 1786 1816 1817
f 1786 1788 1787
f 1786 1825 1788
f 1788 1823 1789
f 1779 1906 1780
f 1780 1907 1781
f 1781 1908 1782
f 1782 1909 1783
f 1783 1910 1784
f 1784 1911 1785
f 1785 1912 1815
f 1786 1787 1914
f 1787 1788 1915
f 1788 1789 1916
f 1768 1790 1802
f 1790 1791 1792
f 1790 1792 1802
f 1792 1793 1802
f 1768 1805 1801
f 1768 1806 1805
f 1768 1807 1806
f 1768 1808 1807
f 1768 1802 1850
f 1802 1803 1804
f 1802 1804 1841
f 1790 1917 1791
f 1791 1918 1792
f 1792 1919 1793
f 1778 1794 1921
f 1794 1795 1922
f 1795 1796 1923
f 1796 1797 1924
f 1797 1798 1925
f 1798 1799 1926
f 1799 1800 1927
f 1800 1801 1928
f 1793 1920 1802
f 1802 1929 1803
f 1803 1930 1804
f 1804 1931 1840
f 1801 1805 1932
f 1805 1806 1933
f 1806 1807 1934
f 1807 1808 1935
f 1808 1809 1936
f 1809 1810 1937
f 1810 1811 1938
f 1811 1812 1939
f 1812 1813 1940
f 1813 1814 1941
f 1786 1817 1818
f 1786 1818 1819
f 1786 1819 1820
f 1788 1825 1823
f 1823 1825 1824
f 1786 1864 1825
f 1825 1837 1826
f 1786 1820 1889
f 1825 1839 1837
f 1837 1839 1838
f 1825 1864 1839
f 1815 1942 1816
f 1816 1943 1817
f 1817 1944 1818
f 1818 1945 1819
f 1819 1946 1820
f 1820 1947 1821
f 1821 1948 1822
f 1789 1823 1950
f 1823 1824 1951
f 1824 1825 1952
f 1825 1826 1953
f 1822 1949 1827
f 1827 1954 1828
f 1828 1955 1829
f 1829 1956 1830
f 1830 1957 1836
f 1831 1958 1832
f 1832 1959 1833
f 1833 1960 1835
f 1834 1961 1859
f 1834 1835 1962
f 1831 1836 1963
f 1826 1837 1964
f 1837 1838 1965
f 1838 1839 1966
f 1804 1840 1841
f 1802 1841 1850
f 1841 1842 1843
f 1841 1843 1850
f 1768 1889 1808
f 1768 1850 1889
f 1808 1889 1809
f 1809 1889 1810
f 1810 1889 1811
f 1811 1889 1812
f 1843 1849 1850
f 1812 1889 1813
f 1813 1889 1814
f 1814 1889 1844
f 1844 1889 1845
f 1845 1889 1846
f 1850 1851 1852
f 1850 1852 1870
f 1840 1967 1841
f 1841 1968 1842
f 1842 1969 1843
f 1843 1970 1849
f 1814 1844 1971
f 1844 1845 1972
f 1845 1846 1973
f 1846 1847 1974
f 1847 1848 1975
f 1848 1854 1981
f 1849 1976 1850
f 1850 1977 1851
f 1851 1978 1852
f 1852 1979 1869
f 1822 1827 1889
f 1820 1821 1889
f 1821 1822 1889
f 1786 1889 1864
f 1827 1828 1889
f 1828 1829 1889
f 1829 1830 1889
f 1830 1836 1889
f 1831 1889 1836
f 1832 1833 1889
f 1831 1832 1889
f 1839 1862 1861
f 1839 1864 1862
f 1862 1864 1863
f 1846 1889 1847
f 1847 1889 1848
f 1848 1889 1854
f 1854 1889 1855
f 1855 1889 1856
f 1856 1889 1857
f 1857 1889 1858
f 1853 1889 1860
f 1853 1858 1889
f 1833 1835 1889
f 1834 1859 1889
f 1834 1889 1835
f 1859 1860 1889
f 1864 1866 1865
f 1864 1868 1866
f 1866 1868 1867
f 1864 1882 1868
f 1854 1855 1982
f 1855 1856 1983
f 1856 1857 1984
f 1857 1858 1985
f 1853 1980 1858
f 1859 1986 1860
f 1853 1860 1987
f 1839 1861 1988
f 1861 1862 1989
f 1862 1863 1990
f 1863 1864 1991
f 1864 1865 1992
f 1865 1866 1993
f 1866 1867 1994
f 1867 1868 1995
f 1852 1869 1870
f 1850 1870 1874
f 1870 1871 1872
f 1870 1872 1874
f 1872 1873 1874
f 1850 1874 1889
f 1874 1875 1876
f 1874 1876 1878
f 1874 1878 1889
f 1876 1877 1878
f 1878 1879 1887
f 1869 1996 1870
f 1870 1997 1871
f 1871 1998 1872
f 1872 1999 1873
f 1873 2000 1874
f 1874 2001 1875
f 1875 2002 1876
f 1876 2003 1877
f 1877 2004 1878
f 1878 2005 1879
f 1879 2006 1887
f 1864 1889 1882
f 1868 1882 1880
f 1880 1882 1881
f 1882 1893 1883
f 1882 1883 1884
f 1868 1880 1885
f 1886 1893 1890
f 1878 1887 1889
f 1887 1888 1889
f 1889 1890 1893
f 1889 1891 1890
f 1882 1889 1893
f 1883 1893 1892
f 1880 1881 2008
f 1881 1882 2009
f 1882 1884 2011
f 1883 2010 1884
f 1883 1892 2019
f 1868 1885 2012
f 1880 2007 1885
f 1886 2013 1893
f 1887 2014 1888
f 1888 2015 1889
f 1889 2016 1891
f 1890 1891 2018
f 1886 1890 2017
f 1892 1893 2020
f 1734 1894 1767
f 1768 1894 1895
f 1769 1895 1896
f 1769 1896 1897
f 1771 1897 1898
f 1773 1899 1900
f 1772 1901 1899
f 1774 1902 1901
f 1775 1903 1902
f 1776 1904 1903
f 1777 1905 1904
f 1778 1921 1905
f 1894 1896 1895
f 1894 1897 1896
f 1899 1901 1900
f 1900 1901 1902
f 1900 1902 1903
f 1900 1903 1904
f 1900 1904 1905
f 1900 1905 1921
f 1900 1921 1922
f 1900 1922 1923
f 1779 1900 1906
f 1780 1906 1907
f 1781 1907 1908
f 1782 1908 1909
f 1783 1909 1910
f 1784 1910 1911
f 1785 1911 1912
f 1786 1914 1913
f 1787 1915 1914
f 1788 1916 1915
f 1789 1950 1916
f 1900 1907 1906
f 1900 1908 1907
f 1900 1909 1908
f 1900 1910 1909
f 1900 1911 1910
f 1900 1912 1911
f 1900 1942 1912
f 1900 1943 1942
f 1900 1944 1943
f 1790 1898 1917
f 1791 1917 1918
f 1792 1918 1919
f 1793 1919 1920
f 1794 1922 1921
f 1795 1923 1922
f 1796 1924 1923
f 1797 1925 1924
f 1798 1926 1925
f 1799 1927 1926
f 1800 1928 1927
f 1802 1920 1929
f 1803 1929 1930
f 1804 1930 1931
f 1801 1932 1928
f 1805 1933 1932
f 1806 1934 1933
f 1807 1935 1934
f 1808 1936 1935
f 1809 1937 1936
f 1810 1938 1937
f 1811 1939 1938
f 1812 1940 1939
f 1813 1941 1940
f 1814 1971 1941
f 1900 1923 1924
f 1900 1924 1925
f 1900 1925 1926
f 1900 1926 1927
f 1900 1927 1928
f 1900 1928 1932
f 1900 1932 1933
f 1900 1933 1934
f 1900 1934 1935
f 1900 1935 1936
f 1900 1936 1937
f 1900 1937 1938
f 1900 1938 1939
f 1900 1939 1940
f 1900 1940 1941
f 1900 1941 1971
f 1900 1971 1972
f 1900 1972 1973
f 1900 1973 1974
f 1900 1974 1975
f 1900 1975 1981
f 1900 1981 1982
f 1900 1982 1983
f 1900 1984 1985
f 1900 1985 1980
f 1900 1980 1987
f 1900 1983 1984
f 1815 1912 1942
f 1816 1942 1943
f 1817 1943 1944
f 1818 1944 1945
f 1819 1945 1946
f 1820 1946 1947
f 1821 1947 1948
f 1822 1948 1949
f 1823 1951 1950
f 1824 1952 1951
f 1825 1953 1952
f 1827 1949 1954
f 1828 1954 1955
f 1829 1955 1956
f 1830 1956 1957
f 1832 1958 1959
f 1833 1959 1960
f 1834 1962 1961
f 1835 1960 1962
f 1836 1957 1963
f 1831 1963 1958
f 1826 1964 1953
f 1837 1965 1964
f 1838 1966 1965
f 1839 1988 1966
f 1900 1945 1944
f 1900 1946 1945
f 1900 1947 1946
f 1900 1954 1949
f 1900 1948 1947
f 1900 1949 1948
f 1900 1955 1954
f 1900 1956 1955
f 1900 1957 1956
f 1900 1963 1957
f 1900 1958 1963
f 1900 1960 1959
f 1900 1962 1960
f 1900 1959 1958
f 1900 1961 1962
f 1900 1987 1986
f 1900 1986 1961
f 1931 1967 1840
f 1841 1967 1968
f 1842 1968 1969
f 1843 1969 1970
f 1844 1972 1971
f 1845 1973 1972
f 1846 1974 1973
f 1847 1975 1974
f 1848 1981 1975
f 1849 1970 1976
f 1850 1976 1977
f 1851 1977 1978
f 1852 1978 1979
f 1853 1987 1980
f 1854 1982 1981
f 1855 1983 1982
f 1856 1984 1983
f 1857 1985 1984
f 1858 1980 1985
f 1961 1986 1859
f 1860 1986 1987
f 1861 1989 1988
f 1862 1990 1989
f 1863 1991 1990
f 1864 1992 1991
f 1865 1993 1992
f 1866 1994 1993
f 1867 1995 1994
f 1868 2012 1995
f 1869 1979 1996
f 1870 1996 1997
f 1871 1997 1998
f 1872 1998 1999
f 1873 1999 2000
f 1874 2000 2001
f 1875 2001 2002
f 1876 2002 2003
f 1877 2003 2004
f 1878 2004 2005
f 1879 2005 2006
f 1887 2006 2014
f 1880 2008 2007
f 1881 2009 2008
f 1882 2011 2009
f 1884 2010 2011
f 1883 2019 2010
f 1885 2007 2012
f 1886 2017 2013
f 1888 2014 2015
f 1889 2015 2016
f 1890 2018 2017
f 1891 2016 2018
f 1892 2020 2019
f 1893 2013 2020
f 1750 1786 2021
f 1786 2022 2021
f 1750 2021 2022
f 515 2131 2129
f 1786 1913 2022
f 1913 1914 2022
f 1914 1915 2022
f 1915 1916 2022
f 1916 1950 2022
f 1950 1951 2022
f 1951 1952 2022
f 1952 1953 2022
f 1953 1964 2022
f 1964 1965 2022
f 1965 1966 2022
f 1171 1756 2131
f 1756 1757 2131
f 1757 1758 2131
f 1758 1759 2131
f 1759 1760 2131
f 1760 1761 2131
f 1761 1762 2131
f 1762 1766 2131
f 1766 2022 2131
f 2113 1592 1591
f 2112 1591 1628
f 2115 1594 1593
f 2114 1593 1631
f 2111 2120 1210
f 1182 2111 1210
f 2120 1606 1598
f 2120 1627 1606
f 2121 1628 1627
f 2122 1629 1592
f 2123 1631 1629
f 1632 2116 1633
f 2117 1664 1634
f 2124 1632 1594
f 2124 2116 1632
f 2117 1665 1664
f 2117 1666 1665
f 2117 1667 1666
f 2117 1668 1667
f 2117 2023 1668
f 2117 2024 2023
f 2117 2025 2024
f 2117 2026 2025
f 2117 2027 2026
f 2117 2028 2027
f 1929 2043 2044
f 1929 2044 2045
f 1929 2045 2047
f 1929 2047 2046
f 1929 2046 2048
f 1929 2048 2049
f 1929 2049 2087
f 1929 2087 2088
f 1929 2088 2090
f 1929 2124 1930
f 1930 2124 1931
f 1929 2090 2126
f 1931 2124 1967
f 1967 2124 1968
f 1968 2124 1969
f 1969 2124 1970
f 1970 2124 1976
f 1976 2124 1977
f 1977 2124 1978
f 1978 2124 1979
f 1979 2124 1996
f 1996 2124 1997
f 1997 2124 1998
f 1998 2124 1999
f 1999 2124 2000
f 2000 2124 2001
f 2117 2035 2028
f 2117 2036 2035
f 2117 2037 2036
f 2037 2117 2038
f 2038 2117 2039
f 2039 2117 2040
f 2040 2117 2041
f 2041 2117 2077
f 2077 2117 2078
f 2078 2117 2079
f 2079 2125 2080
f 2080 2125 2081
f 2089 2126 2090
f 2091 2126 2089
f 1929 2126 2124
f 2082 2126 2084
f 2092 2126 2091
f 2093 2126 2092
f 2086 2126 2083
f 2084 2126 2085
f 2085 2126 2086
f 2083 2126 2093
f 2079 2117 2125
f 2112 2113 1591
f 2113 2122 1592
f 2114 2115 1593
f 2115 2124 1594
f 2111 2112 2121
f 2113 2114 2123
f 1178 2130 1179
f 2120 2121 1627
f 2112 1628 2121
f 2122 2123 1629
f 2114 1631 2123
f 2124 2117 2116
f 2124 2125 2117
f 2124 2126 2125
f 2111 2121 2120
f 2113 2123 2122
f 1179 2130 1180
f 1180 2130 1181
f 1181 2130 1182
f 1182 2130 2111
f 2111 2130 2112
f 2112 2130 2113
f 2113 2130 2114
f 2114 2130 2115
f 2115 2131 2124
f 1189 2129 2130
f 2001 2124 2002
f 2002 2124 2003
f 2003 2124 2004
f 2004 2124 2005
f 2005 2124 2006
f 2006 2124 2014
f 2014 2124 2015
f 1966 2131 2022
f 1991 1992 2131
f 1992 1993 2131
f 1993 1994 2131
f 1994 1995 2131
f 1995 2012 2131
f 2007 2131 2012
f 2008 2009 2131
f 2007 2008 2131
f 2009 2011 2131
f 2010 2131 2011
f 1966 1988 2131
f 1988 1989 2131
f 1989 1990 2131
f 1990 1991 2131
f 2017 2018 2131
f 2013 2131 2020
f 2013 2017 2131
f 2015 2131 2016
f 2016 2131 2018
f 2010 2019 2131
f 2019 2020 2131
f 2115 2130 2131
f 2015 2124 2131
f 2129 2131 2130
f 14 7 8
f 15 8 9
f 16 9 10
f 18 10 12
f 17 12 11
f 13 7 14
f 13 14 15
f 13 56 55
f 13 57 56
f 14 8 15
f 15 9 16
f 16 10 18
f 18 12 17
f 13 58 57
f 13 59 58
f 13 60 59
f 13 183 60
f 13 15 202
f 13 184 183
f 15 16 18
f 13 185 184
f 13 186 185
f 13 187 186
f 18 17 92
f 15 18 92
f 13 188 187
f 13 189 188
f 13 201 189
f 24 33 25
f 51 26 27
f 34 25 33
f 51 27 52
f 13 33 7
f 13 53 33
f 53 54 33
f 73 34 33
f 54 73 33
f 55 36 35
f 61 35 41
f 56 37 36
f 57 38 37
f 58 39 38
f 59 40 39
f 62 41 42
f 63 48 43
f 64 42 44
f 65 44 45
f 66 45 46
f 67 46 47
f 68 49 48
f 69 50 49
f 13 61 53
f 53 61 54
f 13 55 61
f 54 61 63
f 55 56 36
f 55 35 61
f 56 57 37
f 57 58 38
f 58 59 39
f 59 60 40
f 61 41 62
f 63 68 48
f 62 42 64
f 64 44 65
f 65 45 66
f 66 46 67
f 68 69 49
f 69 70 50
f 61 62 63
f 62 64 63
f 63 64 65
f 63 69 68
f 63 193 69
f 69 193 70
f 63 43 51
f 74 51 52
f 54 63 73
f 63 74 73
f 63 51 74
f 73 71 34
f 73 72 71
f 74 52 72
f 73 74 72
f 92 11 75
f 93 75 76
f 94 76 77
f 95 77 78
f 96 78 79
f 97 79 80
f 98 80 81
f 99 81 82
f 100 82 83
f 17 11 92
f 92 75 93
f 93 76 94
f 94 77 95
f 95 78 96
f 15 92 96
f 13 202 201
f 92 93 94
f 92 94 96
f 94 95 96
f 96 79 97
f 97 80 98
f 98 81 99
f 99 82 100
f 15 96 104
f 15 104 203
f 96 97 98
f 96 98 100
f 98 99 100
f 101 83 84
f 102 84 85
f 103 85 86
f 104 86 87
f 105 87 88
f 106 88 89
f 107 89 90
f 108 90 91
f 100 83 101
f 101 84 102
f 102 85 103
f 103 86 104
f 104 87 105
f 96 100 104
f 100 101 102
f 100 102 104
f 102 103 104
f 105 88 106
f 106 89 107
f 107 90 108
f 104 105 106
f 104 106 108
f 106 107 108
f 60 109 40
f 183 110 109
f 184 111 110
f 185 112 111
f 186 113 112
f 187 114 113
f 188 115 114
f 189 127 115
f 190 47 116
f 191 116 117
f 192 117 118
f 195 118 121
f 70 119 50
f 193 120 119
f 196 121 122
f 197 122 123
f 198 123 124
f 194 125 120
f 199 126 125
f 200 140 126
f 201 128 127
f 202 129 128
f 203 130 129
f 204 131 130
f 205 132 131
f 206 133 132
f 207 134 133
f 208 135 134
f 209 149 135
f 210 124 136
f 211 136 137
f 212 139 138
f 213 137 139
f 214 141 140
f 215 147 141
f 216 138 142
f 217 142 143
f 218 143 144
f 219 144 145
f 220 145 146
f 221 148 147
f 222 170 148
f 60 183 109
f 183 184 110
f 184 185 111
f 185 186 112
f 186 187 113
f 187 188 114
f 188 189 115
f 15 203 202
f 67 47 190
f 190 116 191
f 191 117 192
f 192 118 195
f 70 193 119
f 193 194 120
f 195 121 196
f 196 122 197
f 197 123 198
f 198 124 210
f 194 199 125
f 199 200 126
f 63 214 193
f 193 199 194
f 65 66 248
f 66 67 248
f 67 190 248
f 63 65 248
f 193 214 199
f 199 214 200
f 189 201 127
f 201 202 128
f 202 203 129
f 203 204 130
f 204 205 131
f 205 206 132
f 206 207 133
f 207 208 134
f 208 209 135
f 203 104 204
f 204 104 205
f 210 136 211
f 211 137 213
f 212 138 216
f 213 139 212
f 200 214 140
f 214 215 141
f 216 142 217
f 218 217 143
f 218 144 219
f 241 220 146
f 219 145 220
f 215 221 147
f 221 222 148
f 222 244 170
f 190 191 248
f 191 192 248
f 192 195 248
f 195 196 248
f 196 197 248
f 63 248 214
f 214 221 215
f 197 198 248
f 198 210 248
f 210 211 248
f 211 213 248
f 213 212 248
f 212 216 248
f 214 244 221
f 221 244 222
f 223 150 149
f 224 151 150
f 225 152 151
f 226 153 152
f 227 154 153
f 228 156 154
f 229 169 155
f 230 157 156
f 231 158 157
f 232 159 158
f 233 160 159
f 234 161 160
f 235 166 161
f 236 155 162
f 237 162 163
f 238 165 164
f 239 163 165
f 240 164 166
f 241 146 167
f 242 167 168
f 243 168 169
f 244 171 170
f 245 172 171
f 246 173 172
f 247 174 173
f 248 177 174
f 249 91 175
f 250 175 176
f 251 178 177
f 252 179 178
f 253 180 179
f 254 181 180
f 255 182 181
f 256 270 182
f 209 223 149
f 223 224 150
f 224 225 151
f 225 226 152
f 226 227 153
f 227 228 154
f 229 243 169
f 228 230 156
f 230 231 157
f 231 232 158
f 232 233 159
f 233 234 160
f 234 235 161
f 229 155 236
f 236 162 237
f 239 237 163
f 240 238 164
f 238 239 165
f 240 166 235
f 205 104 206
f 206 104 207
f 207 104 208
f 208 104 209
f 209 104 223
f 223 104 224
f 224 104 225
f 225 104 226
f 226 104 227
f 227 104 228
f 228 104 230
f 230 104 231
f 231 104 232
f 232 104 233
f 233 104 234
f 234 104 235
f 240 235 104
f 240 104 248
f 241 167 242
f 243 242 168
f 244 245 171
f 245 246 172
f 246 247 173
f 247 248 174
f 216 217 248
f 218 248 217
f 218 219 248
f 219 220 248
f 243 248 242
f 229 236 248
f 229 248 243
f 241 248 220
f 241 242 248
f 214 248 244
f 244 246 245
f 244 248 246
f 240 248 238
f 238 248 239
f 239 248 237
f 236 237 248
f 246 248 247
f 108 91 249
f 249 175 250
f 250 176 278
f 104 287 248
f 104 108 279
f 108 249 250
f 108 250 279
f 104 279 287
f 248 251 177
f 251 252 178
f 252 253 179
f 254 180 253
f 254 255 181
f 255 256 182
f 248 252 251
f 248 254 252
f 252 254 253
f 248 292 254
f 248 287 292
f 254 256 255
f 292 256 254
f 278 176 257
f 279 257 258
f 280 258 259
f 281 259 260
f 282 260 261
f 283 261 262
f 284 262 263
f 285 263 264
f 286 264 265
f 287 265 266
f 288 269 267
f 296 268 275
f 289 267 268
f 290 266 269
f 292 272 271
f 291 271 270
f 293 273 272
f 294 274 273
f 295 275 274
f 278 257 279
f 279 258 280
f 280 259 281
f 281 260 282
f 282 261 283
f 283 262 284
f 284 263 285
f 285 264 286
f 286 265 287
f 288 290 269
f 289 268 296
f 288 267 289
f 287 266 290
f 250 278 279
f 279 280 281
f 279 281 283
f 281 282 283
f 279 283 287
f 292 287 296
f 283 284 285
f 283 285 287
f 285 286 287
f 288 296 287
f 288 289 296
f 288 287 290
f 292 293 272
f 291 270 256
f 292 271 291
f 294 273 293
f 294 295 274
f 296 275 295
f 292 291 256
f 292 294 293
f 292 296 294
f 296 295 294
f 297 277 276
f 298 337 277
f 297 298 277
f 297 276 367
f 297 371 298
f 305 352 299
f 306 299 300
f 307 300 301
f 308 301 302
f 309 302 303
f 310 303 304
f 324 304 311
f 375 352 305
f 305 299 306
f 306 300 307
f 305 306 307
f 305 307 309
f 307 301 308
f 308 302 309
f 309 303 310
f 310 304 324
f 307 308 309
f 305 309 326
f 309 310 324
f 325 311 312
f 326 312 313
f 327 313 314
f 328 314 315
f 329 315 316
f 330 316 317
f 324 311 325
f 325 312 326
f 326 313 327
f 309 324 326
f 324 325 326
f 326 327 328
f 327 314 328
f 328 315 329
f 329 316 330
f 326 328 330
f 328 329 330
f 331 317 318
f 332 318 319
f 333 319 320
f 334 320 321
f 335 321 322
f 336 322 323
f 330 317 331
f 331 318 332
f 332 319 333
f 326 330 334
f 330 331 332
f 330 332 334
f 333 320 334
f 334 321 335
f 335 322 336
f 332 333 334
f 326 334 462
f 334 335 336
f 334 336 411
f 367 276 344
f 363 339 340
f 362 338 339
f 364 340 341
f 365 343 342
f 366 344 343
f 361 342 338
f 368 341 345
f 369 345 346
f 370 346 347
f 371 348 337
f 371 349 348
f 372 350 349
f 297 367 371
f 298 371 337
f 362 361 338
f 363 362 339
f 363 340 364
f 365 366 343
f 366 367 344
f 361 365 342
f 368 345 369
f 364 341 368
f 369 346 370
f 370 347 374
f 362 365 361
f 363 364 362
f 365 367 366
f 362 367 365
f 362 371 367
f 364 368 369
f 364 369 362
f 305 362 369
f 369 370 374
f 362 379 371
f 371 372 349
f 372 373 350
f 371 373 372
f 374 347 351
f 375 351 352
f 373 353 350
f 376 354 353
f 377 355 354
f 378 356 355
f 379 357 356
f 380 358 357
f 381 359 358
f 382 360 359
f 383 384 360
f 375 374 351
f 305 369 374
f 375 305 374
f 305 326 362
f 373 376 353
f 376 377 354
f 377 378 355
f 378 379 356
f 379 380 357
f 371 377 373
f 373 377 376
f 371 379 377
f 377 379 378
f 380 381 358
f 381 382 359
f 382 383 360
f 362 399 379
f 379 381 380
f 379 383 381
f 381 383 382
f 379 399 383
f 396 385 384
f 397 386 385
f 398 387 386
f 399 388 387
f 400 389 388
f 401 390 389
f 383 396 384
f 396 397 385
f 397 398 386
f 383 397 396
f 383 399 397
f 397 399 398
f 362 326 462
f 362 462 399
f 398 399 387
f 399 400 388
f 400 401 389
f 399 401 400
f 399 403 401
f 402 391 390
f 403 392 391
f 404 393 392
f 405 394 393
f 406 395 394
f 407 433 395
f 401 402 390
f 402 403 391
f 403 404 392
f 401 403 402
f 399 407 403
f 403 405 404
f 404 405 393
f 405 406 394
f 406 407 395
f 403 407 405
f 405 407 406
f 399 468 407
f 410 323 408
f 411 408 409
f 336 323 410
f 410 408 411
f 336 410 411
f 412 446 413
f 454 414 415
f 477 417 416
f 479 419 420
f 481 421 745
f 422 487 423
f 488 424 425
f 495 427 426
f 496 428 429
f 499 431 747
f 412 445 446
f 454 415 455
f 456 409 432
f 457 434 433
f 458 435 434
f 459 440 435
f 460 432 436
f 461 436 437
f 462 437 438
f 463 438 439
f 464 441 440
f 465 442 441
f 466 443 442
f 467 444 443
f 411 409 456
f 334 411 462
f 411 456 460
f 407 457 433
f 457 458 434
f 458 459 435
f 459 464 440
f 399 462 468
f 407 458 457
f 407 464 458
f 458 464 459
f 407 468 464
f 456 432 460
f 460 436 461
f 461 437 462
f 462 438 463
f 411 460 462
f 460 461 462
f 462 463 469
f 464 465 441
f 465 466 442
f 466 467 443
f 468 444 467
f 464 466 465
f 464 468 466
f 466 468 467
f 468 445 444
f 468 446 445
f 468 476 446
f 469 439 447
f 470 447 448
f 471 448 449
f 472 449 450
f 473 450 451
f 474 451 452
f 475 453 454
f 463 439 469
f 469 447 470
f 470 448 471
f 471 449 472
f 472 450 473
f 462 469 471
f 469 470 471
f 462 471 474
f 462 474 468
f 471 472 473
f 471 473 474
f 474 475 468
f 473 451 474
f 475 454 455
f 468 475 802
f 416 476 477
f 418 478 769
f 479 420 480
f 468 477 476
f 468 478 477
f 468 802 478
f 811 455 479
f 475 455 811
f 811 479 480
f 811 480 481
f 475 811 802
f 422 486 487
f 488 425 489
f 475 484 453
f 490 452 482
f 474 452 490
f 474 492 475
f 474 490 492
f 475 492 484
f 492 482 484
f 491 486 483
f 491 483 485
f 493 485 488
f 490 482 492
f 491 485 493
f 491 487 486
f 491 494 487
f 493 488 489
f 426 494 495
f 496 429 497
f 430 498 812
f 491 495 494
f 491 498 495
f 836 489 496
f 491 493 828
f 493 489 836
f 836 496 497
f 836 497 499
f 491 828 498
f 828 493 829
f 829 493 830
f 830 493 836
f 545 517 516
f 518 547 519
f 532 533 585
f 543 544 742
f 640 516 522
f 548 545 516
f 518 546 547
f 549 546 545
f 548 516 640
f 548 549 545
f 549 550 546
f 548 652 549
f 548 640 641
f 548 644 642
f 548 645 644
f 548 647 645
f 548 648 647
f 548 642 652
f 549 652 550
f 550 652 653
f 550 547 546
f 550 551 547
f 550 552 551
f 550 653 552
f 653 743 552
f 552 521 520
f 552 544 521
f 552 520 551
f 552 743 544
f 641 522 523
f 643 523 524
f 646 524 525
f 649 525 526
f 661 526 527
f 662 527 528
f 665 528 529
f 668 529 530
f 671 530 531
f 585 533 586
f 689 531 534
f 692 534 535
f 695 535 536
f 696 536 537
f 713 537 538
f 714 538 539
f 715 539 540
f 723 540 541
f 723 541 542
f 723 542 621
f 642 554 553
f 644 555 554
f 645 556 555
f 640 522 641
f 641 523 643
f 643 524 646
f 647 557 556
f 648 558 557
f 650 559 558
f 651 569 559
f 646 525 649
f 649 526 661
f 652 553 560
f 654 560 562
f 653 564 561
f 655 562 563
f 657 563 565
f 658 565 566
f 659 566 567
f 660 567 568
f 663 570 569
f 664 571 570
f 666 572 571
f 661 527 662
f 662 528 665
f 667 573 572
f 669 574 573
f 670 575 574
f 672 576 575
f 665 529 668
f 668 530 671
f 671 531 689
f 674 568 577
f 675 577 578
f 676 578 579
f 677 579 580
f 678 580 581
f 679 581 582
f 680 582 583
f 681 583 584
f 642 644 554
f 644 645 555
f 645 647 556
f 642 553 652
f 647 648 557
f 648 650 558
f 651 559 650
f 548 651 650
f 548 663 651
f 548 650 648
f 641 643 646
f 548 641 673
f 548 664 663
f 548 666 664
f 548 667 666
f 641 646 661
f 548 669 667
f 548 670 669
f 646 649 661
f 548 672 670
f 548 673 672
f 652 560 654
f 654 562 655
f 655 563 657
f 653 656 564
f 657 565 658
f 658 566 659
f 659 567 660
f 660 568 674
f 652 654 653
f 654 655 653
f 655 657 653
f 653 682 656
f 651 663 569
f 663 664 570
f 664 666 571
f 666 667 572
f 667 669 573
f 669 670 574
f 670 672 575
f 672 673 576
f 641 661 671
f 661 662 665
f 661 665 671
f 641 690 673
f 665 668 671
f 641 671 723
f 641 723 690
f 674 577 675
f 675 578 676
f 676 579 677
f 677 580 678
f 678 581 679
f 679 582 680
f 680 583 681
f 657 734 653
f 657 658 734
f 658 659 734
f 659 660 734
f 660 674 734
f 674 675 734
f 653 561 585
f 653 585 586
f 656 587 564
f 682 588 587
f 683 589 588
f 743 586 742
f 684 590 589
f 685 591 590
f 686 592 591
f 687 593 592
f 688 634 593
f 656 682 587
f 682 683 588
f 683 684 589
f 653 684 682
f 682 684 683
f 653 586 743
f 684 685 590
f 685 686 591
f 686 687 592
f 687 688 593
f 653 688 684
f 684 686 685
f 684 688 686
f 686 688 687
f 653 734 688
f 673 594 576
f 690 595 594
f 691 596 595
f 693 597 596
f 689 534 692
f 692 535 695
f 694 598 597
f 695 536 696
f 696 537 713
f 697 599 598
f 698 600 599
f 699 601 600
f 700 602 601
f 701 603 602
f 703 584 604
f 704 604 605
f 705 605 606
f 706 606 607
f 707 607 608
f 708 608 609
f 709 609 610
f 710 610 611
f 711 611 612
f 712 612 613
f 713 538 714
f 714 539 715
f 702 614 603
f 716 615 614
f 717 616 615
f 718 617 616
f 719 618 617
f 720 619 618
f 721 620 619
f 722 629 620
f 724 621 622
f 715 540 723
f 725 625 623
f 728 624 626
f 726 628 624
f 727 626 625
f 729 613 627
f 730 627 628
f 731 630 629
f 732 623 630
f 733 632 631
f 734 633 632
f 735 755 633
f 673 690 594
f 690 691 595
f 691 693 596
f 693 694 597
f 694 697 598
f 697 698 599
f 698 699 600
f 699 700 601
f 700 701 602
f 701 702 603
f 671 689 692
f 671 692 696
f 692 695 696
f 690 723 691
f 691 723 693
f 671 696 723
f 693 723 694
f 694 723 697
f 697 723 698
f 681 584 703
f 703 604 704
f 705 704 605
f 705 606 706
f 706 607 707
f 707 608 708
f 709 708 609
f 709 610 710
f 711 710 611
f 711 612 712
f 676 677 734
f 677 678 734
f 675 676 734
f 678 679 734
f 679 680 734
f 680 681 734
f 681 703 734
f 703 704 734
f 705 734 704
f 705 706 734
f 706 707 734
f 707 708 734
f 702 716 614
f 716 717 615
f 717 718 616
f 718 719 617
f 719 720 618
f 720 721 619
f 721 722 620
f 722 731 629
f 723 621 724
f 724 622 781
f 696 713 714
f 698 723 699
f 699 723 700
f 700 723 701
f 701 723 702
f 696 714 723
f 714 715 723
f 702 723 716
f 716 723 717
f 717 723 718
f 718 723 719
f 719 723 720
f 720 723 721
f 723 722 721
f 723 731 722
f 723 732 731
f 723 725 732
f 723 724 781
f 730 628 726
f 727 625 725
f 728 726 624
f 727 728 626
f 712 613 729
f 729 627 730
f 731 732 630
f 732 725 623
f 733 734 632
f 734 735 633
f 727 734 728
f 728 734 726
f 730 726 734
f 727 725 734
f 709 734 708
f 709 710 734
f 711 734 710
f 712 729 734
f 711 712 734
f 729 730 734
f 741 734 733
f 723 734 725
f 734 788 735
f 736 635 634
f 737 636 635
f 738 637 636
f 739 638 637
f 740 639 638
f 741 631 639
f 688 736 634
f 736 737 635
f 737 738 636
f 738 739 637
f 739 740 638
f 688 737 736
f 688 739 737
f 737 739 738
f 688 734 739
f 740 741 639
f 741 733 631
f 739 741 740
f 739 734 741
f 743 742 544
f 418 769 744
f 430 812 746
f 481 745 779
f 781 622 748
f 782 748 749
f 783 749 750
f 784 750 751
f 785 751 752
f 786 752 753
f 787 753 754
f 788 756 755
f 789 757 756
f 790 758 757
f 791 759 758
f 792 760 759
f 793 761 760
f 795 754 762
f 796 762 763
f 797 763 764
f 798 764 765
f 799 765 766
f 800 766 767
f 801 767 768
f 802 769 478
f 802 770 769
f 810 771 778
f 803 777 771
f 805 768 773
f 804 773 772
f 806 772 774
f 807 774 775
f 809 776 777
f 808 775 776
f 794 778 761
f 781 748 782
f 782 749 783
f 783 750 784
f 784 751 785
f 785 752 786
f 786 753 787
f 723 781 783
f 781 782 783
f 723 783 787
f 783 784 785
f 783 785 787
f 785 786 787
f 723 787 805
f 735 788 755
f 789 756 788
f 789 790 757
f 792 759 791
f 790 791 758
f 792 793 760
f 794 761 793
f 723 805 734
f 734 790 788
f 789 788 790
f 734 794 790
f 792 791 790
f 734 805 794
f 792 790 794
f 792 794 793
f 787 754 795
f 795 762 796
f 796 763 797
f 797 764 798
f 798 765 799
f 799 766 800
f 800 767 801
f 787 795 796
f 787 796 798
f 796 797 798
f 787 798 805
f 798 799 800
f 798 800 805
f 800 801 805
f 803 771 810
f 803 809 777
f 801 768 805
f 805 773 804
f 806 804 772
f 806 774 807
f 808 776 809
f 807 775 808
f 810 778 794
f 805 808 794
f 808 803 794
f 808 809 803
f 806 805 804
f 806 808 805
f 806 807 808
f 803 810 794
f 802 780 770
f 811 481 779
f 811 779 780
f 802 811 780
f 499 747 821
f 828 812 498
f 828 813 812
f 828 814 813
f 829 815 814
f 830 816 815
f 831 817 816
f 832 818 817
f 833 819 818
f 834 820 819
f 836 499 821
f 836 821 822
f 837 822 823
f 1230 823 1219
f 835 824 820
f 838 825 824
f 839 826 825
f 840 827 826
f 841 1221 827
f 828 829 814
f 829 830 815
f 830 831 816
f 831 832 817
f 832 833 818
f 833 834 819
f 834 835 820
f 830 832 831
f 830 834 832
f 832 834 833
f 830 840 834
f 834 838 835
f 837 836 822
f 837 823 1230
f 837 1230 836
f 835 838 824
f 838 839 825
f 839 840 826
f 840 841 827
f 834 840 838
f 838 840 839
f 830 1243 840
f 840 1234 841
f 843 846 842
f 843 844 846
f 844 845 846
f 845 847 846
f 1220 1191 1192
f 1218 1217 1276
f 1232 1192 1193
f 1233 1193 1194
f 1236 1194 1195
f 1237 1195 1196
f 1238 1196 1197
f 1231 1220 1192
f 1244 1197 1198
f 1245 1198 1199
f 1246 1199 1200
f 1247 1200 1201
f 1248 1201 1202
f 1249 1202 1203
f 1249 1203 1210
f 1251 1205 1204
f 1251 1206 1205
f 1252 1207 1206
f 1253 1208 1207
f 1254 1209 1208
f 1251 1204 1228
f 1231 1219 1220
f 1231 1192 1232
f 1232 1193 1233
f 1233 1194 1236
f 1234 1222 1221
f 1235 1223 1222
f 1236 1195 1237
f 1237 1196 1238
f 1238 1197 1244
f 1230 1219 1231
f 836 1230 1232
f 1230 1231 1232
f 836 1232 1238
f 1232 1233 1236
f 830 836 1284
f 841 1234 1221
f 1234 1235 1222
f 1235 1239 1223
f 840 1239 1234
f 1234 1239 1235
f 840 1243 1239
f 1232 1236 1238
f 1236 1237 1238
f 836 1238 1284
f 1239 1224 1223
f 1240 1225 1224
f 1241 1226 1225
f 1242 1227 1226
f 1239 1240 1224
f 1239 1241 1240
f 1240 1241 1225
f 1241 1242 1226
f 1242 1243 1227
f 1239 1243 1241
f 1241 1243 1242
f 1244 1198 1245
f 1245 1199 1246
f 1246 1200 1247
f 1247 1201 1248
f 1248 1202 1249
f 1238 1244 1245
f 1238 1245 1247
f 1245 1246 1247
f 830 1311 1243
f 1238 1247 1284
f 1247 1248 1249
f 1247 1249 1284
f 830 1284 1311
f 1243 1229 1227
f 1250 1228 1229
f 1251 1252 1206
f 1252 1253 1207
f 1253 1254 1208
f 1254 1255 1209
f 1243 1250 1229
f 1250 1251 1228
f 1243 1251 1250
f 1243 1253 1251
f 1251 1253 1252
f 1243 1290 1253
f 1253 1255 1254
f 1253 1290 1255
f 1249 1210 1256
f 1255 1211 1209
f 1289 1212 1211
f 1290 1213 1212
f 1291 1214 1213
f 1292 1215 1214
f 1293 1216 1215
f 1294 1217 1216
f 1308 1276 1217
f 1283 1256 1257
f 1284 1257 1258
f 1285 1258 1259
f 1286 1259 1260
f 1287 1260 1261
f 1288 1261 1262
f 1295 1262 1263
f 1249 1256 1283
f 1283 1257 1284
f 1284 1258 1285
f 1285 1259 1286
f 1249 1283 1284
f 1284 1285 1286
f 1286 1260 1287
f 1287 1261 1288
f 1288 1262 1295
f 1284 1286 1288
f 1286 1287 1288
f 1284 1288 1298
f 1255 1289 1211
f 1289 1290 1212
f 1290 1291 1213
f 1291 1292 1214
f 1292 1293 1215
f 1293 1294 1216
f 1243 1311 1290
f 1255 1290 1289
f 1290 1292 1291
f 1290 1294 1292
f 1292 1294 1293
f 1290 1311 1294
f 1296 1263 1264
f 1297 1264 1265
f 1298 1265 1266
f 1299 1266 1267
f 1300 1267 1268
f 1301 1268 1269
f 1302 1269 1270
f 1303 1270 1271
f 1304 1271 1272
f 1314 1273 1282
f 1305 1274 1273
f 1306 1275 1274
f 1295 1263 1296
f 1296 1264 1297
f 1297 1265 1298
f 1298 1266 1299
f 1288 1295 1296
f 1288 1296 1298
f 1284 1298 1610
f 1296 1297 1298
f 1284 1610 1311
f 1299 1267 1300
f 1300 1268 1301
f 1301 1269 1302
f 1302 1270 1303
f 1303 1271 1304
f 1298 1299 1300
f 1298 1300 1302
f 1300 1301 1302
f 1298 1302 1610
f 1302 1303 1304
f 1302 1304 1610
f 1304 1272 1609
f 1314 1305 1273
f 1305 1306 1274
f 1307 1275 1306
f 1314 1313 1305
f 1311 1615 1305
f 1311 1610 1615
f 1305 1307 1306
f 1305 1615 1307
f 1308 1277 1276
f 1309 1278 1277
f 1294 1308 1217
f 1310 1279 1278
f 1311 1280 1279
f 1312 1281 1280
f 1313 1282 1281
f 1308 1309 1277
f 1309 1310 1278
f 1310 1311 1279
f 1294 1309 1308
f 1294 1311 1309
f 1309 1311 1310
f 1311 1312 1280
f 1312 1313 1281
f 1314 1282 1313
f 1311 1313 1312
f 1311 1305 1313
f 1317 1316 1315
f 1317 1318 1316
f 1406 842 1319
f 1407 1319 1320
f 1408 1326 1321
f 1409 1321 1322
f 1410 1320 1323
f 1411 1323 1324
f 1413 1325 1326
f 1412 1327 1325
f 1414 1328 1327
f 1415 1331 1328
f 1416 1324 1329
f 1417 1329 1330
f 1435 1330 1348
f 1418 1332 1331
f 1419 1333 1332
f 1420 1334 1333
f 1422 1322 1335
f 1423 1335 1336
f 1424 1336 1337
f 1425 1337 1338
f 1426 1338 1339
f 1427 1339 1340
f 1428 1340 1341
f 1429 1341 1342
f 843 842 1406
f 1406 1319 1407
f 843 1406 1407
f 843 1408 1409
f 843 1413 1408
f 843 1412 1413
f 843 1414 1412
f 843 1415 1414
f 843 1418 1415
f 843 1419 1418
f 1408 1321 1409
f 1409 1322 1422
f 843 1409 844
f 844 1409 845
f 845 1409 1430
f 1407 1320 1410
f 1410 1323 1411
f 1416 1411 1324
f 1413 1412 1325
f 1408 1413 1326
f 1414 1327 1412
f 1414 1415 1328
f 1416 1329 1417
f 1417 1330 1435
f 1415 1418 1331
f 1418 1419 1332
f 1419 1420 1333
f 1420 1421 1334
f 1407 1410 1411
f 1417 1407 1411
f 843 1420 1419
f 843 1407 1445
f 843 1421 1420
f 843 1438 1421
f 843 1439 1438
f 843 1440 1439
f 843 1443 1440
f 1416 1417 1411
f 1417 1441 1407
f 843 1444 1443
f 843 1445 1444
f 1422 1335 1423
f 1423 1336 1424
f 1424 1337 1425
f 1425 1338 1426
f 1426 1339 1427
f 1427 1340 1428
f 1428 1341 1429
f 1430 1343 1493
f 1430 1344 1343
f 1431 1345 1344
f 1432 1346 1345
f 1433 1347 1346
f 1434 1397 1347
f 1409 1422 1430
f 845 1430 847
f 1430 1431 1344
f 1431 1432 1345
f 1432 1433 1346
f 1433 1434 1347
f 1434 1484 1397
f 1422 1423 1430
f 1423 1424 1430
f 1430 1432 1431
f 1430 1434 1432
f 1432 1434 1433
f 1430 1487 1434
f 1436 1348 1349
f 1437 1349 1350
f 1421 1351 1334
f 1438 1352 1351
f 1439 1353 1352
f 1440 1356 1353
f 1441 1350 1354
f 1442 1354 1355
f 1443 1357 1356
f 1444 1358 1357
f 1445 1359 1358
f 1446 1369 1359
f 1447 1342 1360
f 1448 1360 1361
f 1449 1361 1362
f 1450 1362 1363
f 1451 1363 1364
f 1452 1364 1365
f 1453 1365 1366
f 1466 1366 1379
f 1454 1355 1367
f 1455 1367 1368
f 1456 1370 1369
f 1457 1371 1370
f 1458 1372 1371
f 1459 1373 1372
f 1460 1376 1373
f 1461 1368 1374
f 1462 1374 1375
f 1541 1375 1495
f 1463 1377 1376
f 1464 1378 1377
f 1465 1384 1378
f 1467 1379 1380
f 1468 1380 1381
f 1469 1381 1382
f 1470 1382 1383
f 1471 1385 1384
f 1472 1386 1385
f 1473 1387 1386
f 1474 1388 1387
f 1478 1390 1391
f 1479 1391 1392
f 1477 1383 1390
f 1480 1394 1393
f 1481 1392 1394
f 1482 1393 1395
f 1483 1395 1396
f 1476 1396 1389
f 1435 1348 1436
f 1436 1349 1437
f 1421 1438 1351
f 1438 1439 1352
f 1439 1440 1353
f 1440 1443 1356
f 1437 1350 1441
f 1441 1354 1442
f 1443 1444 1357
f 1444 1445 1358
f 1445 1446 1359
f 1446 1456 1369
f 1417 1435 1436
f 1417 1436 1441
f 1436 1437 1441
f 1407 1446 1445
f 1407 1441 1543
f 1441 1442 1454
f 1407 1543 1446
f 1429 1342 1447
f 1447 1360 1448
f 1448 1361 1449
f 1449 1362 1450
f 1450 1363 1451
f 1451 1364 1452
f 1452 1365 1453
f 1466 1453 1366
f 1442 1355 1454
f 1454 1367 1455
f 1455 1368 1461
f 1456 1457 1370
f 1457 1458 1371
f 1458 1459 1372
f 1459 1460 1373
f 1461 1374 1462
f 1462 1375 1541
f 1460 1463 1376
f 1463 1464 1377
f 1464 1465 1378
f 1465 1471 1384
f 1441 1454 1461
f 1454 1455 1461
f 1446 1543 1456
f 1441 1461 1543
f 1461 1462 1541
f 1456 1543 1457
f 1457 1543 1458
f 1458 1543 1459
f 1459 1543 1460
f 1460 1543 1463
f 1463 1543 1464
f 1464 1543 1465
f 1465 1543 1471
f 1466 1379 1467
f 1467 1380 1468
f 1468 1381 1469
f 1469 1382 1470
f 1477 1470 1383
f 1471 1472 1385
f 1472 1473 1386
f 1473 1474 1387
f 1474 1475 1388
f 1478 1477 1390
f 1478 1391 1479
f 1481 1479 1392
f 1482 1480 1393
f 1481 1394 1480
f 1483 1482 1395
f 1476 1483 1396
f 1467 1468 1567
f 1468 1469 1567
f 1469 1470 1567
f 1477 1567 1470
f 1481 1567 1479
f 1478 1567 1477
f 1478 1479 1567
f 1484 1398 1397
f 1485 1399 1398
f 1486 1400 1399
f 1487 1401 1400
f 1488 1402 1401
f 1489 1403 1402
f 1490 1404 1403
f 1491 1405 1404
f 1492 1519 1405
f 1484 1485 1398
f 1485 1486 1399
f 1486 1487 1400
f 1487 1488 1401
f 1434 1485 1484
f 1424 1567 1430
f 1424 1425 1567
f 1434 1487 1485
f 1485 1487 1486
f 1425 1426 1567
f 1426 1427 1567
f 1427 1428 1567
f 1430 1567 1487
f 1428 1429 1567
f 1429 1447 1567
f 1447 1448 1567
f 1487 1489 1488
f 1488 1489 1402
f 1489 1490 1403
f 1491 1404 1490
f 1491 1492 1405
f 1492 1565 1519
f 1448 1449 1567
f 1449 1450 1567
f 1450 1451 1567
f 1491 1489 1487
f 1451 1452 1567
f 1452 1453 1567
f 1466 1567 1453
f 1491 1490 1489
f 1466 1467 1567
f 1491 1487 1567
f 1491 1565 1492
f 847 1493 846
f 1430 1493 1494
f 1430 1494 847
f 847 1494 1493
f 1542 1495 1496
f 1543 1496 1497
f 1544 1497 1498
f 1545 1498 1499
f 1553 1499 1507
f 1475 1500 1388
f 1546 1501 1500
f 1547 1502 1501
f 1548 1504 1502
f 1550 1503 1504
f 1549 1505 1503
f 1551 1506 1505
f 1552 1389 1506
f 1554 1507 1508
f 1555 1508 1509
f 1556 1509 1510
f 1557 1510 1511
f 1558 1511 1512
f 1559 1512 1513
f 1560 1513 1514
f 1573 1515 1527
f 1561 1516 1515
f 1562 1517 1516
f 1563 1518 1517
f 1564 1535 1518
f 1541 1495 1542
f 1542 1496 1543
f 1543 1497 1544
f 1544 1498 1545
f 1545 1499 1553
f 1461 1541 1543
f 1541 1542 1543
f 1471 1543 1472
f 1543 1473 1472
f 1543 1474 1473
f 1543 1475 1474
f 1543 1546 1475
f 1543 1547 1546
f 1543 1548 1547
f 1543 1544 1545
f 1543 1545 1554
f 1475 1546 1500
f 1546 1547 1501
f 1547 1548 1502
f 1550 1549 1503
f 1548 1550 1504
f 1549 1551 1505
f 1552 1506 1551
f 1552 1476 1389
f 1543 1550 1548
f 1543 1549 1550
f 1543 1551 1549
f 1543 1567 1551
f 1552 1551 1567
f 1552 1567 1476
f 1481 1480 1567
f 1483 1567 1482
f 1482 1567 1480
f 1476 1567 1483
f 1553 1507 1554
f 1554 1508 1555
f 1555 1509 1556
f 1556 1510 1557
f 1557 1511 1558
f 1558 1512 1559
f 1559 1513 1560
f 1560 1514 1574
f 1545 1553 1554
f 1543 1554 1558
f 1554 1555 1556
f 1554 1556 1558
f 1543 1558 1579
f 1556 1557 1558
f 1558 1559 1560
f 1558 1560 1575
f 1573 1561 1515
f 1562 1516 1561
f 1562 1563 1517
f 1564 1518 1563
f 1543 1579 1567
f 1567 1579 1562
f 1562 1561 1573
f 1562 1564 1563
f 1582 1564 1562
f 1565 1520 1519
f 1566 1521 1520
f 1568 1523 1522
f 1567 1522 1521
f 1569 1524 1523
f 1570 1525 1524
f 1571 1526 1525
f 1572 1527 1526
f 1565 1566 1520
f 1566 1567 1521
f 1567 1568 1522
f 1569 1523 1568
f 1569 1570 1524
f 1491 1567 1565
f 1565 1567 1566
f 1567 1569 1568
f 1567 1571 1569
f 1571 1525 1570
f 1572 1526 1571
f 1572 1573 1527
f 1569 1571 1570
f 1567 1562 1571
f 1572 1571 1573
f 1571 1562 1573
f 1574 1514 1528
f 1575 1528 1529
f 1576 1529 1530
f 1577 1530 1531
f 1578 1531 1532
f 1579 1532 1533
f 1580 1533 1534
f 1584 1534 1538
f 1581 1536 1535
f 1583 1538 1537
f 1582 1537 1536
f 1585 1540 1539
f 1574 1528 1575
f 1575 1529 1576
f 1576 1530 1577
f 1577 1531 1578
f 1578 1532 1579
f 1579 1533 1580
f 1580 1534 1584
f 1581 1535 1564
f 1582 1536 1581
f 1583 1537 1582
f 1583 1584 1538
f 1560 1574 1575
f 1558 1575 1579
f 1575 1576 1577
f 1575 1577 1579
f 1577 1578 1579
f 1579 1580 1584
f 1582 1562 1579
f 1582 1581 1564
f 1583 1582 1584
f 1582 1579 1584
f 1585 1586 1540
f 1587 1608 1588
f 1589 1622 1590
f 1628 1591 1592
f 1631 1593 1594
f 1587 1607 1608
f 1609 1272 1595
f 1610 1595 1596
f 1611 1596 1597
f 1612 1597 1598
f 1613 1598 1599
f 1614 1599 1600
f 1617 1600 1603
f 1615 1605 1601
f 1307 1602 1275
f 1616 1601 1602
f 1619 1604 1605
f 1618 1603 1604
f 1609 1595 1610
f 1610 1596 1611
f 1611 1597 1612
f 1612 1598 1613
f 1613 1599 1614
f 1614 1600 1617
f 1616 1615 1601
f 1616 1602 1307
f 1618 1604 1619
f 1617 1603 1618
f 1619 1605 1615
f 1304 1609 1610
f 1610 1611 1612
f 1610 1614 1615
f 1610 1612 1614
f 1612 1613 1614
f 1616 1307 1615
f 1614 1618 1615
f 1614 1617 1618
f 1618 1619 1615
f 1620 1607 1606
f 1620 1608 1607
f 1630 1606 1627
f 1620 1606 1630
f 1620 1621 1608
f 1620 1630 1625
f 1621 1622 1589
f 1318 1624 1316
f 1625 1315 1623
f 1317 1315 1625
f 1317 1625 1318
f 1318 1626 1624
f 1318 1625 1626
f 1625 1622 1621
f 1620 1625 1621
f 1630 1635 1625
f 1625 1623 1622
f 1625 1635 1626
f 1626 1635 1636
f 1592 1629 1628
f 1630 1627 1628
f 1630 1628 1629
f 1630 1629 1631
f 1632 1631 1594
f 1635 1631 1632
f 1630 1631 1635
f 1635 1632 1633
f 1636 1634 1675
f 1643 1539 1637
f 1585 1539 1643
f 1586 1644 1540
f 1585 1644 1586
f 1585 1643 1644
f 1626 1637 1624
f 1644 1638 1540
f 1644 1639 1638
f 1645 1640 1639
f 1646 1641 1640
f 1647 1642 1641
f 1626 1643 1637
f 1626 1644 1643
f 1626 1636 1644
f 1644 1645 1639
f 1645 1646 1640
f 1646 1647 1641
f 1647 1648 1642
f 1644 1647 1645
f 1645 1647 1646
f 1644 1684 1647
f 1647 1682 1648
f 1675 1634 1649
f 1678 1650 1652
f 1677 1649 1651
f 1676 1651 1650
f 1679 1652 1653
f 1680 1653 1654
f 1681 1654 1655
f 1675 1649 1677
f 1676 1650 1678
f 1677 1651 1676
f 1644 1636 1675
f 1675 1676 1679
f 1675 1677 1676
f 1644 1675 1698
f 1678 1652 1679
f 1679 1653 1680
f 1680 1654 1681
f 1676 1678 1679
f 1675 1679 1690
f 1679 1680 1681
f 1690 1679 1681
f 1648 1656 1642
f 1682 1657 1656
f 1683 1658 1657
f 1684 1659 1658
f 1685 1660 1659
f 1686 1661 1660
f 1687 1662 1661
f 1688 1669 1662
f 1648 1682 1656
f 1682 1683 1657
f 1683 1684 1658
f 1684 1685 1659
f 1647 1684 1682
f 1682 1684 1683
f 1684 1686 1685
f 1685 1686 1660
f 1686 1687 1661
f 1687 1688 1662
f 1688 1695 1669
f 1644 1698 1684
f 1684 1688 1686
f 1686 1688 1687
f 1684 1698 1688
f 1689 1655 1663
f 1690 1663 1664
f 1691 1664 1665
f 1692 1665 1666
f 1693 1666 1667
f 1694 1667 1668
f 1689 1681 1655
f 1689 1663 1690
f 1690 1664 1691
f 1689 1690 1681
f 1675 1690 2053
f 1690 1691 1692
f 1691 1665 1692
f 1692 1666 1693
f 1693 1667 1694
f 1690 1692 1694
f 1692 1693 1694
f 1690 1694 2053
f 1695 1670 1669
f 1696 1671 1670
f 1697 1672 1671
f 1698 1673 1672
f 1699 1674 1673
f 1700 2029 1674
f 1695 1696 1670
f 1696 1697 1671
f 1697 1698 1672
f 1688 1696 1695
f 1688 1698 1696
f 1696 1698 1697
f 1698 1699 1673
f 1699 1700 1674
f 1700 2056 2029
f 1698 1700 1699
f 1698 2057 1700
f 1636 2117 1634
f 1635 1633 2118
f 1635 2119 1636
f 2118 1633 2116
f 1636 2119 2117
f 1635 2118 2119
f 2050 1668 2023
f 2051 2023 2024
f 2052 2024 2025
f 2053 2025 2026
f 2054 2026 2027
f 2055 2027 2028
f 1694 1668 2050
f 2050 2023 2051
f 2051 2024 2052
f 1694 2050 2051
f 1694 2051 2053
f 2051 2052 2053
f 1675 2053 2098
f 1675 2098 1698
f 2052 2025 2053
f 2053 2026 2054
f 2054 2027 2055
f 2053 2054 2055
f 2053 2055 2063
f 2056 2030 2029
f 2057 2031 2030
f 2058 2032 2031
f 2059 2033 2032
f 2060 2034 2033
f 2061 2042 2034
f 2056 2057 2030
f 2057 2058 2031
f 2058 2059 2032
f 1700 2057 2056
f 1698 2061 2057
f 2057 2059 2058
f 2059 2060 2033
f 2060 2061 2034
f 2061 2069 2042
f 2057 2061 2059
f 2059 2061 2060
f 1698 2076 2061
f 2062 2028 2035
f 2063 2035 2036
f 2064 2036 2037
f 2065 2037 2038
f 2066 2038 2039
f 2067 2039 2040
f 2068 2040 2041
f 2094 2041 2077
f 2055 2028 2062
f 2062 2035 2063
f 2063 2036 2064
f 2064 2037 2065
f 2055 2062 2063
f 2053 2063 2067
f 2063 2064 2065
f 2065 2038 2066
f 2066 2039 2067
f 2067 2040 2068
f 2068 2041 2094
f 2063 2065 2067
f 2053 2067 2098
f 2065 2066 2067
f 2067 2068 2094
f 2069 2043 2042
f 2070 2044 2043
f 2071 2045 2044
f 2072 2047 2045
f 2074 2046 2047
f 2073 2048 2046
f 2075 2049 2048
f 2076 2087 2049
f 2069 2070 2043
f 2070 2071 2044
f 2071 2072 2045
f 2061 2070 2069
f 2061 2072 2070
f 1698 2098 2076
f 2070 2072 2071
f 2061 2076 2072
f 2072 2074 2047
f 2074 2073 2046
f 2073 2075 2048
f 2075 2076 2049
f 2072 2076 2073
f 2072 2073 2074
f 2073 2076 2075
f 2095 2077 2078
f 2096 2078 2079
f 2097 2079 2080
f 2098 2080 2081
f 2101 2082 2084
f 2100 2086 2083
f 2102 2084 2085
f 2103 2085 2086
f 2098 2081 2125
f 2094 2077 2095
f 2095 2078 2096
f 2096 2079 2097
f 2097 2080 2098
f 2067 2094 2096
f 2067 2096 2098
f 2094 2095 2096
f 2096 2097 2098
f 2098 2100 2076
f 2098 2099 2100
f 2099 2082 2101
f 2100 2083 2110
f 2103 2086 2100
f 2101 2084 2102
f 2102 2085 2103
f 2102 2103 2100
f 2099 2101 2102
f 2099 2102 2100
f 2104 2088 2087
f 2105 2090 2088
f 2107 2089 2090
f 2106 2091 2089
f 2108 2092 2091
f 2109 2093 2092
f 2110 2083 2093
f 2104 2087 2076
f 2104 2105 2088
f 2105 2107 2090
f 2106 2089 2107
f 2109 2092 2108
f 2106 2108 2091
f 2110 2093 2109
f 2104 2076 2105
f 2105 2076 2106
f 2105 2106 2107
f 2100 2106 2076
f 2106 2109 2108
f 2100 2109 2106
f 2100 2110 2109
f 2099 2126 2082
f 2098 2128 2099
f 2098 2125 2127
f 2099 2128 2126
f 2098 2127 2128
f 2119 2116 2117
f 2118 2116 2119
f 2128 2125 2126
f 2127 2125 2128

