# https://github.com/mikedh/trimesh
v 0.60000002 0.60000002 0.00000000
v 0.00000000 0.60000002 0.60000002
v 0.60000002 0.00000000 0.60000002
v 0.00000000 0.60000002 4.40000010
v 0.60000002 0.00000000 4.40000010
v 0.60000002 0.60000002 5.00000000
v 1.68469799 24.38740158 5.00000000
v 1.56774771 24.93761063 5.00000000
v 2.02500010 23.04000092 5.00000000
v 2.47499990 23.04000092 5.00000000
v 2.02500010 24.45973587 5.00000000
v 2.02500010 25.03480148 5.00000000
v 2.47499990 24.55538559 5.00000000
v 2.47499990 25.13045311 5.00000000
v 1.68469799 24.38740158 5.50000000
v 1.56774771 24.93761063 5.50000000
v 2.02500010 23.04000092 5.50000000
v 2.47499990 23.04000092 5.50000000
v 2.02500010 24.45973587 5.50000000
v 2.02500010 25.03480148 5.50000000
v 2.47499990 24.55538559 5.50000000
v 2.47499990 25.13045311 5.50000000
v 0.19999985 29.62500000 4.59999990
v 0.19999985 29.97500038 4.59999990
v 0.19999985 32.22499847 4.59999990
v 0.19999985 32.57500076 4.59999990
v 0.19999985 34.82500076 4.59999990
v 0.60000002 29.62500000 5.00000000
v 0.60000002 29.97500038 5.00000000
v 0.60000002 32.22499847 5.00000000
v 0.60000002 32.57500076 5.00000000
v 0.60000002 34.82500076 5.00000000
v 1.68469799 26.36340141 5.00000000
v 1.56774771 26.91361046 5.00000000
v 2.02500010 26.43573570 5.00000000
v 2.02500010 27.01080132 5.00000000
v 2.47499990 26.53138542 5.00000000
v 2.47499990 27.10645294 5.00000000
v 2.02500010 28.76000023 5.00000000
v 2.47499990 28.76000023 5.00000000
v 1.68469799 26.36340141 5.50000000
v 1.56774771 26.91361046 5.50000000
v 2.02500010 26.43573570 5.50000000
v 2.02500010 27.01080132 5.50000000
v 2.47499990 26.53138542 5.50000000
v 2.47499990 27.10645294 5.50000000
v 2.02500010 28.76000023 5.50000000
v 2.47499990 28.76000023 5.50000000
v 3.12500000 23.04000092 5.00000000
v 3.57500005 23.04000092 5.00000000
v 3.12500000 24.69354820 5.00000000
v 3.12500000 25.26861382 5.00000000
v 3.57500005 24.78919792 5.00000000
v 3.57500005 25.36426544 5.00000000
v 3.12500000 23.04000092 5.50000000
v 3.57500005 23.04000092 5.50000000
v 3.12500000 24.69354820 5.50000000
v 3.12500000 25.26861382 5.50000000
v 3.57500005 24.78919792 5.50000000
v 3.57500005 25.36426544 5.50000000
v 4.03225231 24.88639069 5.00000000
v 3.91530204 25.43659782 5.00000000
v 4.03225231 24.88639069 5.50000000
v 3.91530204 25.43659782 5.50000000
v 3.12500000 26.66954803 5.00000000
v 3.12500000 27.24461365 5.00000000
v 3.57500005 26.76519775 5.00000000
v 3.57500005 27.34026527 5.00000000
v 3.12500000 28.76000023 5.00000000
v 3.57500005 28.76000023 5.00000000
v 3.12500000 26.66954803 5.50000000
v 3.12500000 27.24461365 5.50000000
v 3.57500005 26.76519775 5.50000000
v 3.57500005 27.34026527 5.50000000
v 3.12500000 28.76000023 5.50000000
v 3.57500005 28.76000023 5.50000000
v 4.03225231 26.86239052 5.00000000
v 3.91530204 27.41259766 5.00000000
v 4.40000010 26.95000076 5.00000000
v 4.40000010 27.45000076 5.00000000
v 4.03225231 26.86239052 5.50000000
v 3.91530204 27.41259766 5.50000000
v 4.40000010 26.95000076 5.50000000
v 4.40000010 27.45000076 5.50000000
v 5.54359722 25.12970734 5.00000000
v 5.59205055 25.06887627 5.00000000
v 5.38919592 25.55392075 5.00000000
v 5.38721228 25.63166428 5.00000000
v 5.41381836 25.40320396 5.00000000
v 5.46558046 25.26098824 5.00000000
v 5.43635130 25.33087921 5.00000000
v 5.39807701 25.47765923 5.00000000
v 5.39213514 25.71055794 5.00000000
v 5.40394258 25.79026222 5.00000000
v 5.42258501 25.87043762 5.00000000
v 5.44798183 25.95073891 5.00000000
v 5.50137997 25.19383621 5.00000000
v 5.48002481 26.03082275 5.00000000
v 5.51857662 26.11034584 5.00000000
v 5.56347227 26.18896866 5.00000000
v 5.64653349 25.01160431 5.00000000
v 5.70681143 24.95813751 5.00000000
v 5.77262735 24.90870285 5.00000000
v 5.84369946 24.86351395 5.00000000
v 5.91972256 24.82276344 5.00000000
v 6.00037146 24.78662491 5.00000000
v 6.08530140 24.75525475 5.00000000
v 6.17414808 24.72878647 5.00000000
v 5.54359722 25.12970734 5.50000000
v 5.59205055 25.06887627 5.50000000
v 5.38919592 25.55392075 5.50000000
v 5.38721228 25.63166428 5.50000000
v 5.41381836 25.40320396 5.50000000
v 5.46558046 25.26098824 5.50000000
v 5.43635130 25.33087921 5.50000000
v 5.39807701 25.47765923 5.50000000
v 5.39213514 25.71055794 5.50000000
v 5.40394258 25.79026222 5.50000000
v 5.42258501 25.87043762 5.50000000
v 5.44798183 25.95073891 5.50000000
v 5.50137997 25.19383621 5.50000000
v 5.48002481 26.03082275 5.50000000
v 5.51857662 26.11034584 5.50000000
v 5.56347227 26.18896866 5.50000000
v 5.64653349 25.01160431 5.50000000
v 5.70681143 24.95813751 5.50000000
v 5.77262735 24.90870285 5.50000000
v 5.84369946 24.86351395 5.50000000
v 5.91972256 24.82276344 5.50000000
v 6.00037146 24.78662491 5.50000000
v 6.08530140 24.75525475 5.50000000
v 6.17414808 24.72878647 5.50000000
v 6.26653099 24.70733261 5.00000000
v 6.36205482 24.69098854 5.00000000
v 6.46031046 24.67981911 5.00000000
v 6.56087685 24.67387581 5.00000000
v 6.66332388 24.67318153 5.00000000
v 6.76721287 24.67774200 5.00000000
v 6.87209845 24.68753624 5.00000000
v 6.97753143 24.70252228 5.00000000
v 7.08306122 24.72263718 5.00000000
v 7.18823481 24.74779129 5.00000000
v 7.29260254 24.77788162 5.00000000
v 7.39571714 24.81277657 5.00000000
v 7.49713755 24.85232544 5.00000000
v 6.26653099 24.70733261 5.50000000
v 6.36205482 24.69098854 5.50000000
v 6.46031046 24.67981911 5.50000000
v 6.56087685 24.67387581 5.50000000
v 6.66332388 24.67318153 5.50000000
v 6.76721287 24.67774200 5.50000000
v 6.87209845 24.68753624 5.50000000
v 6.97753143 24.70252228 5.50000000
v 7.08306122 24.72263718 5.50000000
v 7.18823481 24.74779129 5.50000000
v 7.29260254 24.77788162 5.50000000
v 7.39571714 24.81277657 5.50000000
v 7.49713755 24.85232544 5.50000000
v 6.02500010 32.22499847 4.59999990
v 6.02500010 32.57500076 4.59999990
v 6.02500010 34.82500076 4.59999990
v 6.47499990 32.22499847 4.59999990
v 6.47499990 32.57500076 4.59999990
v 6.47499990 34.82500076 4.59999990
v 7.12500000 32.22499847 4.59999990
v 7.12500000 32.57500076 4.59999990
v 7.12500000 34.82500076 4.59999990
v 5.61451912 26.26635361 5.00000000
v 5.67149878 26.34217072 5.00000000
v 5.73416758 26.41609383 5.00000000
v 5.80225658 26.48780632 5.00000000
v 5.87547445 26.55700302 5.00000000
v 5.95350790 26.62338638 5.00000000
v 6.03602266 26.68667030 5.00000000
v 6.12266493 26.74658775 5.00000000
v 6.21306419 26.80287933 5.00000000
v 5.61451912 26.26635361 5.50000000
v 5.67149878 26.34217072 5.50000000
v 5.73416758 26.41609383 5.50000000
v 5.80225658 26.48780632 5.50000000
v 5.87547445 26.55700302 5.50000000
v 5.95350790 26.62338638 5.50000000
v 6.03602266 26.68667030 5.50000000
v 6.12266493 26.74658775 5.50000000
v 6.21306419 26.80287933 5.50000000
v 5.56774759 34.03760910 5.00000000
v 6.02500010 32.13999939 5.00000000
v 6.02500010 32.22499847 5.00000000
v 6.02500010 32.57500076 5.00000000
v 5.68469810 33.48740005 5.00000000
v 6.02500010 33.55973434 5.00000000
v 6.02500010 34.13480377 5.00000000
v 6.02500010 34.82500076 5.00000000
v 5.56774759 34.03760910 5.50000000
v 6.02500010 32.13999939 5.50000000
v 5.68469810 33.48740005 5.50000000
v 6.02500010 33.55973434 5.50000000
v 6.02500010 34.13480377 5.50000000
v 6.30683374 26.85530281 5.00000000
v 6.40357113 26.90363693 5.00000000
v 6.50286245 26.94767380 5.00000000
v 6.50882673 26.95000076 5.00000000
v 6.30683374 26.85530281 5.50000000
v 6.40357113 26.90363693 5.50000000
v 6.50286245 26.94767380 5.50000000
v 6.50882673 26.95000076 5.50000000
v 6.47499990 32.13999939 5.00000000
v 6.47499990 32.22499847 5.00000000
v 6.47499990 32.57500076 5.00000000
v 6.47499990 33.65538406 5.00000000
v 6.47499990 34.23045349 5.00000000
v 6.47499990 34.82500076 5.00000000
v 7.12500000 32.13999939 5.00000000
v 7.12500000 32.22499847 5.00000000
v 7.12500000 32.57500076 5.00000000
v 7.12500000 33.79354858 5.00000000
v 7.12500000 34.36861420 5.00000000
v 7.12500000 34.82500076 5.00000000
v 6.47499990 32.13999939 5.50000000
v 6.47499990 33.65538406 5.50000000
v 6.47499990 34.23045349 5.50000000
v 7.12500000 32.13999939 5.50000000
v 7.12500000 33.79354858 5.50000000
v 7.12500000 34.36861420 5.50000000
v 7.59642887 24.89636230 5.00000000
v 7.69316626 24.94469643 5.00000000
v 7.78693581 24.99712181 5.00000000
v 7.87733507 25.05341339 5.00000000
v 7.96397734 25.11332893 5.00000000
v 8.04649258 25.17661476 5.00000000
v 8.12452507 25.24299622 5.00000000
v 8.19774342 25.31219292 5.00000000
v 8.26583290 25.38390541 5.00000000
v 8.32850075 25.45782852 5.00000000
v 8.38548088 25.53364563 5.00000000
v 8.43652821 25.61103058 5.00000000
v 8.48142338 25.68965340 5.00000000
v 8.51997471 25.76917839 5.00000000
v 8.55201817 25.84926224 5.00000000
v 8.56806564 25.89999962 5.00000000
v 8.61294460 25.89999962 5.00000000
v 7.59642887 24.89636230 5.50000000
v 7.69316626 24.94469643 5.50000000
v 7.78693581 24.99712181 5.50000000
v 7.87733507 25.05341339 5.50000000
v 7.96397734 25.11332893 5.50000000
v 8.04649258 25.17661476 5.50000000
v 8.12452507 25.24299622 5.50000000
v 8.19774342 25.31219292 5.50000000
v 8.26583290 25.38390541 5.50000000
v 8.32850075 25.45782852 5.50000000
v 8.38548088 25.53364563 5.50000000
v 8.43652821 25.61103058 5.50000000
v 8.48142338 25.68965340 5.50000000
v 8.51997471 25.76917839 5.50000000
v 8.55201817 25.84926224 5.50000000
v 8.56806564 25.89999962 5.50000000
v 8.61294460 25.89999962 5.50000000
v 8.11294460 29.62500000 4.59999990
v 8.11294460 29.97500038 4.59999990
v 8.61294460 29.62500000 4.59999990
v 8.61294460 29.97500038 4.59999990
v 7.57499981 32.22499847 4.59999990
v 7.57499981 32.57500076 4.59999990
v 8.11294460 32.22499847 4.59999990
v 8.11294460 32.57500076 4.59999990
v 7.57499981 34.82500076 4.59999990
v 8.61294460 32.22499847 4.59999990
v 8.61294460 32.57500076 4.59999990
v 9.38705540 29.62500000 4.59999990
v 9.38705540 29.97500038 4.59999990
v 9.88705540 29.62500000 4.59999990
v 9.88705540 29.97500038 4.59999990
v 9.38705540 32.22499847 4.59999990
v 9.38705540 32.57500076 4.59999990
v 9.88705540 32.22499847 4.59999990
v 9.88705540 32.57500076 4.59999990
v 9.38705540 34.82500076 4.59999990
v 8.11294460 27.45000076 5.00000000
v 8.11294460 29.62500000 5.00000000
v 8.11294460 29.97500038 5.00000000
v 8.61294460 26.95000076 5.00000000
v 8.61294460 27.45000076 5.00000000
v 8.61294460 29.62500000 5.00000000
v 8.61294460 29.97500038 5.00000000
v 8.11294460 27.45000076 5.50000000
v 8.61294460 26.95000076 5.50000000
v 8.61294460 27.45000076 5.50000000
v 7.57499981 32.13999939 5.00000000
v 7.57499981 32.22499847 5.00000000
v 7.57499981 32.57500076 5.00000000
v 8.11294460 32.22499847 5.00000000
v 8.11294460 32.57500076 5.00000000
v 7.57499981 33.88919830 5.00000000
v 7.57499981 34.46426392 5.00000000
v 7.57499981 34.82500076 5.00000000
v 8.11294460 33.59999847 5.00000000
v 7.91530180 34.53659821 5.00000000
v 8.03225231 33.98638916 5.00000000
v 8.61294460 32.22499847 5.00000000
v 8.61294460 32.57500076 5.00000000
v 8.61294460 33.59999847 5.00000000
v 7.57499981 32.13999939 5.50000000
v 7.57499981 33.88919830 5.50000000
v 7.57499981 34.46426392 5.50000000
v 8.11294460 33.59999847 5.50000000
v 7.91530180 34.53659821 5.50000000
v 8.03225231 33.98638916 5.50000000
v 8.61294460 33.59999847 5.50000000
v 9.60000038 26.95000076 5.00000000
v 9.38705540 27.79999924 5.00000000
v 9.60000038 27.45000076 5.00000000
v 9.88705540 27.79999924 5.00000000
v 9.38705540 29.62500000 5.00000000
v 9.38705540 29.97500038 5.00000000
v 9.88705540 29.62500000 5.00000000
v 9.88705540 29.97500038 5.00000000
v 9.60000038 26.95000076 5.50000000
v 9.38705540 27.79999924 5.50000000
v 9.60000038 27.45000076 5.50000000
v 9.88705540 27.79999924 5.50000000
v 9.38705540 32.22499847 5.00000000
v 9.38705540 32.57500076 5.00000000
v 9.88705540 32.22499847 5.00000000
v 9.88705540 32.57500076 5.00000000
v 9.38705540 33.77335739 5.00000000
v 9.38705540 34.82500076 5.00000000
v 9.88705540 33.94027328 5.00000000
v 9.91972256 33.92276382 5.00000000
v 9.88705540 33.94027328 5.50000000
v 9.91972256 33.92276382 5.50000000
v 0.60000002 69.40000153 0.00000000
v 0.00000000 69.40000153 0.60000002
v 0.60000002 70.00000000 0.60000002
v 0.19999985 35.17499924 4.59999990
v 0.19999985 37.42499924 4.59999990
v 0.19999985 37.77500153 4.59999990
v 0.19999985 40.02500153 4.59999990
v 0.19999985 40.37500000 4.59999990
v 0.60000002 35.17499924 5.00000000
v 0.60000002 37.42499924 5.00000000
v 0.60000002 37.77500153 5.00000000
v 0.60000002 40.02500153 5.00000000
v 0.60000002 40.37500000 5.00000000
v 0.00000000 69.40000153 4.40000010
v 0.60000002 70.00000000 4.40000010
v 0.60000002 69.40000153 5.00000000
v 4.54184532 56.50000000 4.59999990
v 4.54184532 56.50000000 5.00000000
v 4.54184532 65.50000000 4.59999990
v 4.54184532 65.50000000 5.00000000
v 6.02500010 35.17499924 4.59999990
v 6.02500010 37.42499924 4.59999990
v 6.02500010 37.77500153 4.59999990
v 6.47499990 35.17499924 4.59999990
v 6.47499990 37.42499924 4.59999990
v 6.47499990 37.77500153 4.59999990
v 7.12500000 35.17499924 4.59999990
v 7.12500000 37.42499924 4.59999990
v 7.12500000 37.77500153 4.59999990
v 5.56774759 36.01361084 5.00000000
v 5.68469810 35.46340179 5.00000000
v 6.02500010 35.17499924 5.00000000
v 6.02500010 35.53573608 5.00000000
v 6.02500010 36.11080170 5.00000000
v 6.02500010 37.42499924 5.00000000
v 6.02500010 37.77500153 5.00000000
v 6.02500010 37.86000061 5.00000000
v 5.56774759 36.01361084 5.50000000
v 5.68469810 35.46340179 5.50000000
v 6.02500010 35.53573608 5.50000000
v 6.02500010 36.11080170 5.50000000
v 6.02500010 37.86000061 5.50000000
v 6.47499990 35.17499924 5.00000000
v 6.47499990 35.63138580 5.00000000
v 6.47499990 36.20645142 5.00000000
v 6.47499990 37.42499924 5.00000000
v 6.47499990 37.77500153 5.00000000
v 6.47499990 37.86000061 5.00000000
v 7.12500000 35.17499924 5.00000000
v 7.12500000 35.76954651 5.00000000
v 7.12500000 36.34461594 5.00000000
v 7.12500000 37.42499924 5.00000000
v 7.12500000 37.77500153 5.00000000
v 7.12500000 37.86000061 5.00000000
v 6.47499990 35.63138580 5.50000000
v 6.47499990 36.20645142 5.50000000
v 6.47499990 37.86000061 5.50000000
v 7.12500000 35.76954651 5.50000000
v 7.12500000 36.34461594 5.50000000
v 7.12500000 37.86000061 5.50000000
v 7.57499981 35.17499924 4.59999990
v 7.57499981 37.42499924 4.59999990
v 7.57499981 37.77500153 4.59999990
v 9.38705540 35.00000000 4.59999990
v 9.43193436 35.00000000 4.59999990
v 9.44798183 35.05073929 4.59999990
v 9.48002529 35.13082123 4.59999990
v 9.50144100 35.17499924 4.59999990
v 7.57499981 35.17499924 5.00000000
v 7.57499981 35.86519623 5.00000000
v 7.57499981 36.44026566 5.00000000
v 8.03225231 35.96239090 5.00000000
v 7.91530180 36.51259995 5.00000000
v 7.57499981 37.42499924 5.00000000
v 7.57499981 37.77500153 5.00000000
v 7.57499981 37.86000061 5.00000000
v 7.57499981 35.86519623 5.50000000
v 7.57499981 36.44026566 5.50000000
v 8.03225231 35.96239090 5.50000000
v 7.91530180 36.51259995 5.50000000
v 7.57499981 37.86000061 5.50000000
v 8.53125000 40.37500000 5.00000000
v 9.50144100 35.17499924 5.00000000
v 9.51857662 35.21034622 5.00000000
v 9.56347179 35.28896713 5.00000000
v 9.61451912 35.36635590 5.00000000
v 9.67149925 35.44216919 5.00000000
v 9.73416710 35.51609421 5.00000000
v 9.80225658 35.58780670 5.00000000
v 9.87547493 35.65700150 5.00000000
v 9.95350742 35.72338486 5.00000000
v 9.38705540 35.00000000 5.50000000
v 9.43193436 35.00000000 5.50000000
v 9.44798183 35.05073929 5.50000000
v 9.48002529 35.13082123 5.50000000
v 9.51857662 35.21034622 5.50000000
v 9.56347179 35.28896713 5.50000000
v 9.61451912 35.36635590 5.50000000
v 9.67149925 35.44216919 5.50000000
v 9.73416710 35.51609421 5.50000000
v 9.80225658 35.58780670 5.50000000
v 9.87547493 35.65700150 5.50000000
v 9.95350742 35.72338486 5.50000000
v 9.68469810 42.58740234 5.00000000
v 9.56774807 43.13761139 5.00000000
v 9.68469810 42.58740234 5.50000000
v 9.56774807 43.13761139 5.50000000
v 9.68469810 44.56340027 5.00000000
v 9.56774807 45.11360931 5.00000000
v 9.68469810 44.56340027 5.50000000
v 9.56774807 45.11360931 5.50000000
v 5.19184494 56.50000000 4.59999990
v 5.84184504 56.51193237 4.59999990
v 5.84184504 56.50000000 4.59999990
v 6.02936029 56.51965714 4.59999990
v 6.23702097 56.53068542 4.59999990
v 5.84184504 57.80794907 4.59999990
v 5.85790062 57.80830002 4.59999990
v 6.02304792 57.81295776 4.59999990
v 6.18728638 57.81863785 4.59999990
v 5.84184504 59.69205093 4.59999990
v 5.85790062 59.69169998 4.59999990
v 5.84184504 61.01193237 4.59999990
v 5.84184504 60.98806763 4.59999990
v 6.02304792 59.68704224 4.59999990
v 6.18728638 59.68136215 4.59999990
v 6.02936029 60.98034286 4.59999990
v 6.02936029 61.01965714 4.59999990
v 6.23702097 60.96931458 4.59999990
v 6.23702097 61.03068542 4.59999990
v 6.44353819 56.54414368 4.59999990
v 6.64868689 56.56001663 4.59999990
v 6.85224295 56.57828140 4.59999990
v 7.05398273 56.59891891 4.59999990
v 7.25368690 56.62191010 4.59999990
v 7.45113611 56.64722824 4.59999990
v 6.35043573 57.82534027 4.59999990
v 6.51231909 57.83304977 4.59999990
v 6.67275763 57.84176636 4.59999990
v 6.83157730 57.85147476 4.59999990
v 6.35043573 59.67465973 4.59999990
v 6.51231909 59.66695023 4.59999990
v 6.44353819 60.95585632 4.59999990
v 6.44353819 61.04414368 4.59999990
v 6.67275763 59.65823364 4.59999990
v 6.83157730 59.64852524 4.59999990
v 6.64868689 60.93998337 4.59999990
v 6.64868689 61.06001663 4.59999990
v 6.85224295 60.92171860 4.59999990
v 6.85224295 61.07828140 4.59999990
v 6.98860407 57.86216354 4.59999990
v 7.14366579 57.87382507 4.59999990
v 7.29659367 57.88644409 4.59999990
v 7.44721985 57.90000534 4.59999990
v 6.98860407 59.63783646 4.59999990
v 7.14366579 59.62617493 4.59999990
v 7.05398273 60.90108109 4.59999990
v 7.05398273 61.09891891 4.59999990
v 7.29659367 59.61355591 4.59999990
v 7.44721985 59.59999466 4.59999990
v 7.25368690 60.87808990 4.59999990
v 7.25368690 61.12191010 4.59999990
v 7.45113611 60.85277176 4.59999990
v 7.45113611 61.14722824 4.59999990
v 5.84184504 56.50000000 5.00000000
v 5.84184504 56.51193237 5.00000000
v 6.02936029 56.51965714 5.00000000
v 6.23702097 56.53068542 5.00000000
v 5.84184504 57.80794907 5.00000000
v 5.85790062 57.80830002 5.00000000
v 6.02304792 57.81295776 5.00000000
v 6.18728638 57.81863785 5.00000000
v 5.84184504 59.69205093 5.00000000
v 5.85790062 59.69169998 5.00000000
v 5.84184504 61.01193237 5.00000000
v 5.84184504 60.98806763 5.00000000
v 6.02304792 59.68704224 5.00000000
v 6.18728638 59.68136215 5.00000000
v 6.02936029 60.98034286 5.00000000
v 6.02936029 61.01965714 5.00000000
v 6.23702097 60.96931458 5.00000000
v 6.23702097 61.03068542 5.00000000
v 6.44353819 56.54414368 5.00000000
v 6.64868689 56.56001663 5.00000000
v 6.85224295 56.57828140 5.00000000
v 7.05398273 56.59891891 5.00000000
v 7.25368690 56.62191010 5.00000000
v 7.45113611 56.64722824 5.00000000
v 6.35043573 57.82534027 5.00000000
v 6.51231909 57.83304977 5.00000000
v 6.67275763 57.84176636 5.00000000
v 6.83157730 57.85147476 5.00000000
v 6.35043573 59.67465973 5.00000000
v 6.51231909 59.66695023 5.00000000
v 6.44353819 60.95585632 5.00000000
v 6.44353819 61.04414368 5.00000000
v 6.67275763 59.65823364 5.00000000
v 6.83157730 59.64852524 5.00000000
v 6.64868689 60.93998337 5.00000000
v 6.64868689 61.06001663 5.00000000
v 6.85224295 60.92171860 5.00000000
v 6.85224295 61.07828140 5.00000000
v 6.98860407 57.86216354 5.00000000
v 7.14366579 57.87382507 5.00000000
v 7.29659367 57.88644409 5.00000000
v 7.44721985 57.90000534 5.00000000
v 6.98860407 59.63783646 5.00000000
v 7.14366579 59.62617493 5.00000000
v 7.05398273 60.90108109 5.00000000
v 7.05398273 61.09891891 5.00000000
v 7.29659367 59.61355591 5.00000000
v 7.44721985 59.59999466 5.00000000
v 7.25368690 60.87808990 5.00000000
v 7.25368690 61.12191010 5.00000000
v 7.45113611 60.85277176 5.00000000
v 7.45113611 61.14722824 5.00000000
v 5.19184494 65.50000000 4.59999990
v 5.84184504 62.30794907 4.59999990
v 5.85790062 62.30830002 4.59999990
v 6.02304792 62.31295776 4.59999990
v 6.18728638 62.31863785 4.59999990
v 5.84184504 64.19205475 4.59999990
v 5.85790062 64.19170380 4.59999990
v 5.84184504 65.48806763 4.59999990
v 5.84184504 65.50000000 4.59999990
v 6.02304792 64.18704224 4.59999990
v 6.18728638 64.18135834 4.59999990
v 6.02936029 65.48034668 4.59999990
v 6.23702097 65.46931458 4.59999990
v 6.35043573 62.32534027 4.59999990
v 6.51231909 62.33304977 4.59999990
v 6.67275763 62.34176636 4.59999990
v 6.83157730 62.35147476 4.59999990
v 6.35043573 64.17465973 4.59999990
v 6.51231909 64.16694641 4.59999990
v 6.44353819 65.45585632 4.59999990
v 6.67275763 64.15823364 4.59999990
v 6.83157730 64.14852905 4.59999990
v 6.64868689 65.43998718 4.59999990
v 6.85224295 65.42172241 4.59999990
v 6.98860407 62.36216354 4.59999990
v 7.14366579 62.37382507 4.59999990
v 7.29659367 62.38644409 4.59999990
v 7.44721985 62.40000534 4.59999990
v 6.98860407 64.13783264 4.59999990
v 7.14366579 64.12617493 4.59999990
v 7.05398273 65.40107727 4.59999990
v 7.29659367 64.11355591 4.59999990
v 7.44721985 64.09999084 4.59999990
v 7.25368690 65.37808990 4.59999990
v 7.45113611 65.35276794 4.59999990
v 5.84184504 62.30794907 5.00000000
v 5.85790062 62.30830002 5.00000000
v 6.02304792 62.31295776 5.00000000
v 6.18728638 62.31863785 5.00000000
v 5.84184504 64.19205475 5.00000000
v 5.85790062 64.19170380 5.00000000
v 5.84184504 65.48806763 5.00000000
v 5.84184504 65.50000000 5.00000000
v 6.02304792 64.18704224 5.00000000
v 6.18728638 64.18135834 5.00000000
v 6.02936029 65.48034668 5.00000000
v 6.23702097 65.46931458 5.00000000
v 6.35043573 62.32534027 5.00000000
v 6.51231909 62.33304977 5.00000000
v 6.67275763 62.34176636 5.00000000
v 6.83157730 62.35147476 5.00000000
v 6.35043573 64.17465973 5.00000000
v 6.51231909 64.16694641 5.00000000
v 6.44353819 65.45585632 5.00000000
v 6.67275763 64.15823364 5.00000000
v 6.83157730 64.14852905 5.00000000
v 6.64868689 65.43998718 5.00000000
v 6.85224295 65.42172241 5.00000000
v 6.98860407 62.36216354 5.00000000
v 7.14366579 62.37382507 5.00000000
v 7.29659367 62.38644409 5.00000000
v 7.44721985 62.40000534 5.00000000
v 6.98860407 64.13783264 5.00000000
v 7.14366579 64.12617493 5.00000000
v 7.05398273 65.40107727 5.00000000
v 7.29659367 64.11355591 5.00000000
v 7.44721985 64.09999084 5.00000000
v 7.25368690 65.37808990 5.00000000
v 7.45113611 65.35276794 5.00000000
v 7.64611483 56.67484665 4.59999990
v 7.83840990 56.70473480 4.59999990
v 8.02781105 56.73685837 4.59999990
v 8.21411133 56.77118301 4.59999990
v 8.39710617 56.80767441 4.59999990
v 8.57659626 56.84628677 4.59999990
v 7.59537935 57.91450119 4.59999990
v 7.74091101 57.92990494 4.59999990
v 7.88365555 57.94620895 4.59999990
v 8.02345657 57.96339035 4.59999990
v 7.59537935 59.58549881 4.59999990
v 7.74091101 59.57009506 4.59999990
v 7.64611483 60.82515335 4.59999990
v 7.64611483 61.17484665 4.59999990
v 7.88365555 59.55379105 4.59999990
v 8.02345657 59.53660965 4.59999990
v 7.83840990 60.79526520 4.59999990
v 7.83840990 61.20473480 4.59999990
v 8.02781105 60.76314163 4.59999990
v 8.02781105 61.23685837 4.59999990
v 8.16016102 57.98143387 4.59999990
v 8.29361916 58.00031662 4.59999990
v 8.42368603 58.02001953 4.59999990
v 8.55021954 58.04051971 4.59999990
v 8.67307949 58.06179428 4.59999990
v 8.16016102 59.51856613 4.59999990
v 8.29361916 59.49968338 4.59999990
v 8.42368603 59.47998047 4.59999990
v 8.21411133 60.72881699 4.59999990
v 8.39710617 60.69232559 4.59999990
v 8.55021954 59.45948029 4.59999990
v 8.67307949 59.43820572 4.59999990
v 8.57659626 60.65371323 4.59999990
v 8.75238609 56.88698196 4.59999990
v 8.92428112 56.92971039 4.59999990
v 8.79213428 58.08382416 4.59999990
v 8.90725136 58.10658264 4.59999990
v 9.01830482 58.13004303 4.59999990
v 9.09209633 56.97443390 4.59999990
v 9.25564575 57.02109909 4.59999990
v 9.12517548 58.15418243 4.59999990
v 9.22774410 58.17897415 4.59999990
v 9.32590008 58.20438766 4.59999990
v 8.79213428 59.41617584 4.59999990
v 8.90725136 59.39341736 4.59999990
v 9.01830482 59.36995697 4.59999990
v 8.75238609 60.61301804 4.59999990
v 8.92428112 60.57028961 4.59999990
v 9.12517548 59.34581757 4.59999990
v 9.22774410 59.32102585 4.59999990
v 9.32590008 59.29561234 4.59999990
v 9.09209633 60.52556610 4.59999990
v 9.25564575 60.47890091 4.59999990
v 9.41475105 57.06965256 4.59999990
v 9.56923962 57.12004471 4.59999990
v 9.41953564 58.23040009 4.59999990
v 9.50854874 58.25697708 4.59999990
v 9.59284019 58.28409576 4.59999990
v 9.67232037 58.31172562 4.59999990
v 9.71894073 57.17221832 4.59999990
v 9.86369228 57.22611618 4.59999990
v 9.74690056 58.33983231 4.59999990
v 9.81650066 58.36838913 4.59999990
v 9.88104343 58.39736176 4.59999990
v 9.94045830 58.42671967 4.59999990
v 9.99468040 58.45643234 4.59999990
v 9.99468040 59.04356766 4.59999990
v 9.41953564 59.26959991 4.59999990
v 9.50854874 59.24302292 4.59999990
v 9.59284019 59.21590424 4.59999990
v 9.67232037 59.18827438 4.59999990
v 9.41475105 60.43034744 4.59999990
v 9.56923962 60.37995529 4.59999990
v 9.74690056 59.16016769 4.59999990
v 9.81650066 59.13161087 4.59999990
v 9.88104343 59.10263824 4.59999990
v 9.94045830 59.07328033 4.59999990
v 9.71894073 60.32778168 4.59999990
v 9.86369228 60.27388382 4.59999990
v 7.64611483 56.67484665 5.00000000
v 7.83840990 56.70473480 5.00000000
v 8.02781105 56.73685837 5.00000000
v 8.21411133 56.77118301 5.00000000
v 8.39710617 56.80767441 5.00000000
v 8.57659626 56.84628677 5.00000000
v 7.59537935 57.91450119 5.00000000
v 7.74091101 57.92990494 5.00000000
v 7.88365555 57.94620895 5.00000000
v 8.02345657 57.96339035 5.00000000
v 7.59537935 59.58549881 5.00000000
v 7.74091101 59.57009506 5.00000000
v 7.64611483 60.82515335 5.00000000
v 7.64611483 61.17484665 5.00000000
v 7.88365555 59.55379105 5.00000000
v 8.02345657 59.53660965 5.00000000
v 7.83840990 60.79526520 5.00000000
v 7.83840990 61.20473480 5.00000000
v 8.02781105 60.76314163 5.00000000
v 8.02781105 61.23685837 5.00000000
v 8.16016102 57.98143387 5.00000000
v 8.29361916 58.00031662 5.00000000
v 8.42368603 58.02001953 5.00000000
v 8.55021954 58.04051971 5.00000000
v 8.67307949 58.06179428 5.00000000
v 8.16016102 59.51856613 5.00000000
v 8.29361916 59.49968338 5.00000000
v 8.42368603 59.47998047 5.00000000
v 8.21411133 60.72881699 5.00000000
v 8.39710617 60.69232559 5.00000000
v 8.55021954 59.45948029 5.00000000
v 8.67307949 59.43820572 5.00000000
v 8.57659626 60.65371323 5.00000000
v 8.75238609 56.88698196 5.00000000
v 8.92428112 56.92971039 5.00000000
v 8.79213428 58.08382416 5.00000000
v 8.90725136 58.10658264 5.00000000
v 9.01830482 58.13004303 5.00000000
v 9.09209633 56.97443390 5.00000000
v 9.25564575 57.02109909 5.00000000
v 9.12517548 58.15418243 5.00000000
v 9.22774410 58.17897415 5.00000000
v 9.32590008 58.20438766 5.00000000
v 8.79213428 59.41617584 5.00000000
v 8.90725136 59.39341736 5.00000000
v 9.01830482 59.36995697 5.00000000
v 8.75238609 60.61301804 5.00000000
v 8.92428112 60.57028961 5.00000000
v 9.12517548 59.34581757 5.00000000
v 9.22774410 59.32102585 5.00000000
v 9.32590008 59.29561234 5.00000000
v 9.09209633 60.52556610 5.00000000
v 9.25564575 60.47890091 5.00000000
v 9.41475105 57.06965256 5.00000000
v 9.56923962 57.12004471 5.00000000
v 9.41953564 58.23040009 5.00000000
v 9.50854874 58.25697708 5.00000000
v 9.59284019 58.28409576 5.00000000
v 9.67232037 58.31172562 5.00000000
v 9.71894073 57.17221832 5.00000000
v 9.86369228 57.22611618 5.00000000
v 9.74690056 58.33983231 5.00000000
v 9.81650066 58.36838913 5.00000000
v 9.88104343 58.39736176 5.00000000
v 9.94045830 58.42671967 5.00000000
v 9.99468040 58.45643234 5.00000000
v 9.99468040 59.04356766 5.00000000
v 9.41953564 59.26959991 5.00000000
v 9.50854874 59.24302292 5.00000000
v 9.59284019 59.21590424 5.00000000
v 9.67232037 59.18827438 5.00000000
v 9.41475105 60.43034744 5.00000000
v 9.56923962 60.37995529 5.00000000
v 9.74690056 59.16016769 5.00000000
v 9.81650066 59.13161087 5.00000000
v 9.88104343 59.10263824 5.00000000
v 9.94045830 59.07328033 5.00000000
v 9.71894073 60.32778168 5.00000000
v 9.86369228 60.27388382 5.00000000
v 7.59537935 62.41450119 4.59999990
v 7.74091101 62.42990494 4.59999990
v 7.88365555 62.44620895 4.59999990
v 8.02345657 62.46339035 4.59999990
v 7.59537935 64.08550262 4.59999990
v 7.74091101 64.07009125 4.59999990
v 7.64611483 65.32514954 4.59999990
v 7.88365555 64.05378723 4.59999990
v 8.02345657 64.03660583 4.59999990
v 7.83840990 65.29526520 4.59999990
v 8.02781105 65.26313782 4.59999990
v 8.21411133 61.27118301 4.59999990
v 8.39710617 61.30767441 4.59999990
v 8.16016102 62.48143387 4.59999990
v 8.29361916 62.50031662 4.59999990
v 8.42368603 62.52001953 4.59999990
v 8.57659626 61.34628677 4.59999990
v 8.55021954 62.54051971 4.59999990
v 8.67307949 62.56179428 4.59999990
v 8.16016102 64.01856995 4.59999990
v 8.42368603 63.97998047 4.59999990
v 8.29361916 63.99968338 4.59999990
v 8.21411133 65.22881317 4.59999990
v 8.39710617 65.19232941 4.59999990
v 8.55021954 63.95948029 4.59999990
v 8.67307949 63.93820572 4.59999990
v 8.57659626 65.15371704 4.59999990
v 8.75238609 61.38698196 4.59999990
v 8.92428112 61.42971039 4.59999990
v 8.79213428 62.58382416 4.59999990
v 8.90725136 62.60658264 4.59999990
v 9.01830482 62.63004303 4.59999990
v 9.09209633 61.47443390 4.59999990
v 9.25564575 61.52109909 4.59999990
v 9.12517548 62.65418243 4.59999990
v 9.22774410 62.67897415 4.59999990
v 9.32590008 62.70438766 4.59999990
v 8.79213428 63.91617584 4.59999990
v 8.90725136 63.89341736 4.59999990
v 9.01830482 63.86995697 4.59999990
v 8.75238609 65.11302185 4.59999990
v 8.92428112 65.07028961 4.59999990
v 9.12517548 63.84581757 4.59999990
v 9.22774410 63.82102585 4.59999990
v 9.32590008 63.79561234 4.59999990
v 9.09209633 65.02556610 4.59999990
v 9.25564575 64.97890472 4.59999990
v 9.41475105 61.56965256 4.59999990
v 9.56923962 61.62004471 4.59999990
v 9.41953564 62.73040009 4.59999990
v 9.50854874 62.75697708 4.59999990
v 9.59284019 62.78409576 4.59999990
v 9.67232037 62.81172562 4.59999990
v 9.71894073 61.67221832 4.59999990
v 9.86369228 61.72611618 4.59999990
v 9.74690056 62.83983231 4.59999990
v 9.81650066 62.86838913 4.59999990
v 9.88104343 62.89736176 4.59999990
v 9.94045830 62.92671967 4.59999990
v 9.99468040 62.95643234 4.59999990
v 9.41953564 63.76959991 4.59999990
v 9.50854874 63.74302292 4.59999990
v 9.59284019 63.71590424 4.59999990
v 9.67232037 63.68827438 4.59999990
v 9.41475105 64.93035126 4.59999990
v 9.56923962 64.87995911 4.59999990
v 9.74690056 63.66016769 4.59999990
v 9.81650066 63.63161087 4.59999990
v 9.88104343 63.60263824 4.59999990
v 9.94045830 63.57328033 4.59999990
v 9.99468040 63.54356766 4.59999990
v 9.71894073 64.82778168 4.59999990
v 9.86369228 64.77388000 4.59999990
v 7.59537935 62.41450119 5.00000000
v 7.74091101 62.42990494 5.00000000
v 7.88365555 62.44620895 5.00000000
v 8.02345657 62.46339035 5.00000000
v 7.59537935 64.08550262 5.00000000
v 7.74091101 64.07009125 5.00000000
v 7.64611483 65.32514954 5.00000000
v 7.88365555 64.05378723 5.00000000
v 8.02345657 64.03660583 5.00000000
v 7.83840990 65.29526520 5.00000000
v 8.02781105 65.26313782 5.00000000
v 8.21411133 61.27118301 5.00000000
v 8.39710617 61.30767441 5.00000000
v 8.16016102 62.48143387 5.00000000
v 8.29361916 62.50031662 5.00000000
v 8.42368603 62.52001953 5.00000000
v 8.57659626 61.34628677 5.00000000
v 8.55021954 62.54051971 5.00000000
v 8.67307949 62.56179428 5.00000000
v 8.16016102 64.01856995 5.00000000
v 8.42368603 63.97998047 5.00000000
v 8.29361916 63.99968338 5.00000000
v 8.21411133 65.22881317 5.00000000
v 8.39710617 65.19232941 5.00000000
v 8.55021954 63.95948029 5.00000000
v 8.67307949 63.93820572 5.00000000
v 8.57659626 65.15371704 5.00000000
v 8.75238609 61.38698196 5.00000000
v 8.92428112 61.42971039 5.00000000
v 8.79213428 62.58382416 5.00000000
v 8.90725136 62.60658264 5.00000000
v 9.01830482 62.63004303 5.00000000
v 9.09209633 61.47443390 5.00000000
v 9.25564575 61.52109909 5.00000000
v 9.12517548 62.65418243 5.00000000
v 9.22774410 62.67897415 5.00000000
v 9.32590008 62.70438766 5.00000000
v 8.79213428 63.91617584 5.00000000
v 8.90725136 63.89341736 5.00000000
v 9.01830482 63.86995697 5.00000000
v 8.75238609 65.11302185 5.00000000
v 8.92428112 65.07028961 5.00000000
v 9.12517548 63.84581757 5.00000000
v 9.22774410 63.82102585 5.00000000
v 9.32590008 63.79561234 5.00000000
v 9.09209633 65.02556610 5.00000000
v 9.25564575 64.97890472 5.00000000
v 9.41475105 61.56965256 5.00000000
v 9.56923962 61.62004471 5.00000000
v 9.41953564 62.73040009 5.00000000
v 9.50854874 62.75697708 5.00000000
v 9.59284019 62.78409576 5.00000000
v 9.67232037 62.81172562 5.00000000
v 9.71894073 61.67221832 5.00000000
v 9.86369228 61.72611618 5.00000000
v 9.74690056 62.83983231 5.00000000
v 9.81650066 62.86838913 5.00000000
v 9.88104343 62.89736176 5.00000000
v 9.94045830 62.92671967 5.00000000
v 9.99468040 62.95643234 5.00000000
v 9.41953564 63.76959991 5.00000000
v 9.50854874 63.74302292 5.00000000
v 9.59284019 63.71590424 5.00000000
v 9.67232037 63.68827438 5.00000000
v 9.41475105 64.93035126 5.00000000
v 9.56923962 64.87995911 5.00000000
v 9.74690056 63.66016769 5.00000000
v 9.81650066 63.63161087 5.00000000
v 9.88104343 63.60263824 5.00000000
v 9.94045830 63.57328033 5.00000000
v 9.99468040 63.54356766 5.00000000
v 9.71894073 64.82778168 5.00000000
v 9.86369228 64.77388000 5.00000000
v 19.39999962 0.60000002 0.00000000
v 19.39999962 0.00000000 0.60000002
v 20.00000000 0.60000002 0.60000002
v 12.49855900 34.82500076 4.59999990
v 10.00037193 33.88662338 5.00000000
v 10.08530140 33.85525513 5.00000000
v 10.17414761 33.82878494 5.00000000
v 10.26653099 33.80733490 5.00000000
v 10.36205482 33.79098892 5.00000000
v 10.46030998 33.77981949 5.00000000
v 10.56087685 33.77387619 5.00000000
v 10.66332436 33.77318192 5.00000000
v 10.76721287 33.77774048 5.00000000
v 10.87209797 33.78753662 5.00000000
v 10.97753143 33.80252075 5.00000000
v 11.08306122 33.82263565 5.00000000
v 11.18823433 33.84779358 5.00000000
v 10.00037193 33.88662338 5.50000000
v 10.08530140 33.85525513 5.50000000
v 10.17414761 33.82878494 5.50000000
v 10.26653099 33.80733490 5.50000000
v 10.36205482 33.79098892 5.50000000
v 10.46030998 33.77981949 5.50000000
v 10.56087685 33.77387619 5.50000000
v 10.66332436 33.77318192 5.50000000
v 10.76721287 33.77774048 5.50000000
v 10.87209797 33.78753662 5.50000000
v 10.97753143 33.80252075 5.50000000
v 11.08306122 33.82263565 5.50000000
v 11.18823433 33.84779358 5.50000000
v 11.29260254 33.87788010 5.00000000
v 11.39571762 33.91277695 5.00000000
v 11.49713802 33.95232391 5.00000000
v 11.59642887 33.99636078 5.00000000
v 11.69316673 34.04469681 5.00000000
v 11.78693581 34.09712219 5.00000000
v 11.87733459 34.15341187 5.00000000
v 11.96397781 34.21332932 5.00000000
v 12.04649258 34.27661514 5.00000000
v 12.12452507 34.34299850 5.00000000
v 12.19774342 34.41219330 5.00000000
v 12.26583290 34.48390579 5.00000000
v 12.32850075 34.55783081 5.00000000
v 12.38548088 34.63364410 5.00000000
v 12.43652821 34.71103287 5.00000000
v 12.48142338 34.78965378 5.00000000
v 12.49855900 34.82500076 5.00000000
v 11.29260254 33.87788010 5.50000000
v 11.39571762 33.91277695 5.50000000
v 11.49713802 33.95232391 5.50000000
v 11.59642887 33.99636078 5.50000000
v 11.69316673 34.04469681 5.50000000
v 11.78693581 34.09712219 5.50000000
v 11.87733459 34.15341187 5.50000000
v 11.96397781 34.21332932 5.50000000
v 12.04649258 34.27661514 5.50000000
v 12.12452507 34.34299850 5.50000000
v 12.19774342 34.41219330 5.50000000
v 12.26583290 34.48390579 5.50000000
v 12.32850075 34.55783081 5.50000000
v 12.38548088 34.63364410 5.50000000
v 12.43652821 34.71103287 5.50000000
v 12.48142338 34.78965378 5.50000000
v 12.51997471 34.86917877 4.59999990
v 12.55201817 34.94926071 4.59999990
v 12.51997471 34.86917877 5.50000000
v 12.55201817 34.94926071 5.50000000
v 19.39999962 0.00000000 4.40000010
v 20.00000000 0.60000002 4.40000010
v 19.39999962 0.60000002 5.00000000
v 19.79999924 29.62500000 4.59999990
v 19.79999924 29.97500038 4.59999990
v 19.79999924 32.22499847 4.59999990
v 19.79999924 32.57500076 4.59999990
v 19.79999924 34.82500076 4.59999990
v 19.39999962 29.62500000 5.00000000
v 19.39999962 29.97500038 5.00000000
v 19.39999962 32.22499847 5.00000000
v 19.39999962 32.57500076 5.00000000
v 19.39999962 34.82500076 5.00000000
v 19.39999962 69.40000153 0.00000000
v 19.39999962 70.00000000 0.60000002
v 20.00000000 69.40000153 0.60000002
v 10.03602219 35.78667068 5.00000000
v 10.12266541 35.84658813 5.00000000
v 10.21306419 35.90287781 5.00000000
v 10.30683327 35.95530319 5.00000000
v 10.40357113 36.00363922 5.00000000
v 10.50286198 36.04767609 5.00000000
v 10.60428238 36.08722305 5.00000000
v 10.70739746 36.12211990 5.00000000
v 10.81176567 36.15220642 5.00000000
v 10.91693878 36.17736435 5.00000000
v 11.02246857 36.19747925 5.00000000
v 11.12790203 36.21246338 5.00000000
v 11.23278713 36.22225952 5.00000000
v 10.03602219 35.78667068 5.50000000
v 10.12266541 35.84658813 5.50000000
v 10.21306419 35.90287781 5.50000000
v 10.30683327 35.95530319 5.50000000
v 10.40357113 36.00363922 5.50000000
v 10.50286198 36.04767609 5.50000000
v 10.60428238 36.08722305 5.50000000
v 10.70739746 36.12211990 5.50000000
v 10.81176567 36.15220642 5.50000000
v 10.91693878 36.17736435 5.50000000
v 11.02246857 36.19747925 5.50000000
v 11.12790203 36.21246338 5.50000000
v 11.23278713 36.22225952 5.50000000
v 10.02499962 41.24000168 5.00000000
v 10.47500038 41.24000168 5.00000000
v 10.02499962 42.65973663 5.00000000
v 10.02499962 43.23480225 5.00000000
v 10.47500038 42.75538635 5.00000000
v 10.47500038 43.33045197 5.00000000
v 11.12500000 41.24000168 5.00000000
v 11.12500000 42.89354706 5.00000000
v 11.12500000 43.46861267 5.00000000
v 10.02499962 41.24000168 5.50000000
v 10.47500038 41.24000168 5.50000000
v 10.02499962 42.65973663 5.50000000
v 10.02499962 43.23480225 5.50000000
v 10.47500038 42.75538635 5.50000000
v 10.47500038 43.33045197 5.50000000
v 11.12500000 41.24000168 5.50000000
v 11.12500000 42.89354706 5.50000000
v 11.12500000 43.46861267 5.50000000
v 11.33667564 36.22681808 5.00000000
v 11.43912315 36.22612381 5.00000000
v 11.53969002 36.22018051 5.00000000
v 11.63794518 36.20901108 5.00000000
v 11.73346901 36.19266510 5.00000000
v 11.82585239 36.17121506 5.00000000
v 12.08027744 36.07723618 5.00000000
v 12.15630054 36.03648758 5.00000000
v 11.91469860 36.14474487 5.00000000
v 11.99962807 36.11337662 5.00000000
v 12.22737217 35.99129486 5.00000000
v 12.29318810 35.94186401 5.00000000
v 12.35346699 35.88839340 5.00000000
v 12.40794945 35.83112335 5.00000000
v 12.45640278 35.77029419 5.00000000
v 12.49862003 35.70616531 5.00000000
v 11.33667564 36.22681808 5.50000000
v 11.43912315 36.22612381 5.50000000
v 11.53969002 36.22018051 5.50000000
v 11.63794518 36.20901108 5.50000000
v 11.73346901 36.19266510 5.50000000
v 11.82585239 36.17121506 5.50000000
v 12.08027744 36.07723618 5.50000000
v 12.15630054 36.03648758 5.50000000
v 11.91469860 36.14474487 5.50000000
v 11.99962807 36.11337662 5.50000000
v 12.22737217 35.99129486 5.50000000
v 12.29318810 35.94186401 5.50000000
v 12.35346699 35.88839340 5.50000000
v 12.40794945 35.83112335 5.50000000
v 12.45640278 35.77029419 5.50000000
v 12.49862003 35.70616531 5.50000000
v 11.57499981 41.24000168 5.00000000
v 11.57499981 42.98919678 5.00000000
v 11.57499981 43.56426620 5.00000000
v 11.91530228 43.63659668 5.00000000
v 12.03225231 43.08639145 5.00000000
v 12.39999962 42.54999924 5.00000000
v 12.39999962 43.04999924 5.00000000
v 11.57499981 41.24000168 5.50000000
v 11.57499981 42.98919678 5.50000000
v 11.57499981 43.56426620 5.50000000
v 11.91530228 43.63659668 5.50000000
v 12.03225231 43.08639145 5.50000000
v 12.39999962 42.54999924 5.50000000
v 12.39999962 43.04999924 5.50000000
v 10.02499962 44.63573456 5.00000000
v 10.02499962 45.21080017 5.00000000
v 10.47500038 44.73138428 5.00000000
v 10.47500038 45.30645370 5.00000000
v 10.02499962 46.95999908 5.00000000
v 10.47500038 46.95999908 5.00000000
v 11.12500000 44.86954880 5.00000000
v 11.12500000 45.44461441 5.00000000
v 11.12500000 46.95999908 5.00000000
v 10.02499962 44.63573456 5.50000000
v 10.02499962 45.21080017 5.50000000
v 10.47500038 44.73138428 5.50000000
v 10.47500038 45.30645370 5.50000000
v 10.02499962 46.95999908 5.50000000
v 10.47500038 46.95999908 5.50000000
v 11.12500000 44.86954880 5.50000000
v 11.12500000 45.44461441 5.50000000
v 11.12500000 46.95999908 5.50000000
v 11.57499981 44.96519852 5.00000000
v 11.57499981 45.54026413 5.00000000
v 11.57499981 46.95999908 5.00000000
v 11.91530228 45.61259842 5.00000000
v 12.03225231 45.06238937 5.00000000
v 11.57499981 44.96519852 5.50000000
v 11.57499981 45.54026413 5.50000000
v 11.57499981 46.95999908 5.50000000
v 11.91530228 45.61259842 5.50000000
v 12.03225231 45.06238937 5.50000000
v 12.57741547 35.02956390 4.59999990
v 12.59605694 35.10973740 4.59999990
v 12.60572529 35.17499924 4.59999990
v 13.38705540 35.00000000 4.59999990
v 13.38705540 35.17499924 4.59999990
v 13.38705540 37.42499924 4.59999990
v 13.38705540 37.77500153 4.59999990
v 13.38705540 40.02500153 4.59999990
v 13.38705540 40.37500000 4.59999990
v 13.88705540 35.00000000 4.59999990
v 13.88705540 35.17499924 4.59999990
v 13.88705540 37.42499924 4.59999990
v 13.88705540 37.77500153 4.59999990
v 13.88705540 40.02500153 4.59999990
v 13.88705540 40.37500000 4.59999990
v 12.60572529 35.17499924 5.00000000
v 12.60786533 35.18944168 5.00000000
v 12.61278725 35.26833344 5.00000000
v 12.61080360 35.34608078 5.00000000
v 12.58618164 35.49679565 5.00000000
v 12.60192299 35.42234039 5.00000000
v 12.53441906 35.63901138 5.00000000
v 12.56364822 35.56912231 5.00000000
v 13.38705540 35.17499924 5.00000000
v 13.38705540 37.42499924 5.00000000
v 13.38705540 37.77500153 5.00000000
v 12.57741547 35.02956390 5.50000000
v 12.59605694 35.10973740 5.50000000
v 12.60786533 35.18944168 5.50000000
v 12.61278725 35.26833344 5.50000000
v 12.61080360 35.34608078 5.50000000
v 12.58618164 35.49679565 5.50000000
v 12.60192299 35.42234039 5.50000000
v 12.53441906 35.63901138 5.50000000
v 12.56364822 35.56912231 5.50000000
v 13.38705540 35.00000000 5.50000000
v 13.38705540 40.02500153 5.00000000
v 13.38705540 40.37500000 5.00000000
v 13.38705540 42.54999924 5.00000000
v 13.38705540 43.04999924 5.00000000
v 13.38705540 42.54999924 5.50000000
v 13.38705540 43.04999924 5.50000000
v 13.88705540 35.17499924 5.00000000
v 13.88705540 37.42499924 5.00000000
v 13.88705540 37.77500153 5.00000000
v 13.88705540 35.00000000 5.50000000
v 13.88705540 40.02500153 5.00000000
v 13.88705540 40.37500000 5.00000000
v 13.88705540 42.54999924 5.00000000
v 13.88705540 42.54999924 5.50000000
v 13.38705540 44.09999847 5.00000000
v 13.43193436 44.09999847 5.00000000
v 13.44798183 44.15073776 5.00000000
v 13.48002529 44.23082352 5.00000000
v 13.51857662 44.31034470 5.00000000
v 13.56347179 44.38896942 5.00000000
v 13.61451912 44.46635437 5.00000000
v 13.67149925 44.54217148 5.00000000
v 13.73416710 44.61609268 5.00000000
v 13.38705540 44.09999847 5.50000000
v 13.43193436 44.09999847 5.50000000
v 13.44798183 44.15073776 5.50000000
v 13.48002529 44.23082352 5.50000000
v 13.51857662 44.31034470 5.50000000
v 13.56347179 44.38896942 5.50000000
v 13.61451912 44.46635437 5.50000000
v 13.67149925 44.54217148 5.50000000
v 13.73416710 44.61609268 5.50000000
v 13.80225658 44.68780518 5.00000000
v 13.87547493 44.75700378 5.00000000
v 13.95350742 44.82338715 5.00000000
v 14.03602219 44.88666916 5.00000000
v 14.12266541 44.94658661 5.00000000
v 14.21306419 45.00288010 5.00000000
v 14.30683327 45.05530167 5.00000000
v 14.40357113 45.10363770 5.00000000
v 14.50286198 45.14767456 5.00000000
v 14.60428238 45.18722534 5.00000000
v 14.70739746 45.22211838 5.00000000
v 14.81176567 45.25220871 5.00000000
v 14.91693878 45.27736282 5.00000000
v 13.80225658 44.68780518 5.50000000
v 13.87547493 44.75700378 5.50000000
v 13.95350742 44.82338715 5.50000000
v 14.03602219 44.88666916 5.50000000
v 14.12266541 44.94658661 5.50000000
v 14.21306419 45.00288010 5.50000000
v 14.30683327 45.05530167 5.50000000
v 14.40357113 45.10363770 5.50000000
v 14.50286198 45.14767456 5.50000000
v 14.60428238 45.18722534 5.50000000
v 14.70739746 45.22211838 5.50000000
v 14.81176567 45.25220871 5.50000000
v 14.91693878 45.27736282 5.50000000
v 10.00333500 57.28168106 4.59999990
v 10.13771629 57.33885193 4.59999990
v 10.26668930 57.39756775 4.59999990
v 10.04365158 58.48646545 4.59999990
v 10.04365158 59.01353455 4.59999990
v 10.08731651 58.51678848 4.59999990
v 10.12562847 58.54736710 4.59999990
v 10.08731651 58.98321152 4.59999990
v 10.12562847 58.95263290 4.59999990
v 10.15854549 58.57816315 4.59999990
v 10.18603230 58.60914993 4.59999990
v 10.20805740 58.64028931 4.59999990
v 10.22459698 58.67155075 4.59999990
v 10.15854549 58.92183685 4.59999990
v 10.18603230 58.89085007 4.59999990
v 10.20805740 58.85971069 4.59999990
v 10.22459698 58.82844925 4.59999990
v 10.23563385 58.70289612 4.59999990
v 10.24115467 58.73429108 4.59999990
v 10.24115467 58.76570892 4.59999990
v 10.23563385 58.79710388 4.59999990
v 10.39011288 57.45775986 4.59999990
v 10.50785255 57.51936722 4.59999990
v 10.61977863 57.58231735 4.59999990
v 10.26668930 60.10243225 4.59999990
v 10.00333500 60.21831894 4.59999990
v 10.13771629 60.16114807 4.59999990
v 10.39011288 60.04224014 4.59999990
v 10.50785255 59.98063278 4.59999990
v 10.61977863 59.91768265 4.59999990
v 10.72577000 57.64654541 4.59999990
v 10.82571030 57.71198273 4.59999990
v 10.91948986 57.77855301 4.59999990
v 11.00700569 57.84618378 4.59999990
v 11.08816338 57.91480637 4.59999990
v 11.16287327 57.98434067 4.59999990
v 11.23105431 58.05471039 4.59999990
v 10.72577000 59.85345459 4.59999990
v 10.82571030 59.78801727 4.59999990
v 10.91948986 59.72144699 4.59999990
v 11.08816338 59.58519363 4.59999990
v 11.00700569 59.65381622 4.59999990
v 11.16287327 59.51565933 4.59999990
v 11.23105431 59.44528961 4.59999990
v 11.29263115 58.12584305 4.59999990
v 11.34753704 58.19765854 4.59999990
v 11.39571190 58.27007675 4.59999990
v 11.43710232 58.34301758 4.59999990
v 11.47166443 58.41640854 4.59999990
v 11.49935913 58.49015808 4.59999990
v 11.52015686 58.56419754 4.59999990
v 11.53403473 58.63843536 4.59999990
v 11.54097748 58.71279907 4.59999990
v 11.54097748 58.78720093 4.59999990
v 11.49935913 59.00984192 4.59999990
v 11.52015686 58.93580246 4.59999990
v 11.53403473 58.86156464 4.59999990
v 11.29263115 59.37415695 4.59999990
v 11.34753704 59.30234146 4.59999990
v 11.39571190 59.22992325 4.59999990
v 11.43710232 59.15698242 4.59999990
v 11.47166443 59.08359146 4.59999990
v 12.34097672 59.88298416 4.59999990
v 10.00333500 57.28168106 5.00000000
v 10.13771629 57.33885193 5.00000000
v 10.26668930 57.39756775 5.00000000
v 10.04365158 58.48646545 5.00000000
v 10.04365158 59.01353455 5.00000000
v 10.08731651 58.51678848 5.00000000
v 10.12562847 58.54736710 5.00000000
v 10.08731651 58.98321152 5.00000000
v 10.12562847 58.95263290 5.00000000
v 10.15854549 58.57816315 5.00000000
v 10.18603230 58.60914993 5.00000000
v 10.20805740 58.64028931 5.00000000
v 10.22459698 58.67155075 5.00000000
v 10.15854549 58.92183685 5.00000000
v 10.18603230 58.89085007 5.00000000
v 10.20805740 58.85971069 5.00000000
v 10.22459698 58.82844925 5.00000000
v 10.23563385 58.70289612 5.00000000
v 10.24115467 58.73429108 5.00000000
v 10.24115467 58.76570892 5.00000000
v 10.23563385 58.79710388 5.00000000
v 10.39011288 57.45775986 5.00000000
v 10.50785255 57.51936722 5.00000000
v 10.61977863 57.58231735 5.00000000
v 10.26668930 60.10243225 5.00000000
v 10.00333500 60.21831894 5.00000000
v 10.13771629 60.16114807 5.00000000
v 10.39011288 60.04224014 5.00000000
v 10.50785255 59.98063278 5.00000000
v 10.61977863 59.91768265 5.00000000
v 10.72577000 57.64654541 5.00000000
v 10.82571030 57.71198273 5.00000000
v 10.91948986 57.77855301 5.00000000
v 11.00700569 57.84618378 5.00000000
v 11.08816338 57.91480637 5.00000000
v 11.16287327 57.98434067 5.00000000
v 11.23105431 58.05471039 5.00000000
v 10.72577000 59.85345459 5.00000000
v 10.82571030 59.78801727 5.00000000
v 10.91948986 59.72144699 5.00000000
v 11.08816338 59.58519363 5.00000000
v 11.00700569 59.65381622 5.00000000
v 11.16287327 59.51565933 5.00000000
v 11.23105431 59.44528961 5.00000000
v 11.29263115 58.12584305 5.00000000
v 11.34753704 58.19765854 5.00000000
v 11.39571190 58.27007675 5.00000000
v 11.43710232 58.34301758 5.00000000
v 11.47166443 58.41640854 5.00000000
v 11.49935913 58.49015808 5.00000000
v 11.52015686 58.56419754 5.00000000
v 11.53403473 58.63843536 5.00000000
v 11.54097748 58.71279907 5.00000000
v 11.54097748 58.78720093 5.00000000
v 11.49935913 59.00984192 5.00000000
v 11.52015686 58.93580246 5.00000000
v 11.53403473 58.86156464 5.00000000
v 11.29263115 59.37415695 5.00000000
v 11.34753704 59.30234146 5.00000000
v 11.39571190 59.22992325 5.00000000
v 11.43710232 59.15698242 5.00000000
v 11.47166443 59.08359146 5.00000000
v 12.34097672 59.88298416 5.00000000
v 10.00333500 61.78168106 4.59999990
v 10.13771629 61.83885193 4.59999990
v 10.26668930 61.89756775 4.59999990
v 10.04365158 62.98646545 4.59999990
v 10.08731651 63.01678848 4.59999990
v 10.12562847 63.04736710 4.59999990
v 10.15854549 63.07816315 4.59999990
v 10.18603230 63.10914993 4.59999990
v 10.20805740 63.14028931 4.59999990
v 10.15854549 63.42183685 4.59999990
v 10.18603230 63.39085007 4.59999990
v 10.22459698 63.17155075 4.59999990
v 10.20805740 63.35971069 4.59999990
v 10.22459698 63.32844925 4.59999990
v 10.23563385 63.20289612 4.59999990
v 10.24115467 63.23429108 4.59999990
v 10.24115467 63.26570892 4.59999990
v 10.23563385 63.29710388 4.59999990
v 10.39011288 61.95775986 4.59999990
v 10.50785255 62.01936722 4.59999990
v 10.61977863 62.08231735 4.59999990
v 10.04365158 63.51353455 4.59999990
v 10.08731651 63.48321152 4.59999990
v 10.12562847 63.45263290 4.59999990
v 10.00333500 64.71831512 4.59999990
v 10.13771629 64.66114807 4.59999990
v 10.26668930 64.60243225 4.59999990
v 10.50785255 64.48063660 4.59999990
v 10.61977863 64.41767883 4.59999990
v 10.39011288 64.54223633 4.59999990
v 10.72577000 62.14654541 4.59999990
v 10.82571030 62.21198273 4.59999990
v 10.91948986 62.27855301 4.59999990
v 11.00700569 62.34618378 4.59999990
v 11.08816338 62.41480637 4.59999990
v 11.16287327 62.48434067 4.59999990
v 11.23105431 62.55471039 4.59999990
v 10.72577000 64.35345459 4.59999990
v 10.82571030 64.28801727 4.59999990
v 10.91948986 64.22145081 4.59999990
v 11.00700569 64.15381622 4.59999990
v 11.08816338 64.08519745 4.59999990
v 11.23105431 63.94528961 4.59999990
v 11.16287327 64.01566315 4.59999990
v 11.29263115 62.62584305 4.59999990
v 11.34753704 62.69765854 4.59999990
v 11.39571190 62.77007675 4.59999990
v 11.43710232 62.84301758 4.59999990
v 11.47166443 62.91640854 4.59999990
v 11.49935913 62.99015808 4.59999990
v 11.52015686 63.06419754 4.59999990
v 11.53403473 63.13843536 4.59999990
v 11.52015686 63.43580246 4.59999990
v 11.54097748 63.21279907 4.59999990
v 11.54097748 63.28720093 4.59999990
v 11.53403473 63.36156464 4.59999990
v 11.29263115 63.87415695 4.59999990
v 11.34753704 63.80234146 4.59999990
v 11.39571190 63.72992325 4.59999990
v 11.43710232 63.65698242 4.59999990
v 11.47166443 63.58359146 4.59999990
v 11.49935913 63.50984192 4.59999990
v 12.34097672 62.35298157 4.59999990
v 10.00333500 61.78168106 5.00000000
v 10.13771629 61.83885193 5.00000000
v 10.26668930 61.89756775 5.00000000
v 10.04365158 62.98646545 5.00000000
v 10.08731651 63.01678848 5.00000000
v 10.12562847 63.04736710 5.00000000
v 10.15854549 63.07816315 5.00000000
v 10.18603230 63.10914993 5.00000000
v 10.20805740 63.14028931 5.00000000
v 10.15854549 63.42183685 5.00000000
v 10.18603230 63.39085007 5.00000000
v 10.22459698 63.17155075 5.00000000
v 10.20805740 63.35971069 5.00000000
v 10.22459698 63.32844925 5.00000000
v 10.23563385 63.20289612 5.00000000
v 10.24115467 63.23429108 5.00000000
v 10.23563385 63.29710388 5.00000000
v 10.24115467 63.26570892 5.00000000
v 10.39011288 61.95775986 5.00000000
v 10.50785255 62.01936722 5.00000000
v 10.61977863 62.08231735 5.00000000
v 10.04365158 63.51353455 5.00000000
v 10.08731651 63.48321152 5.00000000
v 10.12562847 63.45263290 5.00000000
v 10.00333500 64.71831512 5.00000000
v 10.13771629 64.66114807 5.00000000
v 10.26668930 64.60243225 5.00000000
v 10.50785255 64.48063660 5.00000000
v 10.61977863 64.41767883 5.00000000
v 10.39011288 64.54223633 5.00000000
v 10.72577000 62.14654541 5.00000000
v 10.82571030 62.21198273 5.00000000
v 10.91948986 62.27855301 5.00000000
v 11.00700569 62.34618378 5.00000000
v 11.08816338 62.41480637 5.00000000
v 11.16287327 62.48434067 5.00000000
v 11.23105431 62.55471039 5.00000000
v 10.72577000 64.35345459 5.00000000
v 10.82571030 64.28801727 5.00000000
v 10.91948986 64.22145081 5.00000000
v 11.00700569 64.15381622 5.00000000
v 11.08816338 64.08519745 5.00000000
v 11.23105431 63.94528961 5.00000000
v 11.16287327 64.01566315 5.00000000
v 11.29263115 62.62584305 5.00000000
v 11.34753704 62.69765854 5.00000000
v 11.39571190 62.77007675 5.00000000
v 11.43710232 62.84301758 5.00000000
v 11.47166443 62.91640854 5.00000000
v 11.49935913 62.99015808 5.00000000
v 11.52015686 63.06419754 5.00000000
v 11.53403473 63.13843536 5.00000000
v 11.52015686 63.43580246 5.00000000
v 11.54097748 63.21279907 5.00000000
v 11.54097748 63.28720093 5.00000000
v 11.53403473 63.36156464 5.00000000
v 11.29263115 63.87415695 5.00000000
v 11.34753704 63.80234146 5.00000000
v 11.39571190 63.72992325 5.00000000
v 11.43710232 63.65698242 5.00000000
v 11.47166443 63.58359146 5.00000000
v 11.49935913 63.50984192 5.00000000
v 12.34097672 62.35298157 5.00000000
v 12.52371216 59.02328110 4.59999990
v 12.86050320 57.42499924 4.59999990
v 12.86050320 59.09487152 4.59999990
v 12.86050320 59.99341202 4.59999990
v 13.56362820 57.42499924 4.59999990
v 13.56362820 59.24432373 4.59999990
v 13.56362820 60.14286423 4.59999990
v 14.23550320 57.42499924 4.59999990
v 14.23550320 59.38713455 4.59999990
v 14.23550320 60.28567505 4.59999990
v 14.93862820 57.42499924 4.59999990
v 14.93862820 59.53659058 4.59999990
v 14.93862820 60.43513107 4.59999990
v 12.52371216 59.02328110 5.00000000
v 12.86050320 57.42499924 5.00000000
v 12.86050320 59.09487152 5.00000000
v 12.86050320 59.99341202 5.00000000
v 13.56362820 57.42499924 5.00000000
v 13.56362820 59.24432373 5.00000000
v 13.56362820 60.14286423 5.00000000
v 14.23550320 57.42499924 5.00000000
v 14.23550320 59.38713455 5.00000000
v 14.23550320 60.28567505 5.00000000
v 14.93862820 57.42499924 5.00000000
v 14.93862820 59.53659058 5.00000000
v 14.93862820 60.43513107 5.00000000
v 12.52371216 61.49328232 4.59999990
v 12.86050320 61.56486893 4.59999990
v 12.86050320 62.46340942 4.59999990
v 12.86050320 64.57499695 4.59999990
v 13.56362820 61.71432495 4.59999990
v 13.56362820 62.61286545 4.59999990
v 13.56362820 64.57499695 4.59999990
v 14.23550320 61.85713577 4.59999990
v 14.23550320 62.75567627 4.59999990
v 14.23550320 64.57499695 4.59999990
v 14.93862820 62.00658798 4.59999990
v 14.93862820 62.90512848 4.59999990
v 14.93862820 64.57499695 4.59999990
v 12.52371216 61.49328232 5.00000000
v 12.86050320 61.56486893 5.00000000
v 12.86050320 62.46340942 5.00000000
v 12.86050320 64.57499695 5.00000000
v 13.56362820 61.71432495 5.00000000
v 13.56362820 62.61286545 5.00000000
v 13.56362820 64.57499695 5.00000000
v 14.23550320 61.85713577 5.00000000
v 14.23550320 62.75567627 5.00000000
v 14.23550320 64.57499695 5.00000000
v 14.93862820 62.00658798 5.00000000
v 14.93862820 62.90512848 5.00000000
v 14.93862820 64.57499695 5.00000000
v 15.49713802 43.05232620 5.00000000
v 15.49117374 43.04999924 5.00000000
v 15.59642887 43.09636307 5.00000000
v 15.69316673 43.14469528 5.00000000
v 15.78693581 43.19712067 5.00000000
v 15.87733459 43.25341415 5.00000000
v 15.96397781 43.31332779 5.00000000
v 16.04649162 43.37661362 5.00000000
v 16.12452507 43.44299698 5.00000000
v 16.19774437 43.51219177 5.00000000
v 15.49713802 43.05232620 5.50000000
v 15.49117374 43.04999924 5.50000000
v 15.59642887 43.09636307 5.50000000
v 15.69316673 43.14469528 5.50000000
v 15.78693581 43.19712067 5.50000000
v 15.87733459 43.25341415 5.50000000
v 15.96397781 43.31332779 5.50000000
v 16.04649162 43.37661362 5.50000000
v 16.12452507 43.44299698 5.50000000
v 16.19774437 43.51219177 5.50000000
v 16.26583290 43.58390427 5.00000000
v 16.32850075 43.65782928 5.00000000
v 16.38548088 43.73364639 5.00000000
v 16.26583290 43.58390427 5.50000000
v 16.32850075 43.65782928 5.50000000
v 16.38548088 43.73364639 5.50000000
v 15.02246857 45.29747772 5.00000000
v 15.12790203 45.31246185 5.00000000
v 15.23278713 45.32225800 5.00000000
v 15.33667564 45.32681656 5.00000000
v 15.43912315 45.32612610 5.00000000
v 15.53969002 45.32018280 5.00000000
v 15.63794518 45.30901337 5.00000000
v 15.73346901 45.29266739 5.00000000
v 15.82585239 45.27121353 5.00000000
v 15.91469860 45.24474335 5.00000000
v 15.99962807 45.21337509 5.00000000
v 16.08027840 45.17723846 5.00000000
v 16.15630150 45.13648605 5.00000000
v 16.22737312 45.09129715 5.00000000
v 15.02246857 45.29747772 5.50000000
v 15.12790203 45.31246185 5.50000000
v 15.23278713 45.32225800 5.50000000
v 15.33667564 45.32681656 5.50000000
v 15.43912315 45.32612610 5.50000000
v 15.53969002 45.32018280 5.50000000
v 15.63794518 45.30901337 5.50000000
v 15.73346901 45.29266739 5.50000000
v 15.82585239 45.27121353 5.50000000
v 15.91469860 45.24474335 5.50000000
v 15.99962807 45.21337509 5.50000000
v 16.08027840 45.17723846 5.50000000
v 16.15630150 45.13648605 5.50000000
v 16.22737312 45.09129715 5.50000000
v 16.43652725 43.81103134 5.00000000
v 16.48142242 43.88965607 5.00000000
v 16.51997566 43.96917725 5.00000000
v 16.55201721 44.04926300 5.00000000
v 16.49861908 44.80616379 5.00000000
v 16.53442001 44.73900986 5.00000000
v 16.29318810 45.04186249 5.00000000
v 16.35346603 44.98839569 5.00000000
v 16.40794945 44.93112183 5.00000000
v 16.45640373 44.87029266 5.00000000
v 16.57741547 44.12956238 5.00000000
v 16.59605789 44.20973587 5.00000000
v 16.60786438 44.28944016 5.00000000
v 16.61278725 44.36833572 5.00000000
v 16.61080360 44.44607925 5.00000000
v 16.60192299 44.52234268 5.00000000
v 16.56364822 44.66912079 5.00000000
v 16.58618164 44.59679413 5.00000000
v 16.43652725 43.81103134 5.50000000
v 16.48142242 43.88965607 5.50000000
v 16.51997566 43.96917725 5.50000000
v 16.55201721 44.04926300 5.50000000
v 16.49861908 44.80616379 5.50000000
v 16.53442001 44.73900986 5.50000000
v 16.29318810 45.04186249 5.50000000
v 16.35346603 44.98839569 5.50000000
v 16.40794945 44.93112183 5.50000000
v 16.45640373 44.87029266 5.50000000
v 16.57741547 44.12956238 5.50000000
v 16.59605789 44.20973587 5.50000000
v 16.60786438 44.28944016 5.50000000
v 16.61278725 44.36833572 5.50000000
v 16.61080360 44.44607925 5.50000000
v 16.60192299 44.52234268 5.50000000
v 16.56364822 44.66912079 5.50000000
v 16.58618164 44.59679413 5.50000000
v 19.79999924 35.17499924 4.59999990
v 19.79999924 37.42499924 4.59999990
v 19.79999924 37.77500153 4.59999990
v 19.79999924 40.02500153 4.59999990
v 19.79999924 40.37500000 4.59999990
v 17.60000038 42.54999924 5.00000000
v 17.60000038 43.04999924 5.00000000
v 17.60000038 42.54999924 5.50000000
v 17.60000038 43.04999924 5.50000000
v 19.39999962 35.17499924 5.00000000
v 19.39999962 37.42499924 5.00000000
v 19.39999962 37.77500153 5.00000000
v 19.39999962 40.02500153 5.00000000
v 19.39999962 40.37500000 5.00000000
v 15.27542019 60.50671768 4.59999990
v 15.45815468 59.64701843 4.59999990
v 15.27542019 60.50671768 5.00000000
v 15.45815468 59.64701843 5.00000000
v 15.27542019 62.97671890 4.59999990
v 15.45815468 62.11701584 4.59999990
v 15.27542019 62.97671890 5.00000000
v 15.45815468 62.11701584 5.00000000
v 19.39999962 70.00000000 4.40000010
v 20.00000000 69.40000153 4.40000010
v 19.39999962 69.40000153 5.00000000
f 1 3 2
f 2 3 5
f 1 2 332
f 2 4 333
f 1 922 3
f 1 332 921
f 2 5 4
f 4 5 6
f 4 6 23
f 6 8 34
f 6 9 7
f 6 7 8
f 6 10 9
f 6 49 10
f 6 50 49
f 6 28 23
f 6 34 28
f 34 8 33
f 12 35 8
f 35 33 8
f 11 7 9
f 4 23 345
f 24 29 25
f 26 31 27
f 25 160 26
f 25 30 159
f 27 32 161
f 29 30 25
f 27 31 32
f 28 34 39
f 39 34 36
f 26 189 31
f 31 186 32
f 10 49 51
f 10 51 13
f 37 14 65
f 65 14 52
f 54 62 77
f 61 92 62
f 62 93 77
f 90 61 97
f 87 62 92
f 88 62 87
f 93 62 88
f 89 61 91
f 61 89 92
f 91 61 90
f 94 77 93
f 95 77 94
f 96 77 95
f 23 260 24
f 23 28 259
f 25 159 160
f 26 160 189
f 27 161 352
f 38 69 40
f 38 66 69
f 24 281 29
f 54 77 67
f 28 39 280
f 29 281 30
f 77 80 78
f 77 79 80
f 280 39 40
f 77 169 79
f 98 77 96
f 280 40 69
f 280 69 70
f 30 188 159
f 30 187 188
f 32 193 161
f 31 190 186
f 31 189 190
f 32 186 192
f 32 192 193
f 30 281 187
f 3 988 5
f 5 988 6
f 6 990 50
f 990 53 50
f 990 61 53
f 990 107 61
f 97 61 85
f 85 61 86
f 86 61 101
f 101 61 102
f 102 61 103
f 103 61 104
f 104 61 105
f 105 61 106
f 106 61 107
f 23 259 260
f 24 260 281
f 162 166 163
f 162 208 165
f 164 212 167
f 162 165 166
f 163 166 215
f 164 167 358
f 99 77 98
f 100 77 99
f 168 77 100
f 169 77 168
f 79 169 170
f 79 170 171
f 280 68 78
f 79 171 172
f 79 172 173
f 79 173 174
f 79 174 175
f 79 175 176
f 280 78 80
f 28 280 259
f 280 70 68
f 79 176 199
f 79 199 200
f 79 200 201
f 79 201 202
f 189 191 190
f 280 80 279
f 163 215 209
f 281 207 187
f 208 207 213
f 209 216 210
f 218 212 211
f 208 214 165
f 208 213 214
f 281 213 207
f 167 212 218
f 215 216 209
f 218 211 217
f 263 266 264
f 263 265 266
f 263 290 265
f 264 266 293
f 267 296 278
f 261 271 262
f 261 270 271
f 261 284 270
f 262 271 315
f 268 275 269
f 274 275 268
f 268 300 274
f 323 269 275
f 267 278 395
f 264 293 291
f 290 292 265
f 213 281 289
f 290 289 292
f 292 289 281
f 291 297 294
f 296 295 298
f 293 297 291
f 294 297 302
f 326 299 294
f 296 298 327
f 326 294 302
f 327 298 299
f 312 311 283
f 314 283 311
f 315 285 262
f 270 284 314
f 314 284 283
f 311 312 313
f 323 301 269
f 322 274 300
f 285 322 300
f 315 322 285
f 296 327 278
f 301 326 302
f 327 299 326
f 323 326 301
f 325 329 328
f 325 925 329
f 325 926 925
f 2 333 332
f 332 333 334
f 333 346 334
f 332 334 1002
f 334 346 1002
f 4 345 333
f 335 340 336
f 337 342 338
f 23 24 345
f 27 352 335
f 336 354 337
f 336 341 353
f 336 340 341
f 342 343 338
f 335 363 340
f 340 361 341
f 337 367 342
f 342 368 343
f 24 25 345
f 25 26 345
f 26 27 345
f 27 335 345
f 335 336 345
f 336 337 345
f 337 338 345
f 338 339 345
f 339 344 345
f 335 352 363
f 336 353 354
f 337 354 367
f 338 1130 339
f 338 343 1129
f 339 413 344
f 340 362 361
f 340 363 362
f 341 361 365
f 341 365 366
f 341 366 353
f 342 367 368
f 343 368 379
f 343 379 385
f 344 413 347
f 333 345 346
f 344 347 345
f 345 347 346
f 348 349 443
f 347 413 349
f 348 351 349
f 348 548 350
f 348 350 351
f 347 349 351
f 347 351 590
f 350 590 351
f 347 590 593
f 347 593 594
f 347 594 601
f 347 601 604
f 347 604 605
f 347 605 612
f 347 612 615
f 358 355 164
f 356 360 357
f 356 377 359
f 380 355 358
f 359 360 356
f 384 357 360
f 339 1130 413
f 343 385 407
f 363 364 362
f 355 380 374
f 374 381 375
f 377 376 383
f 384 378 357
f 384 379 378
f 380 381 374
f 376 382 383
f 359 377 383
f 384 385 379
f 343 407 1158
f 349 413 496
f 413 497 496
f 413 498 497
f 413 499 498
f 413 514 499
f 413 515 514
f 413 516 515
f 413 517 516
f 267 395 392
f 392 395 396
f 392 396 397
f 392 397 398
f 392 398 399
f 414 392 399
f 393 1128 394
f 393 405 1127
f 338 1129 1130
f 400 403 401
f 405 402 404
f 392 414 400
f 400 414 403
f 403 420 404
f 405 404 1008
f 414 415 403
f 416 403 415
f 403 416 417
f 403 417 418
f 403 418 419
f 403 419 420
f 404 420 421
f 404 421 422
f 404 422 1004
f 404 1004 1005
f 404 1005 1006
f 404 1006 1007
f 405 1008 1009
f 404 1007 1008
f 405 1009 1010
f 405 1010 1011
f 405 1011 1012
f 405 1012 1013
f 405 1013 1014
f 405 1014 1015
f 405 1015 1016
f 394 1147 406
f 406 1147 407
f 343 1158 1129
f 413 435 436
f 413 1030 435
f 413 1031 1030
f 1032 435 1030
f 1033 1094 436
f 413 518 517
f 413 519 518
f 413 696 519
f 413 697 696
f 413 698 697
f 413 699 698
f 413 700 699
f 413 436 700
f 436 439 440
f 1094 439 436
f 1095 1098 440
f 700 436 440
f 700 440 1098
f 700 1098 1099
f 700 1099 1102
f 348 443 444
f 349 445 443
f 443 445 444
f 348 444 463
f 444 446 447
f 444 447 463
f 444 445 496
f 444 497 446
f 446 498 447
f 348 449 448
f 348 450 449
f 348 451 450
f 348 448 452
f 348 452 455
f 348 455 454
f 348 454 552
f 348 550 549
f 348 549 553
f 348 551 550
f 348 552 551
f 348 468 451
f 348 469 468
f 348 470 469
f 348 471 470
f 348 482 471
f 348 483 482
f 448 449 501
f 448 500 452
f 449 450 502
f 450 451 503
f 454 459 461
f 458 474 460
f 455 480 458
f 454 461 479
f 452 504 453
f 453 505 456
f 454 455 507
f 454 506 459
f 456 508 457
f 457 509 472
f 455 458 510
f 458 460 512
f 459 511 461
f 447 462 463
f 348 463 620
f 463 464 465
f 447 499 462
f 462 514 463
f 463 515 464
f 463 465 467
f 465 466 467
f 463 467 620
f 464 516 465
f 465 517 466
f 466 518 467
f 348 484 483
f 348 485 484
f 348 623 485
f 348 624 623
f 348 625 624
f 348 626 625
f 451 468 520
f 468 469 521
f 469 470 522
f 470 471 523
f 458 480 474
f 461 475 479
f 474 480 478
f 454 479 495
f 479 481 489
f 472 524 473
f 461 513 475
f 460 474 526
f 475 527 479
f 473 525 476
f 476 528 477
f 474 478 530
f 479 531 481
f 478 480 532
f 348 637 626
f 348 638 637
f 348 639 638
f 348 640 639
f 348 641 640
f 348 652 641
f 348 653 652
f 348 654 653
f 471 482 534
f 482 483 535
f 483 484 536
f 484 485 537
f 455 646 480
f 480 492 488
f 479 489 495
f 452 453 1253
f 480 629 492
f 489 493 495
f 452 1253 455
f 454 495 803
f 492 629 494
f 477 529 486
f 486 538 487
f 481 533 489
f 480 488 540
f 488 492 544
f 489 541 493
f 487 539 490
f 490 542 491
f 491 543 627
f 493 545 495
f 492 494 546
f 349 496 445
f 444 496 497
f 446 497 498
f 447 498 499
f 448 501 500
f 449 502 501
f 450 503 502
f 451 520 503
f 500 501 502
f 500 508 505
f 500 502 503
f 500 503 520
f 500 520 521
f 500 509 508
f 500 522 509
f 452 500 504
f 453 504 505
f 454 507 506
f 455 510 507
f 456 505 508
f 457 508 509
f 459 506 511
f 458 512 510
f 461 511 513
f 500 505 504
f 506 507 510
f 506 510 511
f 510 512 511
f 511 512 513
f 499 514 462
f 463 514 515
f 464 515 516
f 465 516 517
f 466 517 518
f 467 518 519
f 468 521 520
f 469 522 521
f 470 523 522
f 500 521 522
f 522 525 524
f 522 528 525
f 522 523 528
f 523 529 528
f 509 524 472
f 473 524 525
f 460 526 512
f 513 527 475
f 474 530 526
f 476 525 528
f 477 528 529
f 479 527 531
f 478 532 530
f 481 531 533
f 509 522 524
f 512 526 513
f 513 526 527
f 526 530 527
f 527 530 531
f 530 532 531
f 531 532 533
f 471 534 523
f 482 535 534
f 483 536 535
f 484 537 536
f 485 702 537
f 523 534 529
f 529 534 538
f 534 535 538
f 535 539 538
f 535 536 539
f 536 542 539
f 536 537 542
f 537 702 543
f 537 543 542
f 486 529 538
f 487 538 539
f 480 540 532
f 489 533 541
f 488 544 540
f 493 541 545
f 490 539 542
f 491 542 543
f 492 546 544
f 495 545 547
f 532 540 533
f 533 540 541
f 540 544 541
f 541 544 545
f 544 546 545
f 545 546 547
f 348 553 548
f 350 548 590
f 454 561 552
f 454 562 561
f 549 550 584
f 549 583 553
f 550 551 585
f 551 552 586
f 548 553 559
f 548 555 556
f 548 559 555
f 559 567 560
f 553 587 554
f 554 588 557
f 548 556 590
f 555 589 556
f 557 591 558
f 558 592 565
f 555 559 593
f 559 560 594
f 454 563 562
f 454 564 563
f 454 572 564
f 454 573 572
f 454 574 573
f 454 575 574
f 552 561 595
f 561 562 596
f 562 563 597
f 563 564 598
f 553 781 559
f 559 571 567
f 567 571 570
f 559 781 571
f 565 599 566
f 560 567 601
f 566 600 568
f 568 602 569
f 567 570 604
f 570 571 605
f 454 775 575
f 454 776 775
f 454 777 776
f 454 778 777
f 454 788 778
f 454 789 788
f 564 572 606
f 572 573 607
f 573 574 608
f 574 575 609
f 571 581 578
f 553 554 1368
f 554 557 1368
f 557 558 1368
f 571 781 581
f 581 781 582
f 569 603 576
f 576 610 577
f 571 578 612
f 578 581 615
f 577 611 579
f 579 613 580
f 580 614 779
f 581 582 616
f 346 347 1632
f 549 584 583
f 550 585 584
f 551 586 585
f 552 595 586
f 583 584 585
f 583 585 586
f 583 586 595
f 583 595 596
f 583 597 592
f 553 583 587
f 554 587 588
f 556 589 590
f 555 593 589
f 557 588 591
f 558 591 592
f 559 594 593
f 583 588 587
f 583 591 588
f 589 593 590
f 583 592 591
f 347 615 616
f 347 616 854
f 347 854 857
f 347 857 858
f 347 858 870
f 347 870 871
f 561 596 595
f 562 597 596
f 563 598 597
f 583 596 597
f 597 598 602
f 592 599 565
f 566 599 600
f 560 601 594
f 567 604 601
f 568 600 602
f 569 602 603
f 570 605 604
f 592 597 599
f 597 600 599
f 597 602 600
f 598 603 602
f 564 606 598
f 572 607 606
f 573 608 607
f 574 609 608
f 575 848 609
f 598 606 603
f 606 607 610
f 607 608 611
f 608 609 613
f 609 848 614
f 576 603 610
f 577 610 611
f 571 612 605
f 578 615 612
f 579 611 613
f 580 613 614
f 581 616 615
f 603 606 610
f 607 611 610
f 608 613 611
f 609 614 613
f 467 617 618
f 467 618 620
f 618 619 620
f 467 519 617
f 617 696 618
f 618 697 619
f 619 698 620
f 620 621 622
f 620 622 651
f 620 699 621
f 621 700 622
f 622 701 650
f 348 657 654
f 348 658 657
f 348 620 1239
f 348 659 658
f 348 672 659
f 348 673 672
f 348 674 673
f 348 675 674
f 485 623 702
f 623 624 703
f 624 625 704
f 625 626 705
f 626 637 716
f 453 456 1253
f 456 457 1253
f 457 472 1253
f 480 646 629
f 495 630 634
f 472 473 1253
f 473 476 1253
f 476 477 1253
f 629 635 633
f 495 634 786
f 629 646 635
f 634 636 786
f 627 706 628
f 628 707 631
f 495 547 630
f 494 629 708
f 630 709 634
f 629 633 712
f 631 710 632
f 632 711 642
f 633 635 714
f 634 713 636
f 636 715 786
f 348 1239 675
f 637 638 717
f 638 639 718
f 639 640 719
f 640 641 720
f 477 486 1253
f 486 487 1253
f 487 490 1253
f 635 646 645
f 455 1253 646
f 490 491 1253
f 491 627 1253
f 627 628 1253
f 646 663 649
f 646 668 663
f 642 721 643
f 643 722 644
f 635 645 724
f 645 646 725
f 644 723 647
f 647 726 648
f 648 727 660
f 646 649 728
f 649 663 742
f 622 650 651
f 620 651 671
f 651 655 656
f 651 656 671
f 650 729 651
f 651 730 655
f 641 652 731
f 652 653 732
f 653 654 733
f 655 734 656
f 656 735 670
f 654 657 736
f 657 658 737
f 658 659 738
f 628 631 1253
f 631 632 1253
f 632 642 1253
f 642 643 1253
f 663 668 664
f 643 644 1253
f 644 647 1253
f 647 648 1253
f 646 694 668
f 668 688 669
f 660 739 661
f 661 740 662
f 662 741 665
f 663 664 743
f 664 668 747
f 665 744 666
f 666 745 667
f 667 746 684
f 668 669 748
f 669 688 767
f 656 670 671
f 620 671 1239
f 671 676 677
f 671 677 1217
f 670 749 671
f 671 750 676
f 659 672 751
f 672 673 752
f 673 674 753
f 674 675 754
f 676 755 677
f 677 756 1216
f 675 678 757
f 678 679 758
f 679 680 759
f 680 681 760
f 681 682 761
f 648 660 1253
f 660 661 1253
f 661 662 1253
f 662 665 1253
f 668 694 688
f 688 694 689
f 646 1253 694
f 665 666 1253
f 666 667 1253
f 667 684 1253
f 684 685 1253
f 685 686 1253
f 686 687 1253
f 694 1241 695
f 694 1240 1241
f 684 763 685
f 685 764 686
f 686 765 687
f 688 689 768
f 689 694 773
f 687 766 690
f 690 769 691
f 691 770 692
f 692 771 693
f 683 693 772
f 694 695 774
f 695 1241 1304
f 519 696 617
f 618 696 697
f 619 697 698
f 620 698 699
f 621 699 700
f 622 700 701
f 701 729 650
f 623 703 702
f 624 704 703
f 625 705 704
f 626 716 705
f 702 703 706
f 543 702 706
f 703 704 707
f 703 707 706
f 704 705 710
f 704 710 707
f 705 716 711
f 705 711 710
f 711 716 721
f 543 706 627
f 628 706 707
f 494 708 546
f 547 709 630
f 629 712 708
f 634 709 713
f 631 707 710
f 632 710 711
f 642 711 721
f 633 714 712
f 636 713 715
f 635 724 714
f 546 708 547
f 547 708 709
f 708 712 709
f 709 712 713
f 712 714 713
f 713 714 715
f 714 724 715
f 637 717 716
f 638 718 717
f 639 719 718
f 640 720 719
f 641 731 720
f 716 717 721
f 717 722 721
f 717 718 722
f 718 723 722
f 718 719 723
f 719 726 723
f 719 720 726
f 720 727 726
f 720 731 727
f 643 721 722
f 644 722 723
f 645 725 724
f 647 723 726
f 648 726 727
f 646 728 725
f 649 742 728
f 715 724 859
f 724 725 859
f 725 860 859
f 725 728 860
f 728 864 860
f 728 742 864
f 742 875 864
f 651 729 730
f 655 730 734
f 652 732 731
f 653 733 732
f 654 736 733
f 656 734 735
f 670 735 749
f 657 737 736
f 658 738 737
f 659 751 738
f 727 731 739
f 731 732 739
f 732 740 739
f 732 733 740
f 733 741 740
f 733 736 741
f 736 744 741
f 736 737 744
f 737 745 744
f 737 738 745
f 738 746 745
f 738 751 746
f 727 739 660
f 661 739 740
f 662 740 741
f 663 743 742
f 664 747 743
f 665 741 744
f 666 744 745
f 667 745 746
f 668 748 747
f 669 767 748
f 742 743 875
f 743 876 875
f 743 747 876
f 747 880 876
f 747 748 880
f 748 881 880
f 748 767 881
f 767 895 881
f 671 749 750
f 676 750 755
f 672 752 751
f 673 753 752
f 674 754 753
f 677 755 756
f 756 1279 1216
f 675 757 754
f 678 758 757
f 679 759 758
f 680 760 759
f 681 761 760
f 683 772 762
f 751 752 763
f 746 751 763
f 752 764 763
f 752 753 764
f 753 765 764
f 753 754 765
f 754 766 765
f 754 757 766
f 757 769 766
f 757 758 769
f 758 759 770
f 758 770 769
f 759 760 771
f 759 771 770
f 760 772 771
f 760 761 772
f 761 762 772
f 684 746 763
f 685 763 764
f 686 764 765
f 687 765 766
f 688 768 767
f 689 773 768
f 690 766 769
f 691 769 770
f 692 770 771
f 693 771 772
f 694 774 773
f 695 1304 774
f 767 768 895
f 768 896 895
f 768 773 896
f 773 901 896
f 773 774 901
f 774 902 901
f 774 1304 902
f 902 1304 1405
f 454 790 789
f 454 792 790
f 454 793 792
f 454 804 793
f 454 805 804
f 454 806 805
f 454 809 806
f 454 810 809
f 575 775 848
f 775 776 849
f 776 777 850
f 777 778 851
f 778 788 861
f 558 565 1368
f 565 566 1368
f 566 568 1368
f 568 569 1368
f 569 576 1368
f 553 1368 781
f 781 785 784
f 781 798 785
f 779 852 780
f 780 853 782
f 582 781 854
f 781 784 857
f 782 855 783
f 783 856 794
f 784 785 858
f 495 786 803
f 454 811 810
f 454 824 811
f 454 825 824
f 786 787 791
f 454 826 825
f 454 827 826
f 454 830 827
f 786 791 803
f 454 803 1375
f 454 831 830
f 454 832 831
f 786 859 787
f 788 789 862
f 789 790 863
f 787 860 791
f 791 864 802
f 790 792 865
f 792 793 866
f 576 577 1368
f 577 579 1368
f 579 580 1368
f 580 779 1368
f 785 798 797
f 781 820 798
f 779 780 1368
f 780 782 1368
f 782 783 1368
f 798 815 801
f 798 820 815
f 794 867 796
f 795 796 869
f 785 797 870
f 797 798 871
f 795 868 799
f 799 872 800
f 800 873 812
f 798 801 874
f 801 815 888
f 791 802 803
f 454 1375 832
f 803 807 808
f 803 808 823
f 802 875 803
f 803 876 807
f 793 804 877
f 804 805 878
f 805 806 879
f 807 880 808
f 808 881 822
f 806 809 882
f 809 810 883
f 810 811 884
f 783 794 1368
f 794 796 1368
f 795 1368 796
f 815 820 816
f 781 1368 820
f 795 799 1368
f 799 800 1368
f 800 812 1368
f 812 813 1368
f 820 839 821
f 812 885 813
f 813 886 814
f 814 887 817
f 815 816 889
f 816 820 893
f 817 890 818
f 818 891 819
f 819 892 835
f 820 821 894
f 821 839 912
f 808 822 823
f 803 823 1343
f 823 828 829
f 823 829 1343
f 822 895 823
f 823 896 828
f 811 824 897
f 824 825 898
f 825 826 899
f 826 827 900
f 828 901 829
f 829 902 1342
f 827 830 903
f 830 831 904
f 831 832 905
f 832 833 906
f 833 834 907
f 813 814 1368
f 814 817 1368
f 817 818 1368
f 818 819 1368
f 819 835 1368
f 820 846 839
f 839 846 840
f 835 836 1368
f 836 837 1368
f 838 841 1368
f 841 842 1368
f 842 843 1368
f 837 838 1368
f 820 1368 846
f 846 1366 847
f 846 1368 1366
f 835 908 836
f 836 909 837
f 837 910 838
f 839 840 913
f 840 846 919
f 838 911 841
f 841 914 842
f 842 915 843
f 843 916 844
f 844 917 845
f 846 847 920
f 847 1366 1429
f 775 849 848
f 776 850 849
f 777 851 850
f 778 861 851
f 848 849 852
f 849 850 853
f 850 851 855
f 851 861 856
f 614 852 779
f 780 852 853
f 582 854 616
f 781 857 854
f 782 853 855
f 783 855 856
f 794 856 867
f 784 858 857
f 785 870 858
f 614 848 852
f 849 853 852
f 850 855 853
f 851 856 855
f 856 861 867
f 715 859 786
f 787 859 860
f 788 862 861
f 789 863 862
f 791 860 864
f 864 875 802
f 790 865 863
f 792 866 865
f 793 877 866
f 861 862 867
f 862 863 869
f 863 865 868
f 865 866 872
f 866 877 873
f 796 867 869
f 795 869 868
f 797 871 870
f 799 868 872
f 800 872 873
f 798 874 871
f 801 888 874
f 862 869 867
f 863 868 869
f 865 872 868
f 866 873 872
f 803 875 876
f 807 876 880
f 804 878 877
f 805 879 878
f 806 882 879
f 808 880 881
f 822 881 895
f 809 883 882
f 810 884 883
f 811 897 884
f 877 878 885
f 878 879 886
f 879 882 887
f 882 883 890
f 883 884 891
f 884 897 892
f 873 885 812
f 813 885 886
f 814 886 887
f 815 889 888
f 816 893 889
f 817 887 890
f 818 890 891
f 819 891 892
f 820 894 893
f 821 912 894
f 873 877 885
f 878 886 885
f 879 887 886
f 882 890 887
f 883 891 890
f 884 892 891
f 823 895 896
f 828 896 901
f 824 898 897
f 825 899 898
f 826 900 899
f 829 901 902
f 902 1405 1342
f 827 903 900
f 830 904 903
f 831 905 904
f 832 906 905
f 833 907 906
f 897 898 908
f 892 897 908
f 898 909 908
f 898 899 909
f 899 910 909
f 899 900 910
f 900 911 910
f 900 903 911
f 903 914 911
f 903 904 914
f 904 905 915
f 904 915 914
f 905 906 916
f 905 916 915
f 906 917 916
f 906 907 917
f 907 918 917
f 835 892 908
f 836 908 909
f 837 909 910
f 838 910 911
f 839 913 912
f 840 919 913
f 841 911 914
f 842 914 915
f 843 915 916
f 844 916 917
f 845 917 918
f 846 920 919
f 847 1429 920
f 347 871 1634
f 1 921 922
f 3 922 988
f 921 923 922
f 922 923 988
f 921 1001 923
f 990 133 108
f 990 108 107
f 990 134 133
f 990 135 134
f 990 136 135
f 990 137 136
f 990 138 137
f 990 139 138
f 990 140 139
f 990 141 140
f 990 142 141
f 990 143 142
f 990 144 143
f 990 145 144
f 990 225 145
f 990 226 225
f 990 227 226
f 990 228 227
f 990 229 228
f 990 230 229
f 990 231 230
f 990 232 231
f 990 233 232
f 990 234 233
f 990 235 234
f 990 236 235
f 990 237 236
f 990 238 237
f 990 239 238
f 990 240 239
f 990 241 240
f 6 988 990
f 990 282 241
f 325 927 926
f 325 928 927
f 325 929 928
f 990 310 282
f 990 312 310
f 990 313 312
f 992 273 272
f 991 272 316
f 985 1125 1122
f 994 277 276
f 993 276 324
f 995 984 924
f 995 985 984
f 995 924 967
f 997 317 273
f 996 316 313
f 999 325 277
f 998 324 317
f 999 929 325
f 999 930 929
f 999 931 930
f 999 932 931
f 999 933 932
f 999 934 933
f 999 935 934
f 999 936 935
f 999 937 936
f 999 951 937
f 999 952 951
f 999 953 952
f 999 954 953
f 999 955 954
f 999 956 955
f 999 957 956
f 999 958 957
f 999 959 958
f 999 960 959
f 999 961 960
f 999 962 961
f 999 963 962
f 999 964 963
f 999 965 964
f 999 966 965
f 999 967 966
f 923 989 988
f 988 989 990
f 989 996 990
f 923 1633 989
f 990 996 313
f 995 1125 985
f 995 1131 1125
f 991 992 272
f 992 997 273
f 993 994 276
f 994 999 277
f 997 998 317
f 991 316 996
f 993 324 998
f 995 967 1000
f 999 1000 967
f 989 991 996
f 989 1633 991
f 992 993 998
f 994 995 1000
f 992 998 997
f 994 1000 999
f 332 1001 921
f 332 1002 1001
f 923 1001 1003
f 923 1003 1633
f 1001 1002 1003
f 1002 1633 1003
f 393 1127 1128
f 394 1128 1147
f 405 1016 1048
f 405 1048 1049
f 405 1049 1050
f 405 1050 1051
f 405 1051 1052
f 405 1052 1053
f 405 1053 1146
f 413 1036 1031
f 413 1159 1036
f 1031 1037 1034
f 1031 1036 1037
f 405 1146 1127
f 1147 1158 407
f 1146 1053 1056
f 1146 1056 1057
f 1146 1057 1054
f 413 1130 1159
f 1080 1084 1081
f 1159 1080 1036
f 1159 1085 1080
f 1080 1085 1084
f 1086 1084 1085
f 1084 1174 1083
f 1035 1100 1096
f 1035 1038 1100
f 1097 1101 1102
f 1097 1102 1099
f 700 1102 1114
f 1082 1083 1116
f 1082 1116 1112
f 1113 1115 1114
f 1083 1174 1116
f 700 1114 1196
f 700 1196 1197
f 700 1197 1198
f 729 1623 730
f 730 1623 734
f 1122 1125 1123
f 1124 1123 1125
f 1124 1125 1126
f 1124 1126 1145
f 1124 1145 1137
f 1146 1054 1055
f 1146 1055 1058
f 1146 1058 1059
f 1146 1059 1060
f 1146 1060 1061
f 1146 1061 1062
f 1146 1062 1063
f 1146 1063 1143
f 1137 1145 1138
f 1145 1139 1138
f 1145 1140 1139
f 1146 1142 1140
f 1146 1143 1144
f 1146 1144 1141
f 1146 1141 1142
f 1145 1146 1140
f 1084 1086 1172
f 1159 1160 1085
f 1161 1172 1086
f 1114 1115 1196
f 1116 1196 1115
f 1084 1172 1174
f 1175 1116 1174
f 1176 1116 1175
f 1177 1116 1176
f 1178 1116 1177
f 1179 1116 1178
f 1180 1116 1179
f 1190 1116 1180
f 1191 1116 1190
f 1173 1174 1172
f 1192 1116 1191
f 1193 1116 1192
f 1194 1116 1193
f 1195 1116 1194
f 1196 1116 1195
f 700 1198 1199
f 700 1199 1200
f 700 1200 1201
f 700 1201 1202
f 700 1202 1546
f 700 1546 1547
f 700 1547 1548
f 700 1548 1549
f 700 1549 1550
f 734 1623 735
f 735 1623 749
f 749 1623 750
f 750 1623 755
f 755 1623 756
f 756 1623 1279
f 700 1550 1551
f 700 1551 1552
f 700 1552 1553
f 700 1553 1554
f 700 1554 1555
f 700 1555 1556
f 700 1556 1557
f 700 1557 1558
f 700 1558 1559
f 700 1559 1580
f 701 1580 1581
f 729 1578 1623
f 701 1581 1582
f 729 1582 1583
f 729 1583 1578
f 1279 1623 1482
f 346 1632 1002
f 677 1216 1217
f 671 1217 1239
f 1217 1218 1237
f 675 1239 678
f 678 1239 679
f 679 1239 680
f 680 1239 681
f 681 1239 682
f 682 1239 1219
f 1219 1239 1221
f 1221 1239 1222
f 1222 1239 1225
f 1217 1237 1239
f 1237 1238 1239
f 1225 1239 1226
f 1226 1239 1227
f 1227 1239 1228
f 1228 1239 1233
f 1233 1239 1234
f 1234 1239 1235
f 1235 1239 1236
f 1236 1239 1253
f 1216 1279 1217
f 1217 1280 1218
f 1218 1281 1237
f 682 1219 1282
f 1219 1221 1284
f 683 762 1220
f 1220 1283 1223
f 1221 1222 1285
f 1222 1225 1288
f 1223 1286 1224
f 1224 1287 1229
f 1225 1226 1289
f 1226 1227 1290
f 1227 1228 1291
f 1228 1233 1296
f 1229 1292 1230
f 1230 1293 1231
f 1231 1294 1232
f 1232 1295 1236
f 1233 1234 1297
f 1234 1235 1298
f 1235 1236 1299
f 1237 1300 1238
f 1238 1301 1239
f 687 690 1253
f 690 691 1253
f 691 692 1253
f 683 1253 693
f 692 693 1253
f 683 1220 1253
f 1220 1223 1253
f 694 1253 1240
f 1240 1242 1241
f 1223 1224 1253
f 1224 1229 1253
f 1231 1232 1253
f 1229 1230 1253
f 1230 1231 1253
f 1232 1236 1253
f 1240 1244 1243
f 1240 1253 1244
f 1244 1253 1245
f 1240 1303 1242
f 1241 1242 1305
f 1240 1243 1306
f 1243 1244 1307
f 1244 1245 1308
f 1239 1246 1247
f 1239 1247 1249
f 1247 1248 1249
f 1239 1249 1260
f 1249 1250 1251
f 1239 1268 1253
f 1249 1251 1260
f 1239 1260 1268
f 1251 1252 1260
f 1239 1302 1246
f 1246 1309 1247
f 1247 1310 1248
f 1248 1311 1249
f 1249 1312 1250
f 1250 1313 1251
f 1251 1314 1252
f 1253 1255 1254
f 1253 1256 1255
f 1253 1274 1256
f 1255 1256 1257
f 1256 1259 1258
f 1253 1268 1274
f 1256 1274 1259
f 1245 1253 1316
f 1253 1254 1317
f 1254 1255 1318
f 1256 1319 1257
f 1255 1257 1320
f 1256 1258 1321
f 1258 1259 1322
f 1260 1261 1262
f 1260 1262 1264
f 1262 1263 1264
f 1260 1264 1268
f 1264 1265 1266
f 1268 1270 1274
f 1264 1266 1268
f 1266 1267 1268
f 1268 1269 1272
f 1270 1272 1271
f 1268 1272 1270
f 1252 1315 1260
f 1260 1323 1261
f 1261 1324 1262
f 1262 1325 1263
f 1263 1326 1264
f 1264 1327 1265
f 1265 1328 1266
f 1266 1329 1267
f 1267 1330 1268
f 1268 1331 1269
f 1270 1333 1277
f 1270 1271 1334
f 1269 1332 1272
f 1271 1272 1335
f 1259 1274 1273
f 1274 1276 1275
f 1270 1276 1274
f 1270 1277 1276
f 1259 1273 1336
f 1273 1274 1337
f 1274 1275 1338
f 1275 1276 1339
f 1276 1277 1340
f 1278 1341 1468
f 700 1580 701
f 701 1582 729
f 1217 1279 1280
f 1218 1280 1281
f 682 1282 761
f 1219 1284 1282
f 762 1283 1220
f 1223 1283 1286
f 1221 1285 1284
f 1222 1288 1285
f 1224 1286 1287
f 1229 1287 1292
f 1225 1289 1288
f 1226 1290 1289
f 1227 1291 1290
f 1228 1296 1291
f 1230 1292 1293
f 1231 1293 1294
f 1236 1295 1299
f 1232 1294 1295
f 1233 1297 1296
f 1234 1298 1297
f 1235 1299 1298
f 1237 1281 1300
f 1238 1300 1301
f 1239 1301 1302
f 761 1282 762
f 1282 1284 1283
f 762 1282 1283
f 1283 1284 1286
f 1284 1285 1286
f 1285 1288 1287
f 1285 1287 1286
f 1287 1288 1292
f 1288 1289 1292
f 1289 1290 1293
f 1290 1295 1294
f 1290 1291 1295
f 1291 1299 1295
f 1291 1296 1299
f 1289 1293 1292
f 1290 1294 1293
f 1296 1298 1299
f 1296 1297 1298
f 1242 1303 1305
f 1240 1306 1303
f 1241 1305 1304
f 1243 1307 1306
f 1244 1308 1307
f 1304 1305 1405
f 1303 1406 1305
f 1303 1306 1407
f 1306 1307 1423
f 1307 1308 1424
f 1246 1302 1309
f 1247 1309 1310
f 1248 1310 1311
f 1249 1311 1312
f 1250 1312 1313
f 1251 1313 1314
f 1252 1314 1315
f 1279 1482 1280
f 1280 1482 1281
f 1281 1482 1300
f 1245 1316 1308
f 1253 1317 1316
f 1254 1318 1317
f 1255 1320 1318
f 1257 1319 1320
f 1256 1321 1319
f 1258 1322 1321
f 1308 1316 1425
f 1316 1317 1435
f 1315 1323 1260
f 1261 1323 1324
f 1262 1324 1325
f 1263 1325 1326
f 1264 1326 1327
f 1265 1327 1328
f 1277 1333 1340
f 1266 1328 1329
f 1267 1329 1330
f 1268 1330 1331
f 1269 1331 1332
f 1270 1334 1333
f 1272 1332 1335
f 1271 1335 1334
f 1300 1482 1301
f 1301 1482 1302
f 1302 1482 1309
f 1309 1482 1310
f 1310 1482 1311
f 1311 1482 1312
f 1312 1482 1313
f 1313 1482 1314
f 1314 1482 1315
f 1315 1482 1323
f 1323 1482 1324
f 1324 1482 1325
f 1332 1481 1335
f 1334 1335 1481
f 1259 1336 1322
f 1273 1337 1336
f 1274 1338 1337
f 1275 1339 1338
f 1276 1340 1339
f 1317 1507 1436
f 1317 1318 1507
f 1318 1320 1507
f 1319 1507 1320
f 1322 1336 1341
f 1336 1337 1341
f 1337 1338 1341
f 1321 1322 1507
f 1333 1341 1340
f 1333 1334 1341
f 1338 1339 1341
f 1339 1340 1341
f 1319 1321 1507
f 1325 1483 1326
f 1326 1483 1327
f 1327 1483 1328
f 1328 1483 1329
f 1329 1483 1330
f 1330 1483 1331
f 1331 1483 1332
f 1332 1483 1481
f 1325 1482 1483
f 1341 1481 1468
f 1334 1481 1341
f 1322 1341 1507
f 829 1342 1343
f 803 1343 1375
f 1343 1344 1360
f 832 1375 833
f 1343 1360 1362
f 1360 1361 1362
f 1343 1362 1375
f 833 1375 834
f 834 1375 1345
f 1345 1375 1346
f 1346 1375 1347
f 1347 1375 1348
f 1349 1375 1350
f 1348 1375 1349
f 1352 1354 1375
f 1350 1375 1353
f 1354 1355 1375
f 1353 1375 1356
f 1356 1375 1357
f 1357 1375 1358
f 1358 1375 1359
f 1355 1359 1375
f 1342 1405 1343
f 1343 1406 1344
f 1344 1407 1360
f 834 1345 1408
f 1345 1346 1409
f 1346 1347 1410
f 1347 1348 1411
f 1348 1349 1412
f 1349 1350 1413
f 1350 1353 1416
f 1351 1414 1352
f 1352 1415 1354
f 1353 1356 1419
f 1354 1417 1355
f 1355 1418 1359
f 1356 1357 1420
f 1357 1358 1422
f 1358 1359 1421
f 1360 1423 1361
f 1361 1424 1362
f 843 844 1368
f 844 845 1368
f 845 1363 1368
f 1363 1364 1368
f 1364 1365 1368
f 1351 1368 1365
f 1351 1352 1368
f 1366 1368 1367
f 1352 1375 1368
f 1368 1379 1369
f 1369 1379 1370
f 1368 1369 1371
f 845 918 1363
f 1363 1426 1364
f 1364 1427 1365
f 1351 1365 1428
f 1366 1367 1430
f 1367 1368 1431
f 1369 1432 1371
f 1369 1370 1433
f 1368 1371 1434
f 1362 1372 1373
f 1362 1373 1375
f 1373 1374 1375
f 1375 1376 1377
f 1375 1377 1386
f 1377 1378 1386
f 1362 1425 1372
f 1372 1435 1373
f 1373 1436 1374
f 1374 1437 1375
f 1375 1438 1376
f 1376 1439 1377
f 1377 1440 1378
f 1368 1383 1379
f 1368 1375 1403
f 1379 1381 1380
f 1379 1383 1381
f 1368 1403 1383
f 1381 1383 1382
f 1383 1399 1384
f 1383 1384 1385
f 1370 1379 1442
f 1379 1380 1443
f 1380 1381 1444
f 1381 1382 1445
f 1382 1383 1446
f 1384 1447 1385
f 1383 1385 1448
f 1375 1386 1390
f 1386 1387 1388
f 1386 1388 1390
f 1375 1390 1403
f 1388 1389 1390
f 1390 1391 1392
f 1390 1392 1395
f 1392 1393 1395
f 1390 1395 1403
f 1394 1403 1397
f 1395 1396 1397
f 1395 1397 1403
f 1378 1441 1386
f 1386 1449 1387
f 1387 1450 1388
f 1388 1451 1389
f 1389 1452 1390
f 1390 1453 1391
f 1391 1454 1392
f 1392 1455 1393
f 1393 1456 1395
f 1395 1458 1396
f 1396 1459 1397
f 1394 1397 1460
f 1383 1403 1399
f 1384 1399 1398
f 1399 1401 1400
f 1399 1403 1401
f 1401 1403 1402
f 1384 1398 1461
f 1398 1399 1462
f 1399 1400 1463
f 1400 1401 1464
f 1401 1402 1465
f 1402 1403 1466
f 1394 1457 1403
f 1404 1467 1494
f 1343 1405 1406
f 1344 1406 1407
f 834 1408 907
f 1345 1409 1408
f 1346 1410 1409
f 1347 1411 1410
f 1351 1428 1414
f 1348 1412 1411
f 1349 1413 1412
f 1350 1416 1413
f 1352 1414 1415
f 1353 1419 1416
f 1354 1415 1417
f 1359 1418 1421
f 1355 1417 1418
f 1356 1420 1419
f 1357 1422 1420
f 1358 1421 1422
f 1360 1407 1423
f 1361 1423 1424
f 1362 1424 1425
f 1305 1406 1405
f 1303 1407 1406
f 907 1408 918
f 918 1408 1426
f 1408 1409 1426
f 1409 1427 1426
f 1409 1410 1427
f 1410 1428 1427
f 1410 1411 1428
f 1411 1414 1428
f 1411 1412 1414
f 1412 1413 1415
f 1412 1415 1414
f 1413 1417 1415
f 1413 1418 1417
f 1413 1416 1418
f 1416 1419 1421
f 1416 1421 1418
f 1419 1422 1421
f 1419 1420 1422
f 1306 1423 1407
f 1307 1424 1423
f 1308 1425 1424
f 918 1426 1363
f 1364 1426 1427
f 1365 1427 1428
f 1366 1430 1429
f 1367 1431 1430
f 1368 1434 1431
f 1371 1432 1434
f 1369 1433 1432
f 1372 1425 1435
f 1373 1435 1436
f 1374 1436 1437
f 1375 1437 1438
f 1376 1438 1439
f 1377 1439 1440
f 1378 1440 1441
f 1316 1435 1425
f 1317 1436 1435
f 1370 1442 1433
f 1379 1443 1442
f 1380 1444 1443
f 1381 1445 1444
f 1382 1446 1445
f 1383 1448 1446
f 1385 1447 1448
f 1441 1449 1386
f 1387 1449 1450
f 1388 1450 1451
f 1389 1451 1452
f 1390 1452 1453
f 1391 1453 1454
f 1392 1454 1455
f 1393 1455 1456
f 1395 1456 1458
f 1396 1458 1459
f 1397 1459 1460
f 1394 1460 1457
f 1436 1507 1437
f 1437 1467 1438
f 1438 1467 1439
f 1439 1467 1440
f 1440 1467 1441
f 1441 1467 1449
f 1449 1467 1450
f 1450 1467 1451
f 1451 1467 1452
f 1452 1467 1453
f 1453 1467 1454
f 1384 1461 1447
f 1398 1462 1461
f 1399 1463 1462
f 1400 1464 1463
f 1402 1466 1465
f 1401 1465 1464
f 1403 1457 1466
f 1433 1442 1510
f 1442 1443 1510
f 1443 1444 1510
f 1444 1445 1510
f 1446 1448 1510
f 1445 1446 1510
f 1447 1510 1448
f 1447 1461 1510
f 1461 1462 1510
f 1462 1463 1510
f 1467 1507 1494
f 1437 1507 1467
f 1454 1467 1509
f 1454 1509 1510
f 1464 1465 1510
f 1465 1466 1510
f 1454 1510 1455
f 1455 1510 1456
f 1456 1510 1458
f 1458 1510 1459
f 1457 1460 1510
f 1457 1510 1466
f 1459 1510 1460
f 1463 1464 1510
f 871 874 1634
f 874 888 1634
f 888 889 1634
f 889 893 1634
f 1469 1472 1470
f 1468 1481 1470
f 1469 1482 1472
f 1469 1470 1483
f 1278 1468 1471
f 1468 1474 1471
f 1471 1474 1495
f 1278 1471 1484
f 1471 1495 1508
f 1470 1472 1473
f 1472 1485 1473
f 1468 1470 1477
f 1474 1498 1495
f 1470 1473 1477
f 1468 1477 1474
f 1474 1487 1498
f 1475 1476 1489
f 1473 1476 1480
f 1473 1480 1477
f 1473 1486 1476
f 1474 1477 1490
f 1475 1478 1476
f 1476 1478 1479
f 1475 1488 1478
f 1478 1491 1479
f 1477 1480 1501
f 1476 1479 1480
f 1480 1493 1504
f 1469 1483 1482
f 1278 1484 1341
f 1470 1481 1483
f 1471 1508 1484
f 1341 1484 1507
f 1484 1508 1507
f 1472 1482 1485
f 1473 1485 1486
f 1487 1511 1498
f 1475 1489 1488
f 1485 1489 1486
f 1485 1488 1489
f 1486 1489 1476
f 1474 1490 1487
f 1477 1514 1490
f 1487 1514 1511
f 1487 1490 1514
f 1478 1488 1491
f 1479 1491 1492
f 1404 1494 1496
f 1494 1495 1496
f 1495 1499 1496
f 1496 1499 1497
f 1494 1507 1495
f 1404 1496 1509
f 1496 1497 1510
f 1495 1498 1502
f 1495 1502 1499
f 1499 1512 1500
f 1497 1499 1500
f 1497 1500 1513
f 347 1634 1632
f 1498 1501 1502
f 1498 1511 1501
f 1499 1502 1515
f 1477 1501 1514
f 1502 1503 1516
f 1480 1502 1501
f 1502 1505 1503
f 1480 1504 1502
f 1502 1504 1505
f 1503 1505 1506
f 1505 1518 1506
f 1503 1506 1519
f 1495 1507 1508
f 1404 1509 1467
f 1496 1510 1509
f 1497 1513 1510
f 1500 1512 1513
f 893 894 1634
f 894 912 1634
f 912 913 1634
f 913 919 1634
f 919 920 1634
f 920 1429 1634
f 1429 1430 1634
f 1430 1431 1634
f 1432 1634 1434
f 1431 1434 1634
f 1432 1433 1634
f 1511 1514 1501
f 1499 1515 1512
f 1502 1516 1515
f 1512 1515 1516
f 1512 1516 1513
f 1493 1517 1504
f 1503 1519 1516
f 1506 1518 1519
f 1433 1510 1634
f 1610 1132 1131
f 1612 1134 1133
f 1611 1133 1165
f 1614 1136 1135
f 1613 1135 1168
f 1619 1164 1132
f 1620 1165 1164
f 1621 1166 1134
f 1622 1168 1166
f 1169 1615 1170
f 1623 1169 1136
f 1521 1616 1520
f 1520 1616 1522
f 1522 1616 1523
f 1523 1616 1524
f 1524 1616 1525
f 1525 1616 1526
f 1526 1616 1527
f 1527 1616 1528
f 1528 1616 1529
f 1529 1616 1540
f 1540 1616 1541
f 1541 1616 1542
f 1542 1616 1574
f 1574 1616 1575
f 1575 1616 1576
f 1623 1615 1169
f 1576 1616 1577
f 1577 1616 1584
f 1623 1578 1579
f 1623 1579 1590
f 1482 1623 1485
f 1485 1623 1488
f 1488 1623 1491
f 1584 1616 1585
f 1585 1616 1586
f 1586 1616 1587
f 1587 1616 1588
f 1588 1616 1589
f 1591 1589 1616
f 1491 1623 1627
f 995 1610 1131
f 1610 1619 1132
f 1611 1612 1133
f 1612 1621 1134
f 1613 1614 1135
f 1614 1623 1136
f 1610 1611 1620
f 1612 1613 1622
f 991 1633 992
f 1619 1620 1164
f 1611 1165 1620
f 1621 1622 1166
f 1613 1168 1622
f 1623 1590 1591
f 1623 1591 1616
f 1623 1616 1615
f 1610 1620 1619
f 1612 1622 1621
f 992 1633 993
f 993 1633 994
f 994 1633 995
f 995 1633 1610
f 1610 1633 1611
f 1611 1633 1612
f 1612 1633 1613
f 1613 1633 1614
f 1614 1634 1623
f 1002 1632 1633
f 1479 1625 1624
f 1479 1624 1480
f 1479 1492 1625
f 1480 1624 1626
f 1624 1625 1627
f 1491 1627 1492
f 1492 1627 1625
f 1480 1626 1493
f 1624 1627 1626
f 1493 1626 1517
f 1626 1627 1631
f 1623 1631 1627
f 1504 1628 1505
f 1504 1629 1628
f 1504 1517 1629
f 1505 1628 1630
f 1628 1629 1631
f 1517 1631 1629
f 1505 1630 1518
f 1628 1631 1630
f 1517 1626 1631
f 1510 1513 1634
f 1513 1516 1634
f 1516 1519 1634
f 1518 1630 1634
f 1630 1631 1634
f 1518 1634 1519
f 1614 1633 1634
f 1623 1634 1631
f 1632 1634 1633
f 15 8 7
f 16 12 8
f 15 16 8
f 15 7 19
f 16 20 12
f 15 20 16
f 17 11 9
f 18 9 10
f 21 10 13
f 17 19 11
f 17 9 18
f 17 18 19
f 18 10 21
f 19 18 21
f 19 7 11
f 20 35 12
f 45 14 37
f 15 22 20
f 20 43 35
f 20 22 43
f 15 19 58
f 15 58 22
f 22 14 45
f 22 45 43
f 41 34 33
f 42 36 34
f 41 42 34
f 41 33 43
f 42 44 36
f 41 44 42
f 43 33 35
f 44 39 36
f 48 38 40
f 41 43 44
f 43 46 44
f 44 47 39
f 44 46 47
f 43 45 46
f 46 38 48
f 46 48 47
f 47 40 39
f 47 48 40
f 22 52 14
f 57 13 51
f 21 13 57
f 19 21 58
f 21 57 58
f 22 58 52
f 55 51 49
f 56 49 50
f 55 49 56
f 55 56 57
f 56 50 59
f 58 65 52
f 59 50 53
f 60 62 54
f 55 57 51
f 57 56 59
f 57 59 60
f 58 71 65
f 57 73 58
f 58 73 71
f 57 60 73
f 59 53 63
f 60 54 73
f 59 64 60
f 63 53 61
f 64 61 62
f 63 61 64
f 59 63 64
f 60 64 62
f 46 66 38
f 71 37 65
f 45 37 71
f 45 71 46
f 46 72 66
f 46 71 73
f 46 73 72
f 72 69 66
f 73 54 67
f 76 68 70
f 74 78 68
f 72 73 74
f 72 75 69
f 72 74 75
f 75 74 76
f 73 67 81
f 73 82 74
f 74 68 76
f 75 70 69
f 75 76 70
f 81 67 77
f 82 77 78
f 81 77 82
f 73 81 82
f 74 82 78
f 83 80 79
f 83 84 80
f 109 97 85
f 110 85 86
f 111 88 87
f 112 93 88
f 113 92 89
f 115 89 91
f 114 91 90
f 116 87 92
f 117 94 93
f 118 95 94
f 119 96 95
f 120 98 96
f 121 90 97
f 122 99 98
f 123 100 99
f 124 168 100
f 109 85 110
f 110 86 125
f 121 109 110
f 115 110 128
f 112 88 111
f 112 117 93
f 115 113 89
f 114 115 91
f 113 116 92
f 116 111 87
f 117 118 94
f 118 119 95
f 119 120 96
f 114 90 121
f 121 97 109
f 120 122 98
f 122 123 99
f 123 124 100
f 124 177 168
f 115 116 113
f 114 121 115
f 115 112 116
f 112 111 116
f 115 120 112
f 112 118 117
f 112 120 118
f 118 120 119
f 121 110 115
f 115 128 120
f 120 123 122
f 120 177 123
f 123 177 124
f 125 86 101
f 126 101 102
f 127 102 103
f 128 103 104
f 129 104 105
f 130 105 106
f 131 106 107
f 132 107 108
f 146 108 133
f 125 101 126
f 127 126 102
f 127 103 128
f 128 104 129
f 110 125 126
f 110 126 128
f 127 128 126
f 128 129 130
f 129 105 130
f 130 106 131
f 131 107 132
f 132 108 146
f 128 130 132
f 130 131 132
f 128 132 149
f 120 128 157
f 147 133 134
f 148 134 135
f 149 135 136
f 150 136 137
f 151 137 138
f 152 138 139
f 146 133 147
f 147 134 148
f 148 135 149
f 132 146 147
f 132 147 149
f 147 148 149
f 149 136 150
f 150 137 151
f 151 138 152
f 128 149 157
f 149 150 151
f 149 151 153
f 151 152 153
f 153 139 140
f 154 140 141
f 155 141 142
f 156 142 143
f 157 143 144
f 158 144 145
f 152 139 153
f 153 140 154
f 154 141 155
f 149 153 157
f 153 154 155
f 153 155 157
f 120 157 257
f 155 142 156
f 156 143 157
f 157 144 158
f 155 156 157
f 157 158 242
f 159 189 160
f 208 162 163
f 355 212 164
f 165 215 166
f 83 79 206
f 177 169 168
f 178 170 169
f 179 171 170
f 180 172 171
f 181 173 172
f 206 79 202
f 84 279 80
f 182 174 173
f 183 175 174
f 184 176 175
f 185 199 176
f 177 178 169
f 178 179 170
f 179 180 171
f 180 181 172
f 181 182 173
f 120 181 177
f 177 179 178
f 177 181 179
f 83 286 84
f 179 181 180
f 182 183 174
f 183 184 175
f 184 185 176
f 120 206 181
f 181 183 182
f 181 185 183
f 183 185 184
f 181 206 185
f 159 188 189
f 194 186 196
f 195 188 187
f 195 189 188
f 195 197 189
f 195 187 219
f 195 219 197
f 196 186 190
f 197 190 191
f 194 192 186
f 197 191 189
f 198 193 192
f 196 190 197
f 194 196 197
f 194 198 192
f 194 197 198
f 198 371 193
f 197 221 198
f 198 221 371
f 203 200 199
f 204 201 200
f 205 202 201
f 185 203 199
f 203 204 200
f 204 205 201
f 205 206 202
f 185 204 203
f 185 206 204
f 83 206 286
f 204 206 205
f 120 257 206
f 84 286 279
f 208 163 209
f 165 214 215
f 167 218 380
f 219 187 207
f 219 207 208
f 219 208 209
f 219 209 220
f 220 209 210
f 221 211 212
f 221 217 211
f 219 220 197
f 197 220 224
f 221 212 386
f 197 224 221
f 220 210 223
f 222 214 213
f 222 215 214
f 303 213 289
f 222 213 303
f 222 303 223
f 223 210 216
f 222 216 215
f 224 218 217
f 224 380 218
f 222 223 216
f 221 224 217
f 220 223 305
f 220 305 224
f 303 304 223
f 224 305 389
f 223 304 305
f 242 145 225
f 243 225 226
f 244 226 227
f 245 227 228
f 246 228 229
f 247 229 230
f 248 230 231
f 158 145 242
f 242 225 243
f 243 226 244
f 157 242 244
f 242 243 244
f 157 244 248
f 244 227 245
f 245 228 246
f 246 229 247
f 244 245 246
f 244 246 248
f 247 230 248
f 246 247 248
f 157 248 257
f 249 231 232
f 250 232 233
f 251 233 234
f 252 234 235
f 253 235 236
f 254 236 237
f 255 237 238
f 256 238 239
f 257 239 240
f 258 240 241
f 248 231 249
f 249 232 250
f 250 233 251
f 251 234 252
f 252 235 253
f 248 249 250
f 248 250 252
f 250 251 252
f 248 252 257
f 252 253 254
f 253 236 254
f 254 237 255
f 255 238 256
f 256 239 257
f 257 240 258
f 252 254 257
f 254 255 256
f 254 256 257
f 259 281 260
f 284 261 262
f 290 263 264
f 265 293 266
f 267 392 296
f 300 268 269
f 270 315 271
f 316 272 273
f 274 323 275
f 324 276 277
f 259 280 281
f 285 284 262
f 286 280 279
f 206 288 286
f 206 257 288
f 286 281 280
f 286 306 281
f 287 241 282
f 258 241 287
f 257 258 287
f 257 287 288
f 309 283 284
f 286 288 306
f 288 283 309
f 290 264 291
f 265 292 293
f 305 296 392
f 305 392 400
f 300 269 301
f 303 289 290
f 303 290 291
f 306 292 281
f 306 293 292
f 304 291 294
f 305 295 296
f 305 298 295
f 306 297 293
f 308 294 299
f 307 299 298
f 303 291 304
f 304 294 308
f 305 307 298
f 304 307 305
f 308 299 307
f 304 308 307
f 309 284 285
f 309 285 300
f 309 300 301
f 288 309 306
f 306 302 297
f 309 301 302
f 306 309 302
f 270 314 315
f 316 273 317
f 288 312 283
f 318 282 310
f 287 282 318
f 287 320 288
f 287 318 320
f 288 320 312
f 320 310 312
f 319 314 311
f 319 311 313
f 321 313 316
f 318 310 320
f 319 313 321
f 319 315 314
f 319 322 315
f 321 316 317
f 319 321 423
f 321 317 330
f 322 323 274
f 324 277 325
f 423 395 278
f 423 278 327
f 330 317 324
f 319 423 322
f 423 321 424
f 424 321 425
f 425 321 330
f 423 323 322
f 423 326 323
f 423 327 326
f 330 324 325
f 330 325 328
f 938 329 925
f 331 328 329
f 330 328 331
f 331 329 938
f 330 331 938
f 363 352 161
f 353 367 354
f 377 356 357
f 167 380 358
f 359 384 360
f 371 161 193
f 371 363 161
f 353 366 367
f 369 361 370
f 370 361 362
f 369 365 361
f 371 362 364
f 371 364 363
f 372 366 365
f 370 362 371
f 369 372 365
f 369 370 372
f 370 371 372
f 371 387 372
f 372 373 366
f 372 387 373
f 373 367 366
f 373 368 367
f 373 379 368
f 355 374 212
f 377 357 378
f 359 383 384
f 386 212 374
f 386 374 375
f 388 376 377
f 387 382 376
f 221 386 371
f 371 386 390
f 371 390 387
f 387 376 388
f 386 375 389
f 388 377 378
f 388 378 379
f 373 388 379
f 387 388 373
f 389 375 381
f 389 381 380
f 390 383 382
f 224 389 380
f 386 389 390
f 387 390 382
f 305 390 389
f 305 408 390
f 390 409 391
f 390 408 409
f 391 384 383
f 391 385 384
f 391 407 385
f 390 391 383
f 391 412 407
f 409 412 391
f 405 393 394
f 414 399 398
f 405 394 406
f 408 400 401
f 409 402 405
f 409 404 402
f 410 401 403
f 411 403 404
f 305 400 408
f 408 401 410
f 409 411 404
f 408 411 409
f 410 403 411
f 408 410 411
f 412 405 406
f 412 406 407
f 409 405 412
f 423 396 395
f 424 397 396
f 425 398 397
f 426 414 398
f 426 415 414
f 423 424 396
f 424 425 397
f 425 426 398
f 427 416 415
f 428 417 416
f 429 418 417
f 430 419 418
f 431 420 419
f 432 421 420
f 433 422 421
f 434 1004 422
f 426 427 415
f 427 428 416
f 428 429 417
f 429 430 418
f 425 427 426
f 425 429 427
f 427 429 428
f 425 433 429
f 429 431 430
f 430 431 419
f 431 432 420
f 432 433 421
f 433 434 422
f 429 433 431
f 431 433 432
f 433 1017 434
f 425 1023 433
f 437 436 435
f 1041 435 1032
f 438 1033 436
f 438 436 437
f 437 435 1041
f 438 1042 1033
f 438 437 1041
f 438 1041 1042
f 441 440 439
f 1103 439 1094
f 442 1095 440
f 442 440 441
f 441 439 1103
f 441 1103 1104
f 442 1104 1095
f 442 441 1104
f 939 925 926
f 940 926 927
f 941 927 928
f 942 928 929
f 943 929 930
f 944 930 931
f 938 925 939
f 939 926 940
f 940 927 941
f 941 928 942
f 330 938 940
f 938 939 940
f 330 940 944
f 940 941 942
f 425 330 969
f 942 929 943
f 943 930 944
f 944 931 945
f 940 942 944
f 942 943 944
f 330 944 969
f 945 931 932
f 946 932 933
f 947 933 934
f 948 934 935
f 949 935 936
f 950 936 937
f 945 932 946
f 946 933 947
f 947 934 948
f 944 945 946
f 944 946 948
f 946 947 948
f 948 935 949
f 949 936 950
f 950 937 968
f 944 948 969
f 948 949 950
f 948 950 969
f 968 937 951
f 969 951 952
f 970 952 953
f 971 953 954
f 972 954 955
f 973 955 956
f 974 956 957
f 968 951 969
f 950 968 969
f 969 952 970
f 970 953 971
f 969 970 971
f 971 954 972
f 972 955 973
f 973 956 974
f 969 971 973
f 971 972 973
f 969 973 977
f 975 957 958
f 976 958 959
f 977 959 960
f 978 960 961
f 979 961 962
f 980 962 963
f 981 963 964
f 982 964 965
f 983 965 966
f 986 966 967
f 974 957 975
f 975 958 976
f 976 959 977
f 977 960 978
f 973 974 975
f 973 975 977
f 969 977 987
f 975 976 977
f 969 987 1071
f 978 961 979
f 979 962 980
f 980 963 981
f 981 964 982
f 982 965 983
f 983 966 986
f 977 978 979
f 977 979 981
f 979 980 981
f 977 981 987
f 981 982 983
f 981 983 987
f 924 984 967
f 987 984 985
f 986 967 984
f 986 984 987
f 987 985 1148
f 983 986 987
f 1017 1005 1004
f 1018 1006 1005
f 1019 1007 1006
f 1020 1008 1007
f 1021 1009 1008
f 1022 1010 1009
f 434 1017 1004
f 1017 1018 1005
f 1018 1019 1006
f 1019 1020 1007
f 433 1019 1017
f 1017 1019 1018
f 433 1023 1019
f 1019 1021 1020
f 1020 1021 1008
f 1021 1022 1009
f 1022 1023 1010
f 1019 1023 1021
f 1021 1023 1022
f 1023 1011 1010
f 1024 1012 1011
f 1025 1013 1012
f 1026 1014 1013
f 1027 1015 1014
f 1028 1016 1015
f 425 1071 1023
f 1023 1024 1011
f 1024 1025 1012
f 1025 1026 1013
f 1023 1025 1024
f 1023 1027 1025
f 1025 1027 1026
f 425 969 1071
f 1026 1027 1014
f 1027 1028 1015
f 1028 1029 1016
f 1023 1065 1027
f 1027 1029 1028
f 1027 1065 1029
f 1040 1030 1031
f 1039 1030 1040
f 1039 1032 1030
f 1042 1094 1033
f 1043 1031 1034
f 1039 1041 1032
f 1039 1040 1041
f 1041 1044 1042
f 1042 1044 1103
f 1040 1031 1043
f 1040 1043 1041
f 1041 1043 1047
f 1041 1047 1044
f 1044 1038 1035
f 1046 1034 1037
f 1045 1037 1036
f 1043 1034 1046
f 1044 1047 1038
f 1045 1046 1037
f 1043 1046 1089
f 1043 1089 1047
f 1029 1048 1016
f 1064 1049 1048
f 1065 1050 1049
f 1066 1051 1050
f 1067 1052 1051
f 1068 1053 1052
f 1069 1056 1053
f 1029 1064 1048
f 1064 1065 1049
f 1065 1066 1050
f 1029 1065 1064
f 1023 1071 1065
f 1065 1067 1066
f 1066 1067 1051
f 1067 1068 1052
f 1068 1069 1053
f 1065 1069 1067
f 1067 1069 1068
f 1065 1071 1069
f 1070 1055 1054
f 1071 1058 1055
f 1072 1057 1056
f 1073 1054 1057
f 1074 1059 1058
f 1075 1060 1059
f 1076 1061 1060
f 1077 1062 1061
f 1078 1063 1062
f 1073 1070 1054
f 1070 1071 1055
f 1073 1071 1070
f 1069 1072 1056
f 1073 1057 1072
f 1069 1073 1072
f 1069 1071 1073
f 1071 1074 1058
f 1074 1075 1059
f 1075 1076 1060
f 1076 1077 1061
f 1077 1078 1062
f 1079 1063 1078
f 1071 1075 1074
f 1071 1077 1075
f 987 1156 1071
f 1156 1077 1071
f 1075 1077 1076
f 1079 1078 1077
f 1079 1077 1156
f 1087 1036 1080
f 1045 1036 1087
f 1088 1080 1081
f 1089 1083 1082
f 1045 1087 1046
f 1087 1088 1046
f 1046 1088 1089
f 1087 1080 1088
f 1088 1081 1091
f 1089 1090 1083
f 1088 1090 1089
f 1088 1091 1090
f 1091 1081 1084
f 1090 1084 1083
f 1092 1086 1085
f 1091 1084 1090
f 1092 1093 1086
f 1104 1098 1095
f 1105 1035 1096
f 1042 1103 1094
f 1103 1106 1104
f 1104 1106 1107
f 1044 1035 1105
f 1044 1105 1103
f 1106 1097 1108
f 1103 1105 1110
f 1103 1110 1106
f 1107 1099 1098
f 1108 1097 1099
f 1104 1107 1098
f 1107 1108 1099
f 1106 1108 1107
f 1109 1096 1100
f 1106 1101 1097
f 1047 1100 1038
f 1105 1096 1109
f 1106 1110 1101
f 1105 1109 1110
f 1047 1109 1100
f 1110 1102 1101
f 1110 1111 1102
f 1117 1082 1112
f 1118 1115 1113
f 1047 1089 1109
f 1089 1110 1109
f 1089 1117 1110
f 1110 1117 1118
f 1089 1082 1117
f 1117 1112 1121
f 1118 1120 1115
f 1117 1120 1118
f 1117 1121 1120
f 1111 1114 1102
f 1119 1113 1114
f 1111 1119 1114
f 1110 1118 1111
f 1118 1119 1111
f 1118 1113 1119
f 1121 1112 1116
f 1120 1116 1115
f 1121 1116 1120
f 1145 1126 1125
f 1127 1147 1128
f 1129 1159 1130
f 1165 1133 1134
f 1168 1135 1136
f 1148 985 1122
f 1149 1122 1123
f 1149 1123 1124
f 1149 1124 1137
f 1167 1125 1131
f 1157 1145 1125
f 1127 1146 1147
f 1156 1141 1144
f 1150 1137 1138
f 1151 1138 1139
f 1152 1139 1140
f 1154 1140 1142
f 1153 1142 1141
f 1148 1122 1149
f 1079 1143 1063
f 1155 1144 1143
f 1149 1137 1150
f 1150 1138 1151
f 1151 1139 1152
f 1152 1140 1154
f 1153 1154 1142
f 1153 1141 1156
f 1079 1155 1143
f 1155 1156 1144
f 987 1148 1149
f 987 1151 1156
f 987 1149 1151
f 1149 1150 1151
f 1151 1152 1154
f 1156 1151 1154
f 1153 1156 1154
f 1079 1156 1155
f 1157 1146 1145
f 1157 1147 1146
f 1157 1125 1167
f 1157 1158 1147
f 1157 1162 1158
f 1157 1167 1162
f 1129 1158 1159
f 1093 1161 1086
f 1162 1085 1160
f 1092 1085 1162
f 1092 1163 1093
f 1093 1163 1161
f 1092 1162 1163
f 1162 1159 1158
f 1162 1167 1171
f 1162 1160 1159
f 1163 1172 1161
f 1163 1181 1172
f 1162 1183 1163
f 1163 1182 1181
f 1167 1131 1132
f 1167 1132 1164
f 1134 1166 1165
f 1167 1164 1165
f 1167 1165 1166
f 1167 1166 1168
f 1167 1168 1171
f 1169 1168 1136
f 1171 1168 1169
f 1171 1169 1170
f 1162 1171 1531
f 1181 1173 1172
f 1182 1174 1173
f 1183 1175 1174
f 1184 1176 1175
f 1185 1177 1176
f 1186 1178 1177
f 1187 1179 1178
f 1188 1180 1179
f 1181 1182 1173
f 1163 1183 1182
f 1182 1183 1174
f 1183 1184 1175
f 1184 1185 1176
f 1185 1186 1177
f 1186 1187 1178
f 1187 1188 1179
f 1188 1189 1180
f 1183 1185 1184
f 1162 1204 1183
f 1183 1187 1185
f 1185 1187 1186
f 1183 1204 1187
f 1187 1189 1188
f 1187 1204 1189
f 1189 1190 1180
f 1203 1191 1190
f 1204 1192 1191
f 1205 1193 1192
f 1206 1194 1193
f 1207 1195 1194
f 1208 1196 1195
f 1209 1197 1196
f 1189 1203 1190
f 1203 1204 1191
f 1204 1205 1192
f 1189 1204 1203
f 1204 1206 1205
f 1205 1206 1193
f 1204 1208 1206
f 1206 1207 1194
f 1207 1208 1195
f 1208 1209 1196
f 1209 1210 1197
f 1206 1208 1207
f 1204 1212 1208
f 1208 1210 1209
f 1210 1198 1197
f 1211 1199 1198
f 1212 1200 1199
f 1213 1201 1200
f 1214 1202 1201
f 1215 1546 1202
f 1162 1608 1204
f 1210 1211 1198
f 1211 1212 1199
f 1212 1213 1200
f 1208 1212 1210
f 1210 1212 1211
f 1204 1564 1212
f 1213 1214 1201
f 1214 1215 1202
f 1215 1560 1546
f 1212 1214 1213
f 1212 1560 1214
f 1214 1560 1215
f 1530 1521 1520
f 1532 1520 1522
f 1171 1170 1617
f 1162 1531 1538
f 1530 1531 1521
f 1530 1520 1532
f 1162 1538 1608
f 1530 1532 1531
f 1531 1532 1534
f 1533 1522 1523
f 1534 1523 1524
f 1535 1524 1525
f 1536 1525 1526
f 1537 1526 1527
f 1531 1616 1521
f 1538 1527 1528
f 1539 1528 1529
f 1543 1529 1540
f 1532 1522 1533
f 1533 1523 1534
f 1534 1524 1535
f 1535 1525 1536
f 1171 1618 1531
f 1532 1533 1534
f 1531 1534 1538
f 1534 1535 1536
f 1536 1526 1537
f 1537 1527 1538
f 1538 1528 1539
f 1539 1529 1543
f 1534 1536 1538
f 1536 1537 1538
f 1538 1539 1543
f 1617 1170 1615
f 1544 1540 1541
f 1545 1541 1542
f 1543 1540 1544
f 1544 1541 1545
f 1171 1617 1618
f 1538 1543 1545
f 1543 1544 1545
f 1538 1545 1595
f 1531 1618 1616
f 1560 1547 1546
f 1561 1548 1547
f 1562 1549 1548
f 1563 1550 1549
f 1564 1551 1550
f 1565 1552 1551
f 1560 1561 1547
f 1561 1562 1548
f 1562 1563 1549
f 1212 1564 1560
f 1560 1562 1561
f 1560 1564 1562
f 1204 1608 1564
f 1563 1564 1550
f 1564 1565 1551
f 1565 1566 1552
f 1562 1564 1563
f 1564 1566 1565
f 1566 1553 1552
f 1567 1554 1553
f 1568 1555 1554
f 1569 1556 1555
f 1570 1557 1556
f 1571 1558 1557
f 1573 1580 1559
f 1572 1559 1558
f 1566 1567 1553
f 1568 1554 1567
f 1568 1569 1555
f 1564 1568 1566
f 1566 1568 1567
f 1564 1572 1568
f 1568 1570 1569
f 1569 1570 1556
f 1570 1571 1557
f 1571 1572 1558
f 1572 1573 1559
f 1568 1572 1570
f 1564 1608 1572
f 1570 1572 1571
f 1598 1573 1572
f 1592 1542 1574
f 1593 1574 1575
f 1594 1575 1576
f 1595 1576 1577
f 1596 1579 1578
f 1597 1590 1579
f 1598 1581 1580
f 1599 1582 1581
f 1600 1583 1582
f 1601 1578 1583
f 1602 1577 1584
f 1603 1584 1585
f 1604 1585 1586
f 1607 1589 1591
f 1605 1586 1587
f 1606 1587 1588
f 1607 1588 1589
f 1608 1591 1590
f 1545 1542 1592
f 1592 1574 1593
f 1593 1575 1594
f 1594 1576 1595
f 1595 1577 1602
f 1601 1596 1578
f 1596 1597 1579
f 1608 1590 1597
f 1545 1592 1593
f 1545 1593 1595
f 1538 1595 1608
f 1593 1594 1595
f 1608 1596 1600
f 1608 1597 1596
f 1598 1580 1573
f 1598 1599 1581
f 1599 1600 1582
f 1601 1583 1600
f 1598 1572 1600
f 1598 1600 1599
f 1608 1600 1572
f 1601 1600 1596
f 1602 1584 1603
f 1603 1585 1604
f 1604 1586 1605
f 1605 1587 1606
f 1606 1588 1607
f 1609 1591 1608
f 1609 1607 1591
f 1595 1602 1603
f 1595 1603 1605
f 1603 1604 1605
f 1595 1605 1608
f 1608 1605 1607
f 1605 1606 1607
f 1609 1608 1607
f 1618 1615 1616
f 1617 1615 1618

