# https://github.com/mikedh/trimesh
v 0.60000002 0.60000002 0.00000000
v 0.00000000 0.60000002 0.60000002
v 0.60000002 0.00000000 0.60000002
v 0.00000000 0.60000002 4.40000010
v 0.60000002 0.00000000 4.40000010
v 0.60000002 0.60000002 5.00000000
v 0.19999985 29.62500000 4.59999990
v 0.19999985 29.97500038 4.59999990
v 0.19999985 32.22499847 4.59999990
v 0.19999985 32.57500076 4.59999990
v 0.19999985 34.82500076 4.59999990
v 1.85000002 29.62500000 4.59999990
v 1.85000002 29.97500038 4.59999990
v 2.29999995 29.62500000 4.59999990
v 2.29999995 29.97500038 4.59999990
v 1.85000002 32.22499847 4.59999990
v 1.85000002 32.57500076 4.59999990
v 2.29999995 32.22499847 4.59999990
v 2.29999995 32.57500076 4.59999990
v 0.60000002 29.62500000 5.00000000
v 0.60000002 29.97500038 5.00000000
v 0.60000002 32.22499847 5.00000000
v 0.60000002 32.57500076 5.00000000
v 0.60000002 34.82500076 5.00000000
v 1.85000002 28.50000000 5.00000000
v 1.85000002 29.62500000 5.00000000
v 1.85000002 29.97500038 5.00000000
v 2.29999995 28.50000000 5.00000000
v 2.29999995 28.65406990 5.00000000
v 2.33251238 28.97218895 5.00000000
v 2.29999995 28.99090385 5.00000000
v 2.36348248 28.61859703 5.00000000
v 2.37125587 28.95328522 5.00000000
v 2.41106439 28.93714905 5.00000000
v 2.42904830 28.58753777 5.00000000
v 2.49641657 28.56102943 5.00000000
v 2.45176768 28.92385101 5.00000000
v 2.49319124 28.91345024 5.00000000
v 2.29999995 29.62500000 5.00000000
v 2.29999995 29.97500038 5.00000000
v 2.29999995 30.20909500 5.00000000
v 2.33251238 30.22781181 5.00000000
v 2.37125587 30.24671555 5.00000000
v 2.41106439 30.26285172 5.00000000
v 2.45176768 30.27614784 5.00000000
v 2.49319124 30.28655052 5.00000000
v 1.85000002 28.50000000 5.50000000
v 1.85000002 29.17237854 5.50000000
v 1.85000002 30.12762070 5.50000000
v 2.29999995 28.50000000 5.50000000
v 2.29999995 28.65406990 5.50000000
v 2.33251238 28.97218895 5.50000000
v 2.29999995 28.99090385 5.50000000
v 2.36348248 28.61859703 5.50000000
v 2.37125587 28.95328522 5.50000000
v 2.41106439 28.93714905 5.50000000
v 2.42904830 28.58753777 5.50000000
v 2.49641657 28.56102943 5.50000000
v 2.45176768 28.92385101 5.50000000
v 2.49319124 28.91345024 5.50000000
v 2.29999995 30.20909500 5.50000000
v 2.33251238 30.22781181 5.50000000
v 2.37125587 30.24671555 5.50000000
v 2.41106439 30.26285172 5.50000000
v 2.45176768 30.27614784 5.50000000
v 2.49319124 30.28655052 5.50000000
v 1.85000002 32.22499847 5.00000000
v 1.85000002 32.57500076 5.00000000
v 1.85000002 33.70000076 5.00000000
v 2.29999995 30.64592934 5.00000000
v 2.36348248 30.68140411 5.00000000
v 2.42904830 30.71246147 5.00000000
v 2.49641657 30.73896980 5.00000000
v 2.29999995 32.22499847 5.00000000
v 2.29999995 32.57500076 5.00000000
v 2.29999995 33.70000076 5.00000000
v 1.85000002 33.70000076 5.50000000
v 2.29999995 30.64592934 5.50000000
v 2.36348248 30.68140411 5.50000000
v 2.42904830 30.71246147 5.50000000
v 2.49641657 30.73896980 5.50000000
v 2.29999995 33.70000076 5.50000000
v 3.20296717 29.90960121 4.59999990
v 3.16848087 29.97500038 4.59999990
v 3.18291640 29.95000076 4.59999990
v 3.26924014 29.62500000 4.59999990
v 3.26860833 29.64578247 4.59999990
v 3.25751042 29.73656273 4.59999990
v 3.24785185 29.78117371 4.59999990
v 3.26443911 29.69136810 4.59999990
v 3.22052169 29.86787796 4.59999990
v 3.23550463 29.82500839 4.59999990
v 3.90458012 29.97500038 4.59999990
v 3.94058943 29.80010605 4.59999990
v 3.94921708 29.62500000 4.59999990
v 3.95000005 29.64999962 4.59999990
v 3.94764471 29.72521400 4.59999990
v 3.92886376 29.87435341 4.59999990
v 3.91251850 29.94764137 4.59999990
v 2.56529903 28.53918457 5.00000000
v 2.53515792 28.90598869 5.00000000
v 2.57748795 28.90149879 5.00000000
v 2.63540053 28.52209663 5.00000000
v 2.61999989 28.89999962 5.00000000
v 2.70642114 28.50983810 5.00000000
v 2.66251206 28.90149879 5.00000000
v 2.70484209 28.90598869 5.00000000
v 2.77805662 28.50246239 5.00000000
v 2.74680877 28.91345024 5.00000000
v 2.78823233 28.92385101 5.00000000
v 2.53515792 30.29401207 5.00000000
v 2.57748795 30.29850197 5.00000000
v 2.61999989 30.29999924 5.00000000
v 2.66251206 30.29850197 5.00000000
v 2.70484209 30.29401207 5.00000000
v 2.74680877 30.28655052 5.00000000
v 2.78823233 30.27614784 5.00000000
v 2.84999990 28.50000000 5.00000000
v 2.82893562 28.93714905 5.00000000
v 2.86874413 28.95328522 5.00000000
v 2.92194343 28.50246239 5.00000000
v 2.90748763 28.97218895 5.00000000
v 2.94499993 28.99378204 5.00000000
v 2.99357891 28.50983810 5.00000000
v 3.06459928 28.52209663 5.00000000
v 2.98112059 29.01797104 5.00000000
v 3.01569486 29.04465294 5.00000000
v 3.04857469 29.07371140 5.00000000
v 3.07961941 29.10502434 5.00000000
v 3.10869598 29.13845825 5.00000000
v 2.82893562 30.26285172 5.00000000
v 2.86874413 30.24671555 5.00000000
v 2.90748763 30.22781181 5.00000000
v 2.94499993 30.20621872 5.00000000
v 3.10869598 30.06154251 5.00000000
v 2.98112059 30.18202782 5.00000000
v 3.01569486 30.15534782 5.00000000
v 3.04857469 30.12628746 5.00000000
v 3.07961941 30.09497452 5.00000000
v 3.13470101 28.53918457 5.00000000
v 3.20358348 28.56102943 5.00000000
v 3.27095175 28.58753777 5.00000000
v 3.13567972 29.17386627 5.00000000
v 3.16045523 29.21110153 5.00000000
v 3.18291640 29.25000000 5.00000000
v 3.20296717 29.29039764 5.00000000
v 3.22052169 29.33212090 5.00000000
v 3.23550463 29.37499237 5.00000000
v 3.24785185 29.41882706 5.00000000
v 3.25751042 29.46343613 5.00000000
v 3.26443911 29.50863075 5.00000000
v 3.33651757 28.61859703 5.00000000
v 3.40000010 28.65406990 5.00000000
v 3.13567972 30.02613258 5.00000000
v 3.16045523 29.98889923 5.00000000
v 3.16848087 29.97500038 5.00000000
v 3.26860833 29.55421829 5.00000000
v 3.26924014 29.62500000 5.00000000
v 3.26999998 29.60000038 5.00000000
v 3.46112728 28.69380951 5.00000000
v 3.51963758 28.73764420 5.00000000
v 3.57528043 28.78538513 5.00000000
v 3.62781739 28.83682632 5.00000000
v 3.67702389 28.89175224 5.00000000
v 3.72268867 28.94992447 5.00000000
v 3.46112728 30.60618973 5.00000000
v 3.51963758 30.56235695 5.00000000
v 3.57528043 30.51461601 5.00000000
v 3.62781739 30.46317291 5.00000000
v 3.72268867 30.35007477 5.00000000
v 3.67702389 30.40824699 5.00000000
v 2.56529903 28.53918457 5.50000000
v 2.53515792 28.90598869 5.50000000
v 2.57748795 28.90149879 5.50000000
v 2.63540053 28.52209663 5.50000000
v 2.61999989 28.89999962 5.50000000
v 2.70642114 28.50983810 5.50000000
v 2.66251206 28.90149879 5.50000000
v 2.70484209 28.90598869 5.50000000
v 2.77805662 28.50246239 5.50000000
v 2.74680877 28.91345024 5.50000000
v 2.78823233 28.92385101 5.50000000
v 2.53515792 30.29401207 5.50000000
v 2.57748795 30.29850197 5.50000000
v 2.61999989 30.29999924 5.50000000
v 2.66251206 30.29850197 5.50000000
v 2.70484209 30.29401207 5.50000000
v 2.74680877 30.28655052 5.50000000
v 2.78823233 30.27614784 5.50000000
v 2.84999990 28.50000000 5.50000000
v 2.82893562 28.93714905 5.50000000
v 2.86874413 28.95328522 5.50000000
v 2.92194343 28.50246239 5.50000000
v 2.90748763 28.97218895 5.50000000
v 2.94499993 28.99378204 5.50000000
v 2.99357891 28.50983810 5.50000000
v 3.06459928 28.52209663 5.50000000
v 2.98112059 29.01797104 5.50000000
v 3.01569486 29.04465294 5.50000000
v 3.04857469 29.07371140 5.50000000
v 3.07961941 29.10502434 5.50000000
v 3.10869598 29.13845825 5.50000000
v 2.82893562 30.26285172 5.50000000
v 2.86874413 30.24671555 5.50000000
v 2.90748763 30.22781181 5.50000000
v 2.94499993 30.20621872 5.50000000
v 3.10869598 30.06154251 5.50000000
v 2.98112059 30.18202782 5.50000000
v 3.01569486 30.15534782 5.50000000
v 3.04857469 30.12628746 5.50000000
v 3.07961941 30.09497452 5.50000000
v 3.13470101 28.53918457 5.50000000
v 3.20358348 28.56102943 5.50000000
v 3.27095175 28.58753777 5.50000000
v 3.13567972 29.17386627 5.50000000
v 3.16045523 29.21110153 5.50000000
v 3.18291640 29.25000000 5.50000000
v 3.20296717 29.29039764 5.50000000
v 3.22052169 29.33212090 5.50000000
v 3.23550463 29.37499237 5.50000000
v 3.24785185 29.41882706 5.50000000
v 3.25751042 29.46343613 5.50000000
v 3.26443911 29.50863075 5.50000000
v 3.33651757 28.61859703 5.50000000
v 3.40000010 28.65406990 5.50000000
v 3.13567972 30.02613258 5.50000000
v 3.16045523 29.98889923 5.50000000
v 3.20296717 29.90960121 5.50000000
v 3.18291640 29.95000076 5.50000000
v 3.26860833 29.55421829 5.50000000
v 3.26999998 29.60000038 5.50000000
v 3.26860833 29.64578247 5.50000000
v 3.25751042 29.73656273 5.50000000
v 3.24785185 29.78117371 5.50000000
v 3.26443911 29.69136810 5.50000000
v 3.22052169 29.86787796 5.50000000
v 3.23550463 29.82500839 5.50000000
v 3.46112728 28.69380951 5.50000000
v 3.51963758 28.73764420 5.50000000
v 3.57528043 28.78538513 5.50000000
v 3.62781739 28.83682632 5.50000000
v 3.67702389 28.89175224 5.50000000
v 3.72268867 28.94992447 5.50000000
v 3.46112728 30.60618973 5.50000000
v 3.51963758 30.56235695 5.50000000
v 3.57528043 30.51461601 5.50000000
v 3.62781739 30.46317291 5.50000000
v 3.72268867 30.35007477 5.50000000
v 3.67702389 30.40824699 5.50000000
v 2.56529903 30.76081467 5.00000000
v 2.63540053 30.77790260 5.00000000
v 2.70642114 30.79016113 5.00000000
v 2.77805662 30.79753685 5.00000000
v 2.84999990 30.79999924 5.00000000
v 2.92194343 30.79753685 5.00000000
v 2.99357891 30.79016113 5.00000000
v 3.06459928 30.77790260 5.00000000
v 3.13470101 30.76081467 5.00000000
v 3.20358348 30.73896980 5.00000000
v 3.27095175 30.71246147 5.00000000
v 3.33651757 30.68140411 5.00000000
v 3.40000010 30.64592934 5.00000000
v 2.56529903 30.76081467 5.50000000
v 2.63540053 30.77790260 5.50000000
v 2.70642114 30.79016113 5.50000000
v 2.77805662 30.79753685 5.50000000
v 2.84999990 30.79999924 5.50000000
v 2.92194343 30.79753685 5.50000000
v 2.99357891 30.79016113 5.50000000
v 3.06459928 30.77790260 5.50000000
v 3.13470101 30.76081467 5.50000000
v 3.20358348 30.73896980 5.50000000
v 3.27095175 30.71246147 5.50000000
v 3.33651757 30.68140411 5.50000000
v 3.40000010 30.64592934 5.50000000
v 3.76461649 29.01109505 5.00000000
v 3.80262804 29.07500076 5.00000000
v 3.83656001 29.14136887 5.00000000
v 3.86626744 29.20991325 5.00000000
v 3.89162326 29.28034401 5.00000000
v 3.91251850 29.35235786 5.00000000
v 3.92886376 29.42564583 5.00000000
v 3.94058943 29.49989510 5.00000000
v 3.90458012 29.97500038 5.00000000
v 3.89162326 30.01965523 5.00000000
v 3.76461649 30.28890610 5.00000000
v 3.80262804 30.22500038 5.00000000
v 3.83656001 30.15863228 5.00000000
v 3.86626744 30.09008598 5.00000000
v 3.94764471 29.57478714 5.00000000
v 3.94921708 29.62500000 5.00000000
v 3.76461649 29.01109505 5.50000000
v 3.80262804 29.07500076 5.50000000
v 3.83656001 29.14136887 5.50000000
v 3.86626744 29.20991325 5.50000000
v 3.89162326 29.28034401 5.50000000
v 3.91251850 29.35235786 5.50000000
v 3.92886376 29.42564583 5.50000000
v 3.94058943 29.49989510 5.50000000
v 3.89162326 30.01965523 5.50000000
v 3.76461649 30.28890610 5.50000000
v 3.80262804 30.22500038 5.50000000
v 3.83656001 30.15863228 5.50000000
v 3.86626744 30.09008598 5.50000000
v 3.94058943 29.80010605 5.50000000
v 3.94764471 29.57478714 5.50000000
v 3.95000005 29.64999962 5.50000000
v 3.94764471 29.72521400 5.50000000
v 3.92886376 29.87435341 5.50000000
v 3.91251850 29.94764137 5.50000000
v 5.39427471 29.62500000 4.59999990
v 5.40394258 29.69026375 4.59999990
v 5.42258501 29.77043724 4.59999990
v 5.44798183 29.85073853 4.59999990
v 5.48002481 29.93082237 4.59999990
v 5.50144196 29.97500038 4.59999990
v 5.38919592 29.45392036 5.00000000
v 5.43635130 29.23087883 5.00000000
v 5.46558046 29.16098976 5.00000000
v 5.39807701 29.37765884 5.00000000
v 5.41381836 29.30320549 5.00000000
v 5.59205055 28.96887589 5.00000000
v 5.50137997 29.09383583 5.00000000
v 5.54359722 29.02970695 5.00000000
v 5.38721228 29.53166580 5.00000000
v 5.39427471 29.62500000 5.00000000
v 5.39213514 29.61055756 5.00000000
v 5.50144196 29.97500038 5.00000000
v 5.51857662 30.01034546 5.00000000
v 5.56347227 30.08896828 5.00000000
v 5.61451912 30.16635323 5.00000000
v 5.64653349 28.91160393 5.00000000
v 5.70681143 28.85813713 5.00000000
v 5.77262735 28.80870247 5.00000000
v 5.84369946 28.76351357 5.00000000
v 5.91972256 28.72276306 5.00000000
v 5.67149878 30.24217033 5.00000000
v 5.73416758 30.31609344 5.00000000
v 5.80225658 30.38780785 5.00000000
v 5.87547445 30.45700264 5.00000000
v 6.00037146 28.68662453 5.00000000
v 6.08530140 28.65525436 5.00000000
v 6.17414808 28.62878609 5.00000000
v 5.95350790 30.52338600 5.00000000
v 6.03602266 30.58667183 5.00000000
v 5.38919592 29.45392036 5.50000000
v 5.43635130 29.23087883 5.50000000
v 5.46558046 29.16098976 5.50000000
v 5.39807701 29.37765884 5.50000000
v 5.41381836 29.30320549 5.50000000
v 5.59205055 28.96887589 5.50000000
v 5.50137997 29.09383583 5.50000000
v 5.54359722 29.02970695 5.50000000
v 5.38721228 29.53166580 5.50000000
v 5.39213514 29.61055756 5.50000000
v 5.40394258 29.69026375 5.50000000
v 5.42258501 29.77043724 5.50000000
v 5.44798183 29.85073853 5.50000000
v 5.48002481 29.93082237 5.50000000
v 5.51857662 30.01034546 5.50000000
v 5.56347227 30.08896828 5.50000000
v 5.61451912 30.16635323 5.50000000
v 5.64653349 28.91160393 5.50000000
v 5.70681143 28.85813713 5.50000000
v 5.77262735 28.80870247 5.50000000
v 5.84369946 28.76351357 5.50000000
v 5.91972256 28.72276306 5.50000000
v 5.67149878 30.24217033 5.50000000
v 5.73416758 30.31609344 5.50000000
v 5.80225658 30.38780785 5.50000000
v 5.87547445 30.45700264 5.50000000
v 6.00037146 28.68662453 5.50000000
v 6.08530140 28.65525436 5.50000000
v 6.17414808 28.62878609 5.50000000
v 5.95350790 30.52338600 5.50000000
v 6.03602266 30.58667183 5.50000000
v 6.12266493 30.64658737 5.00000000
v 6.21306419 30.70287895 5.00000000
v 6.12266493 30.64658737 5.50000000
v 6.21306419 30.70287895 5.50000000
v 6.26653099 28.60733414 5.00000000
v 6.36205482 28.59098816 5.00000000
v 6.46031046 28.57981873 5.00000000
v 6.56087685 28.57387543 5.00000000
v 6.66332388 28.57318115 5.00000000
v 6.76721287 28.57774162 5.00000000
v 6.87209845 28.58753586 5.00000000
v 6.97753143 28.60252190 5.00000000
v 7.08306122 28.62263680 5.00000000
v 7.18823481 28.64779091 5.00000000
v 7.29260254 28.67788124 5.00000000
v 7.39571714 28.71277618 5.00000000
v 7.49713755 28.75232506 5.00000000
v 6.26653099 28.60733414 5.50000000
v 6.36205482 28.59098816 5.50000000
v 6.46031046 28.57981873 5.50000000
v 6.56087685 28.57387543 5.50000000
v 6.66332388 28.57318115 5.50000000
v 6.76721287 28.57774162 5.50000000
v 6.87209845 28.58753586 5.50000000
v 6.97753143 28.60252190 5.50000000
v 7.08306122 28.62263680 5.50000000
v 7.18823481 28.64779091 5.50000000
v 7.29260254 28.67788124 5.50000000
v 7.39571714 28.71277618 5.50000000
v 7.49713755 28.75232506 5.50000000
v 6.30683374 30.75530434 5.00000000
v 6.40357113 30.80363846 5.00000000
v 6.50286245 30.84767342 5.00000000
v 6.60428286 30.88722420 5.00000000
v 6.70739746 30.92211914 5.00000000
v 6.81176519 30.95220757 5.00000000
v 6.91693878 30.97736359 5.00000000
v 7.02246857 30.99747849 5.00000000
v 7.12790155 31.01246452 5.00000000
v 7.23278713 31.02225685 5.00000000
v 7.33667612 31.02681732 5.00000000
v 7.43912315 31.02612495 5.00000000
v 6.30683374 30.75530434 5.50000000
v 6.40357113 30.80363846 5.50000000
v 6.50286245 30.84767342 5.50000000
v 6.60428286 30.88722420 5.50000000
v 6.70739746 30.92211914 5.50000000
v 6.81176519 30.95220757 5.50000000
v 6.91693878 30.97736359 5.50000000
v 7.02246857 30.99747849 5.50000000
v 7.12790155 31.01246452 5.50000000
v 7.23278713 31.02225685 5.50000000
v 7.33667612 31.02681732 5.50000000
v 7.43912315 31.02612495 5.50000000
v 8.49855804 29.62500000 4.59999990
v 8.51997471 29.66917801 4.59999990
v 8.55201817 29.74926186 4.59999990
v 8.56806564 29.79999924 4.59999990
v 8.61294460 29.79999924 4.59999990
v 8.61294460 29.97500038 4.59999990
v 8.11294460 32.22499847 4.59999990
v 8.11294460 32.57500076 4.59999990
v 8.11294460 34.82500076 4.59999990
v 8.61294460 32.22499847 4.59999990
v 8.61294460 32.57500076 4.59999990
v 8.61294460 34.82500076 4.59999990
v 9.38705540 29.79999924 4.59999990
v 9.38705540 29.97500038 4.59999990
v 9.88705540 29.79999924 4.59999990
v 9.88705540 29.97500038 4.59999990
v 9.38705540 32.22499847 4.59999990
v 9.38705540 32.57500076 4.59999990
v 9.88705540 32.22499847 4.59999990
v 9.88705540 32.57500076 4.59999990
v 9.38705540 34.82500076 4.59999990
v 9.88705540 34.82500076 4.59999990
v 7.59642887 28.79636192 5.00000000
v 7.69316626 28.84469604 5.00000000
v 7.78693581 28.89712143 5.00000000
v 7.87733507 28.95341301 5.00000000
v 7.96397734 29.01332855 5.00000000
v 8.04649258 29.07661438 5.00000000
v 8.12452507 29.14299774 5.00000000
v 8.19774342 29.21219254 5.00000000
v 8.26583290 29.28390694 5.00000000
v 8.32850075 29.35783005 5.00000000
v 8.38548088 29.43364525 5.00000000
v 8.43652821 29.51103210 5.00000000
v 8.48142338 29.58965492 5.00000000
v 8.49855804 29.62500000 5.00000000
v 8.61294460 29.97500038 5.00000000
v 7.59642887 28.79636192 5.50000000
v 7.69316626 28.84469604 5.50000000
v 7.78693581 28.89712143 5.50000000
v 7.87733507 28.95341301 5.50000000
v 7.96397734 29.01332855 5.50000000
v 8.04649258 29.07661438 5.50000000
v 8.12452507 29.14299774 5.50000000
v 8.19774342 29.21219254 5.50000000
v 8.26583290 29.28390694 5.50000000
v 8.32850075 29.35783005 5.50000000
v 8.38548088 29.43364525 5.50000000
v 8.43652821 29.51103210 5.50000000
v 8.48142338 29.58965492 5.50000000
v 8.51997471 29.66917801 5.50000000
v 8.55201817 29.74926186 5.50000000
v 8.56806564 29.79999924 5.50000000
v 8.61294460 29.79999924 5.50000000
v 7.53968954 31.02018166 5.00000000
v 7.63794518 31.00901222 5.00000000
v 7.73346901 30.99266624 5.00000000
v 7.82585192 30.97121429 5.00000000
v 7.91469860 30.94474411 5.00000000
v 7.99962854 30.91337395 5.00000000
v 8.08027744 30.87723732 5.00000000
v 8.11294460 30.85972595 5.00000000
v 8.11294460 32.22499847 5.00000000
v 8.11294460 32.57500076 5.00000000
v 8.11294460 34.82500076 5.00000000
v 8.61294460 32.22499847 5.00000000
v 8.61294460 32.57500076 5.00000000
v 8.61294460 34.82500076 5.00000000
v 7.53968954 31.02018166 5.50000000
v 7.63794518 31.00901222 5.50000000
v 7.73346901 30.99266624 5.50000000
v 7.82585192 30.97121429 5.50000000
v 7.91469860 30.94474411 5.50000000
v 7.99962854 30.91337395 5.50000000
v 8.08027744 30.87723732 5.50000000
v 8.11294460 30.85972595 5.50000000
v 9.38705540 29.97500038 5.00000000
v 9.88705540 29.97500038 5.00000000
v 9.38705540 29.79999924 5.50000000
v 9.88705540 29.79999924 5.50000000
v 9.38705540 32.22499847 5.00000000
v 9.38705540 32.57500076 5.00000000
v 9.88705540 32.22499847 5.00000000
v 9.88705540 32.57500076 5.00000000
v 9.38705540 34.82500076 5.00000000
v 9.88705540 34.82500076 5.00000000
v 0.60000002 69.40000153 0.00000000
v 0.00000000 69.40000153 0.60000002
v 0.60000002 70.00000000 0.60000002
v 0.19999985 35.17499924 4.59999990
v 0.19999985 37.42499924 4.59999990
v 0.19999985 37.77500153 4.59999990
v 0.19999985 40.02500153 4.59999990
v 0.19999985 40.37500000 4.59999990
v 0.60000002 35.17499924 5.00000000
v 0.60000002 37.42499924 5.00000000
v 0.60000002 37.77500153 5.00000000
v 0.60000002 40.02500153 5.00000000
v 0.60000002 40.37500000 5.00000000
v 0.00000000 69.40000153 4.40000010
v 0.60000002 70.00000000 4.40000010
v 0.60000002 69.40000153 5.00000000
v 4.78749990 56.50000000 4.59999990
v 4.78749990 57.79999924 4.59999990
v 4.78749990 60.34999847 4.59999990
v 4.78749990 56.50000000 5.00000000
v 4.78749990 61.65000153 4.59999990
v 4.78749990 64.19999695 4.59999990
v 4.78749990 65.50000000 4.59999990
v 4.78749990 65.50000000 5.00000000
v 5.84999990 37.59999847 4.59999990
v 5.84999990 37.77500153 4.59999990
v 5.84999990 40.02500153 4.59999990
v 5.84999990 40.37500000 4.59999990
v 6.30000019 37.59999847 4.59999990
v 6.36348248 37.71859741 4.59999990
v 6.30000019 37.75407028 4.59999990
v 6.42904806 37.68753815 4.59999990
v 6.49641657 37.66102982 4.59999990
v 6.56529903 37.63918686 4.59999990
v 6.63540077 37.62209702 4.59999990
v 6.70642138 37.60983658 4.59999990
v 6.77805662 37.60246277 4.59999990
v 6.84999990 37.59999847 4.59999990
v 6.92194366 37.60246277 4.59999990
v 6.99357891 37.60983658 4.59999990
v 7.06459951 37.62209702 4.59999990
v 7.13470078 37.63918686 4.59999990
v 7.20358324 37.66102982 4.59999990
v 7.27095175 37.68753815 4.59999990
v 7.33651733 37.71859741 4.59999990
v 7.40000010 37.75407028 4.59999990
v 7.43219471 37.77500153 4.59999990
v 6.30000019 40.02500153 4.59999990
v 6.30000019 40.37500000 4.59999990
v 5.84999990 37.77500153 5.00000000
v 5.84999990 37.59999847 5.50000000
v 5.84999990 38.27238083 5.50000000
v 5.84999990 39.22761917 5.50000000
v 5.84999990 40.02500153 5.00000000
v 5.84999990 40.37500000 5.00000000
v 5.84999990 42.79999924 5.00000000
v 5.84999990 42.79999924 5.50000000
v 6.30000019 38.09090424 5.00000000
v 6.33251238 38.07218933 5.00000000
v 6.37125587 38.05328369 5.00000000
v 6.41106415 38.03714752 5.00000000
v 6.45176744 38.02385330 5.00000000
v 6.53515816 38.00598907 5.00000000
v 6.49319124 38.01345062 5.00000000
v 6.30000019 39.30909729 5.00000000
v 6.33251238 39.32781219 5.00000000
v 6.37125587 39.34671402 5.00000000
v 6.41106415 39.36285019 5.00000000
v 6.57748795 38.00149918 5.00000000
v 6.61999989 38.00000000 5.00000000
v 6.66251183 38.00149918 5.00000000
v 6.70484209 38.00598907 5.00000000
v 6.74680853 38.01345062 5.00000000
v 6.78823233 38.02385330 5.00000000
v 6.82893562 38.03714752 5.00000000
v 6.86874437 38.05328369 5.00000000
v 6.82893562 39.36285019 5.00000000
v 6.86874437 39.34671402 5.00000000
v 6.90748787 38.07218933 5.00000000
v 6.94500017 38.09378052 5.00000000
v 6.98112059 38.11796951 5.00000000
v 7.01569510 38.14465332 5.00000000
v 7.04857492 38.17371368 5.00000000
v 7.07961941 38.20502472 5.00000000
v 7.10869598 38.23845673 5.00000000
v 7.13567972 38.27386856 5.00000000
v 6.90748787 39.32781219 5.00000000
v 6.94500017 39.30621719 5.00000000
v 6.98112059 39.28202820 5.00000000
v 7.01569510 39.25534821 5.00000000
v 7.16045523 38.31110001 5.00000000
v 7.18291664 38.34999847 5.00000000
v 7.04857492 39.22628784 5.00000000
v 7.07961941 39.19497299 5.00000000
v 7.10869598 39.16154099 5.00000000
v 7.16045523 39.08889771 5.00000000
v 7.18291664 39.04999924 5.00000000
v 7.13567972 39.12613297 5.00000000
v 7.43219471 37.77500153 5.00000000
v 7.46112728 37.79381180 5.00000000
v 7.20296717 38.39039612 5.00000000
v 7.22052193 38.43212128 5.00000000
v 7.23550463 38.47499084 5.00000000
v 7.24785185 38.51882553 5.00000000
v 7.25751066 38.56343842 5.00000000
v 7.26443911 38.60863113 5.00000000
v 7.26443911 38.79136658 5.00000000
v 7.26860809 38.65421677 5.00000000
v 7.26999998 38.70000076 5.00000000
v 7.26860809 38.74578094 5.00000000
v 7.20296717 39.00960159 5.00000000
v 7.22052193 38.96788025 5.00000000
v 7.23550463 38.92500687 5.00000000
v 7.25751066 38.83656311 5.00000000
v 7.24785185 38.88117218 5.00000000
v 6.30000019 37.59999847 5.50000000
v 6.36348248 37.71859741 5.50000000
v 6.30000019 37.75407028 5.50000000
v 6.30000019 38.09090424 5.50000000
v 6.33251238 38.07218933 5.50000000
v 6.37125587 38.05328369 5.50000000
v 6.42904806 37.68753815 5.50000000
v 6.49641657 37.66102982 5.50000000
v 6.41106415 38.03714752 5.50000000
v 6.45176744 38.02385330 5.50000000
v 6.53515816 38.00598907 5.50000000
v 6.49319124 38.01345062 5.50000000
v 6.30000019 39.30909729 5.50000000
v 6.33251238 39.32781219 5.50000000
v 6.37125587 39.34671402 5.50000000
v 6.41106415 39.36285019 5.50000000
v 6.56529903 37.63918686 5.50000000
v 6.63540077 37.62209702 5.50000000
v 6.70642138 37.60983658 5.50000000
v 6.57748795 38.00149918 5.50000000
v 6.61999989 38.00000000 5.50000000
v 6.66251183 38.00149918 5.50000000
v 6.70484209 38.00598907 5.50000000
v 6.77805662 37.60246277 5.50000000
v 6.84999990 37.59999847 5.50000000
v 6.74680853 38.01345062 5.50000000
v 6.78823233 38.02385330 5.50000000
v 6.82893562 38.03714752 5.50000000
v 6.86874437 38.05328369 5.50000000
v 6.82893562 39.36285019 5.50000000
v 6.86874437 39.34671402 5.50000000
v 6.92194366 37.60246277 5.50000000
v 6.99357891 37.60983658 5.50000000
v 6.90748787 38.07218933 5.50000000
v 6.94500017 38.09378052 5.50000000
v 6.98112059 38.11796951 5.50000000
v 7.01569510 38.14465332 5.50000000
v 7.06459951 37.62209702 5.50000000
v 7.13470078 37.63918686 5.50000000
v 7.04857492 38.17371368 5.50000000
v 7.07961941 38.20502472 5.50000000
v 7.10869598 38.23845673 5.50000000
v 7.13567972 38.27386856 5.50000000
v 6.90748787 39.32781219 5.50000000
v 6.94500017 39.30621719 5.50000000
v 6.98112059 39.28202820 5.50000000
v 7.01569510 39.25534821 5.50000000
v 7.16045523 38.31110001 5.50000000
v 7.18291664 38.34999847 5.50000000
v 7.04857492 39.22628784 5.50000000
v 7.07961941 39.19497299 5.50000000
v 7.10869598 39.16154099 5.50000000
v 7.16045523 39.08889771 5.50000000
v 7.18291664 39.04999924 5.50000000
v 7.13567972 39.12613297 5.50000000
v 7.20358324 37.66102982 5.50000000
v 7.27095175 37.68753815 5.50000000
v 7.33651733 37.71859741 5.50000000
v 7.40000010 37.75407028 5.50000000
v 7.46112728 37.79381180 5.50000000
v 7.20296717 38.39039612 5.50000000
v 7.22052193 38.43212128 5.50000000
v 7.23550463 38.47499084 5.50000000
v 7.24785185 38.51882553 5.50000000
v 7.25751066 38.56343842 5.50000000
v 7.26443911 38.60863113 5.50000000
v 7.26443911 38.79136658 5.50000000
v 7.26860809 38.65421677 5.50000000
v 7.26999998 38.70000076 5.50000000
v 7.26860809 38.74578094 5.50000000
v 7.20296717 39.00960159 5.50000000
v 7.22052193 38.96788025 5.50000000
v 7.23550463 38.92500687 5.50000000
v 7.25751066 38.83656311 5.50000000
v 7.24785185 38.88117218 5.50000000
v 6.30000019 39.74592972 5.00000000
v 6.36348248 39.78140259 5.00000000
v 6.30000019 40.02500153 5.00000000
v 6.30000019 40.37500000 5.00000000
v 6.45176744 39.37614822 5.00000000
v 6.42904806 39.81246185 5.00000000
v 6.49319124 39.38655090 5.00000000
v 6.53515816 39.39401245 5.00000000
v 6.49641657 39.83897018 5.00000000
v 6.57748795 39.39850235 5.00000000
v 6.61999989 39.40000153 5.00000000
v 6.56529903 39.86081314 5.00000000
v 6.63540077 39.87790298 5.00000000
v 6.66251183 39.39850235 5.00000000
v 6.70484209 39.39401245 5.00000000
v 6.70642138 39.89016342 5.00000000
v 6.74680853 39.38655090 5.00000000
v 6.78823233 39.37614822 5.00000000
v 6.77805662 39.89753723 5.00000000
v 6.84999990 39.90000153 5.00000000
v 6.30000019 42.79999924 5.00000000
v 6.92194366 39.89753723 5.00000000
v 6.99357891 39.89016342 5.00000000
v 7.06459951 39.87790298 5.00000000
v 7.13470078 39.86081314 5.00000000
v 7.20358324 39.83897018 5.00000000
v 7.27095175 39.81246185 5.00000000
v 7.33651733 39.78140259 5.00000000
v 7.40000010 39.74592972 5.00000000
v 7.46112728 39.70618820 5.00000000
v 6.30000019 39.74592972 5.50000000
v 6.36348248 39.78140259 5.50000000
v 6.45176744 39.37614822 5.50000000
v 6.42904806 39.81246185 5.50000000
v 6.49319124 39.38655090 5.50000000
v 6.53515816 39.39401245 5.50000000
v 6.49641657 39.83897018 5.50000000
v 6.57748795 39.39850235 5.50000000
v 6.61999989 39.40000153 5.50000000
v 6.56529903 39.86081314 5.50000000
v 6.63540077 39.87790298 5.50000000
v 6.66251183 39.39850235 5.50000000
v 6.70484209 39.39401245 5.50000000
v 6.70642138 39.89016342 5.50000000
v 6.74680853 39.38655090 5.50000000
v 6.78823233 39.37614822 5.50000000
v 6.77805662 39.89753723 5.50000000
v 6.84999990 39.90000153 5.50000000
v 6.30000019 42.79999924 5.50000000
v 6.92194366 39.89753723 5.50000000
v 6.99357891 39.89016342 5.50000000
v 7.06459951 39.87790298 5.50000000
v 7.13470078 39.86081314 5.50000000
v 7.20358324 39.83897018 5.50000000
v 7.27095175 39.81246185 5.50000000
v 7.33651733 39.78140259 5.50000000
v 7.40000010 39.74592972 5.50000000
v 7.46112728 39.70618820 5.50000000
v 8.11294460 35.17499924 4.59999990
v 8.11294460 37.42499924 4.59999990
v 8.11294460 37.77500153 4.59999990
v 8.61294460 35.17499924 4.59999990
v 8.61294460 37.42499924 4.59999990
v 8.61294460 37.77500153 4.59999990
v 9.38705540 35.17499924 4.59999990
v 9.88705540 35.17499924 4.59999990
v 9.38705540 37.42499924 4.59999990
v 9.38705540 37.77500153 4.59999990
v 9.88705540 37.42499924 4.59999990
v 9.88705540 37.77500153 4.59999990
v 8.11294460 35.17499924 5.00000000
v 7.51963758 37.83764267 5.00000000
v 7.57528019 37.88538361 5.00000000
v 7.62781763 37.93682861 5.00000000
v 7.67702389 37.99175262 5.00000000
v 7.72268867 38.04992294 5.00000000
v 7.76461649 38.11109543 5.00000000
v 7.80262804 38.17499924 5.00000000
v 7.80262804 39.32500076 5.00000000
v 7.83656025 38.24136734 5.00000000
v 8.11294460 37.42499924 5.00000000
v 8.11294460 37.77500153 5.00000000
v 8.11294460 38.09999847 5.00000000
v 7.86626768 38.30991364 5.00000000
v 7.89162302 38.38034439 5.00000000
v 7.91251850 38.45235825 5.00000000
v 7.92886400 38.52564621 5.00000000
v 7.94058943 38.59989548 5.00000000
v 7.94764471 38.67478561 5.00000000
v 7.94764471 38.82521439 5.00000000
v 7.94999981 38.75000000 5.00000000
v 7.83656025 39.25863266 5.00000000
v 7.86626768 39.19008636 5.00000000
v 7.92886400 38.97435379 5.00000000
v 7.91251850 39.04764175 5.00000000
v 7.94058943 38.90010452 5.00000000
v 7.89162302 39.11965561 5.00000000
v 8.61294460 35.17499924 5.00000000
v 8.61294460 37.42499924 5.00000000
v 8.61294460 37.77500153 5.00000000
v 8.61294460 38.09999847 5.00000000
v 7.51963758 37.83764267 5.50000000
v 7.57528019 37.88538361 5.50000000
v 7.62781763 37.93682861 5.50000000
v 7.67702389 37.99175262 5.50000000
v 7.72268867 38.04992294 5.50000000
v 7.76461649 38.11109543 5.50000000
v 7.80262804 38.17499924 5.50000000
v 7.80262804 39.32500076 5.50000000
v 7.83656025 38.24136734 5.50000000
v 8.11294460 38.09999847 5.50000000
v 7.86626768 38.30991364 5.50000000
v 7.89162302 38.38034439 5.50000000
v 7.91251850 38.45235825 5.50000000
v 7.92886400 38.52564621 5.50000000
v 7.94058943 38.59989548 5.50000000
v 7.94764471 38.67478561 5.50000000
v 7.94764471 38.82521439 5.50000000
v 7.94999981 38.75000000 5.50000000
v 7.83656025 39.25863266 5.50000000
v 7.86626768 39.19008636 5.50000000
v 7.92886400 38.97435379 5.50000000
v 7.91251850 39.04764175 5.50000000
v 7.94058943 38.90010452 5.50000000
v 7.89162302 39.11965561 5.50000000
v 8.61294460 38.09999847 5.50000000
v 7.57528019 39.61461639 5.00000000
v 7.51963758 39.66235733 5.00000000
v 7.62781763 39.56317139 5.00000000
v 7.67702389 39.50824738 5.00000000
v 7.72268867 39.45007706 5.00000000
v 7.76461649 39.38890457 5.00000000
v 8.53125000 40.37500000 5.00000000
v 7.57528019 39.61461639 5.50000000
v 7.51963758 39.66235733 5.50000000
v 7.62781763 39.56317139 5.50000000
v 7.67702389 39.50824738 5.50000000
v 7.72268867 39.45007706 5.50000000
v 7.76461649 39.38890457 5.50000000
v 9.38705540 35.17499924 5.00000000
v 9.88705540 35.17499924 5.00000000
v 9.38705540 37.42499924 5.00000000
v 9.38705540 37.77500153 5.00000000
v 9.38705540 38.90000153 5.00000000
v 9.43193436 38.90000153 5.00000000
v 9.44798183 38.95073700 5.00000000
v 9.48002529 39.03082275 5.00000000
v 9.51857662 39.11034393 5.00000000
v 9.56347179 39.18896866 5.00000000
v 9.61451912 39.26635361 5.00000000
v 9.67149925 39.34217072 5.00000000
v 9.88705540 37.42499924 5.00000000
v 9.88705540 37.77500153 5.00000000
v 9.88705540 37.84027481 5.00000000
v 9.91972256 37.82276154 5.00000000
v 9.38705540 38.90000153 5.50000000
v 9.43193436 38.90000153 5.50000000
v 9.44798183 38.95073700 5.50000000
v 9.48002529 39.03082275 5.50000000
v 9.51857662 39.11034393 5.50000000
v 9.56347179 39.18896866 5.50000000
v 9.61451912 39.26635361 5.50000000
v 9.67149925 39.34217072 5.50000000
v 9.88705540 37.84027481 5.50000000
v 9.91972256 37.82276154 5.50000000
v 9.73416710 39.41609573 5.00000000
v 9.80225658 39.48780823 5.00000000
v 9.87547493 39.55700302 5.00000000
v 9.95350742 39.62338638 5.00000000
v 9.73416710 39.41609573 5.50000000
v 9.80225658 39.48780823 5.50000000
v 9.87547493 39.55700302 5.50000000
v 9.95350742 39.62338638 5.50000000
v 9.85000038 46.70000076 5.00000000
v 9.85000038 46.70000076 5.50000000
v 9.85000038 47.37237930 5.50000000
v 9.85000038 51.90000153 5.00000000
v 9.85000038 48.32762146 5.50000000
v 9.85000038 51.90000153 5.50000000
v 6.08750010 56.50000000 4.59999990
v 6.08750010 57.79999924 4.59999990
v 6.08750010 60.34999847 4.59999990
v 6.08750010 57.79999924 5.00000000
v 6.08750010 60.34999847 5.00000000
v 6.08750010 61.65000153 4.59999990
v 6.08750010 64.19999695 4.59999990
v 6.08750010 65.50000000 4.59999990
v 6.08750010 61.65000153 5.00000000
v 6.08750010 64.19999695 5.00000000
v 19.39999962 0.60000002 0.00000000
v 19.39999962 0.00000000 0.60000002
v 20.00000000 0.60000002 0.60000002
v 19.39999962 0.00000000 4.40000010
v 20.00000000 0.60000002 4.40000010
v 19.39999962 0.60000002 5.00000000
v 19.79999924 29.62500000 4.59999990
v 19.79999924 29.97500038 4.59999990
v 19.79999924 32.22499847 4.59999990
v 19.79999924 32.57500076 4.59999990
v 19.79999924 34.82500076 4.59999990
v 19.39999962 29.62500000 5.00000000
v 19.39999962 29.97500038 5.00000000
v 19.39999962 32.22499847 5.00000000
v 19.39999962 32.57500076 5.00000000
v 19.39999962 34.82500076 5.00000000
v 19.39999962 69.40000153 0.00000000
v 19.39999962 70.00000000 0.60000002
v 20.00000000 69.40000153 0.60000002
v 10.03184223 37.77500153 4.59999990
v 10.08530140 37.75525665 4.59999990
v 10.17414761 37.72878647 4.59999990
v 10.26653099 37.70733261 4.59999990
v 10.36205482 37.69098663 4.59999990
v 10.46030998 37.67981720 4.59999990
v 10.56087685 37.67387390 4.59999990
v 10.66332436 37.67318344 4.59999990
v 10.76721287 37.67774200 4.59999990
v 10.87209797 37.68753815 4.59999990
v 10.97753143 37.70252228 4.59999990
v 11.08306122 37.72263718 4.59999990
v 11.18823433 37.74779129 4.59999990
v 10.71740055 40.02500153 4.59999990
v 10.81176567 40.05220795 4.59999990
v 10.91693878 40.07736206 4.59999990
v 11.02246857 40.09747696 4.59999990
v 11.12790203 40.11246490 4.59999990
v 11.23278713 40.12225723 4.59999990
v 11.28261280 37.77500153 4.59999990
v 11.33667564 40.12681961 4.59999990
v 11.43912315 40.12612534 4.59999990
v 11.53969002 40.12018204 4.59999990
v 11.63794518 40.10901260 4.59999990
v 11.73346901 40.09266663 4.59999990
v 11.82585239 40.07121277 4.59999990
v 11.91469860 40.04474640 4.59999990
v 11.96815109 40.02500153 4.59999990
v 10.00037193 37.78662491 5.00000000
v 10.03184223 37.77500153 5.00000000
v 10.00037193 37.78662491 5.50000000
v 10.08530140 37.75525665 5.50000000
v 10.17414761 37.72878647 5.50000000
v 10.26653099 37.70733261 5.50000000
v 10.36205482 37.69098663 5.50000000
v 10.46030998 37.67981720 5.50000000
v 10.56087685 37.67387390 5.50000000
v 10.66332436 37.67318344 5.50000000
v 10.76721287 37.67774200 5.50000000
v 10.87209797 37.68753815 5.50000000
v 10.97753143 37.70252228 5.50000000
v 11.08306122 37.72263718 5.50000000
v 11.18823433 37.74779129 5.50000000
v 10.03602219 39.68667221 5.00000000
v 10.12266541 39.74658585 5.00000000
v 10.21306419 39.80287933 5.00000000
v 10.30683327 39.85530472 5.00000000
v 10.40357113 39.90363693 5.00000000
v 10.50286198 39.94767380 5.00000000
v 10.60428238 39.98722458 5.00000000
v 10.71740055 40.02500153 5.00000000
v 10.70739746 40.02211761 5.00000000
v 10.03602219 39.68667221 5.50000000
v 10.12266541 39.74658585 5.50000000
v 10.21306419 39.80287933 5.50000000
v 10.30683327 39.85530472 5.50000000
v 10.40357113 39.90363693 5.50000000
v 10.50286198 39.94767380 5.50000000
v 10.60428238 39.98722458 5.50000000
v 10.70739746 40.02211761 5.50000000
v 10.81176567 40.05220795 5.50000000
v 10.91693878 40.07736206 5.50000000
v 11.02246857 40.09747696 5.50000000
v 11.12790203 40.11246490 5.50000000
v 11.23278713 40.12225723 5.50000000
v 11.28261280 37.77500153 5.00000000
v 11.29260254 37.77788162 5.00000000
v 11.39571762 37.81277466 5.00000000
v 11.49713802 37.85232544 5.00000000
v 11.59642887 37.89636230 5.00000000
v 11.69316673 37.94469833 5.00000000
v 11.78693581 37.99711990 5.00000000
v 11.87733459 38.05341339 5.00000000
v 11.96397781 38.11333084 5.00000000
v 12.04649258 38.17661285 5.00000000
v 12.12452507 38.24299622 5.00000000
v 12.19774342 38.31219482 5.00000000
v 12.26583290 38.38390732 5.00000000
v 12.32850075 38.45782852 5.00000000
v 12.38548088 38.53364563 5.00000000
v 12.43652821 38.61103058 5.00000000
v 12.48142338 38.68965530 5.00000000
v 11.29260254 37.77788162 5.50000000
v 11.39571762 37.81277466 5.50000000
v 11.49713802 37.85232544 5.50000000
v 11.59642887 37.89636230 5.50000000
v 11.69316673 37.94469833 5.50000000
v 11.78693581 37.99711990 5.50000000
v 11.87733459 38.05341339 5.50000000
v 11.96397781 38.11333084 5.50000000
v 12.04649258 38.17661285 5.50000000
v 12.12452507 38.24299622 5.50000000
v 12.19774342 38.31219482 5.50000000
v 12.26583290 38.38390732 5.50000000
v 12.32850075 38.45782852 5.50000000
v 12.38548088 38.53364563 5.50000000
v 12.43652821 38.61103058 5.50000000
v 12.48142338 38.68965530 5.50000000
v 11.96815109 40.02500153 5.00000000
v 11.99962807 40.01337433 5.00000000
v 12.08027744 39.97723770 5.00000000
v 12.15630054 39.93648529 5.00000000
v 12.22737217 39.89129639 5.00000000
v 12.29318810 39.84186172 5.00000000
v 12.35346699 39.78839493 5.00000000
v 12.40794945 39.73112488 5.00000000
v 12.49862003 39.60616302 5.00000000
v 12.45640278 39.67029190 5.00000000
v 12.39999962 42.54999924 5.00000000
v 12.39999962 43.04999924 5.00000000
v 11.33667564 40.12681961 5.50000000
v 11.43912315 40.12612534 5.50000000
v 11.53969002 40.12018204 5.50000000
v 11.63794518 40.10901260 5.50000000
v 11.73346901 40.09266663 5.50000000
v 11.82585239 40.07121277 5.50000000
v 11.91469860 40.04474640 5.50000000
v 11.99962807 40.01337433 5.50000000
v 12.08027744 39.97723770 5.50000000
v 12.15630054 39.93648529 5.50000000
v 12.22737217 39.89129639 5.50000000
v 12.29318810 39.84186172 5.50000000
v 12.35346699 39.78839493 5.50000000
v 12.40794945 39.73112488 5.50000000
v 12.49862003 39.60616302 5.50000000
v 12.45640278 39.67029190 5.50000000
v 12.39999962 42.54999924 5.50000000
v 12.39999962 43.04999924 5.50000000
v 10.30000019 46.70000076 5.00000000
v 10.30000019 46.85407257 5.00000000
v 10.30000019 47.19090271 5.00000000
v 10.36348248 46.81859589 5.00000000
v 10.42904854 46.78754044 5.00000000
v 10.49641705 46.76103210 5.00000000
v 10.56529903 46.73918533 5.00000000
v 10.33251190 47.17218781 5.00000000
v 10.37125587 47.15328598 5.00000000
v 10.41106415 47.13714981 5.00000000
v 10.45176792 47.12385178 5.00000000
v 10.49319172 47.11344910 5.00000000
v 10.53515816 47.10598755 5.00000000
v 10.57748795 47.10149765 5.00000000
v 10.61999989 47.09999847 5.00000000
v 10.63540077 46.72209549 5.00000000
v 10.70642090 46.70983887 5.00000000
v 10.77805614 46.70246124 5.00000000
v 10.85000038 46.70000076 5.00000000
v 10.92194366 46.70246124 5.00000000
v 10.66251183 47.10149765 5.00000000
v 10.70484161 47.10598755 5.00000000
v 10.74680901 47.11344910 5.00000000
v 10.78823280 47.12385178 5.00000000
v 10.82893562 47.13714981 5.00000000
v 10.86874390 47.15328598 5.00000000
v 10.90748787 47.17218781 5.00000000
v 10.99357891 46.70983887 5.00000000
v 11.06459904 46.72209549 5.00000000
v 11.13470078 46.73918533 5.00000000
v 11.20358372 46.76103210 5.00000000
v 10.94499969 47.19378281 5.00000000
v 10.98112106 47.21797180 5.00000000
v 11.01569462 47.24465179 5.00000000
v 11.04857445 47.27371216 5.00000000
v 11.07961941 47.30502701 5.00000000
v 11.10869598 47.33845901 5.00000000
v 11.13567924 47.37386703 5.00000000
v 11.16045570 47.41110229 5.00000000
v 11.18291664 47.45000076 5.00000000
v 11.20296764 47.49039841 5.00000000
v 11.22052193 47.53211975 5.00000000
v 11.23550415 47.57499313 5.00000000
v 11.24785137 47.61882782 5.00000000
v 11.20296764 48.10960388 5.00000000
v 11.24785137 47.98117447 5.00000000
v 11.22052193 48.06787872 5.00000000
v 11.23550415 48.02500916 5.00000000
v 10.30000019 46.70000076 5.50000000
v 10.30000019 46.85407257 5.50000000
v 10.30000019 47.19090271 5.50000000
v 10.36348248 46.81859589 5.50000000
v 10.42904854 46.78754044 5.50000000
v 10.49641705 46.76103210 5.50000000
v 10.56529903 46.73918533 5.50000000
v 10.33251190 47.17218781 5.50000000
v 10.37125587 47.15328598 5.50000000
v 10.41106415 47.13714981 5.50000000
v 10.45176792 47.12385178 5.50000000
v 10.49319172 47.11344910 5.50000000
v 10.53515816 47.10598755 5.50000000
v 10.57748795 47.10149765 5.50000000
v 10.61999989 47.09999847 5.50000000
v 10.63540077 46.72209549 5.50000000
v 10.70642090 46.70983887 5.50000000
v 10.77805614 46.70246124 5.50000000
v 10.85000038 46.70000076 5.50000000
v 10.92194366 46.70246124 5.50000000
v 10.66251183 47.10149765 5.50000000
v 10.70484161 47.10598755 5.50000000
v 10.74680901 47.11344910 5.50000000
v 10.78823280 47.12385178 5.50000000
v 10.82893562 47.13714981 5.50000000
v 10.86874390 47.15328598 5.50000000
v 10.90748787 47.17218781 5.50000000
v 10.99357891 46.70983887 5.50000000
v 11.06459904 46.72209549 5.50000000
v 11.13470078 46.73918533 5.50000000
v 11.20358372 46.76103210 5.50000000
v 10.94499969 47.19378281 5.50000000
v 10.98112106 47.21797180 5.50000000
v 11.01569462 47.24465179 5.50000000
v 11.04857445 47.27371216 5.50000000
v 11.07961941 47.30502701 5.50000000
v 11.10869598 47.33845901 5.50000000
v 11.13567924 47.37386703 5.50000000
v 11.16045570 47.41110229 5.50000000
v 11.18291664 47.45000076 5.50000000
v 11.20296764 47.49039841 5.50000000
v 11.22052193 47.53211975 5.50000000
v 11.23550415 47.57499313 5.50000000
v 11.24785137 47.61882782 5.50000000
v 11.20296764 48.10960388 5.50000000
v 11.24785137 47.98117447 5.50000000
v 11.22052193 48.06787872 5.50000000
v 11.23550415 48.02500916 5.50000000
v 10.30000019 48.40909576 5.00000000
v 10.30000019 48.84592819 5.00000000
v 10.33251190 48.42781067 5.00000000
v 10.37125587 48.44671631 5.00000000
v 10.41106415 48.46285248 5.00000000
v 10.45176792 48.47614670 5.00000000
v 10.36348248 48.88140488 5.00000000
v 10.42904854 48.91246033 5.00000000
v 10.49319172 48.48654938 5.00000000
v 10.53515816 48.49401093 5.00000000
v 10.57748795 48.49850082 5.00000000
v 10.61999989 48.50000000 5.00000000
v 10.49641705 48.93896866 5.00000000
v 10.56529903 48.96081543 5.00000000
v 10.30000019 51.90000153 5.00000000
v 10.66251183 48.49850082 5.00000000
v 10.70484161 48.49401093 5.00000000
v 10.74680901 48.48654938 5.00000000
v 10.63540077 48.97790146 5.00000000
v 10.70642090 48.99016190 5.00000000
v 10.77805614 48.99753952 5.00000000
v 10.78823280 48.47614670 5.00000000
v 10.82893562 48.46285248 5.00000000
v 10.86874390 48.44671631 5.00000000
v 10.90748787 48.42781067 5.00000000
v 10.85000038 49.00000000 5.00000000
v 10.92194366 48.99753952 5.00000000
v 10.98112106 48.38203049 5.00000000
v 10.94499969 48.40621948 5.00000000
v 11.01569462 48.35534668 5.00000000
v 11.04857445 48.32628632 5.00000000
v 11.07961941 48.29497528 5.00000000
v 10.99357891 48.99016190 5.00000000
v 11.06459904 48.97790146 5.00000000
v 11.10869598 48.26154327 5.00000000
v 11.13567924 48.22613144 5.00000000
v 11.16045570 48.18889999 5.00000000
v 11.18291664 48.15000153 5.00000000
v 11.13470078 48.96081543 5.00000000
v 11.20358372 48.93896866 5.00000000
v 10.30000019 48.40909576 5.50000000
v 10.30000019 48.84592819 5.50000000
v 10.33251190 48.42781067 5.50000000
v 10.37125587 48.44671631 5.50000000
v 10.41106415 48.46285248 5.50000000
v 10.45176792 48.47614670 5.50000000
v 10.36348248 48.88140488 5.50000000
v 10.42904854 48.91246033 5.50000000
v 10.49319172 48.48654938 5.50000000
v 10.53515816 48.49401093 5.50000000
v 10.57748795 48.49850082 5.50000000
v 10.61999989 48.50000000 5.50000000
v 10.49641705 48.93896866 5.50000000
v 10.56529903 48.96081543 5.50000000
v 10.30000019 51.90000153 5.50000000
v 10.66251183 48.49850082 5.50000000
v 10.70484161 48.49401093 5.50000000
v 10.74680901 48.48654938 5.50000000
v 10.63540077 48.97790146 5.50000000
v 10.70642090 48.99016190 5.50000000
v 10.77805614 48.99753952 5.50000000
v 10.78823280 48.47614670 5.50000000
v 10.82893562 48.46285248 5.50000000
v 10.86874390 48.44671631 5.50000000
v 10.90748787 48.42781067 5.50000000
v 10.85000038 49.00000000 5.50000000
v 10.92194366 48.99753952 5.50000000
v 10.98112106 48.38203049 5.50000000
v 10.94499969 48.40621948 5.50000000
v 11.01569462 48.35534668 5.50000000
v 11.04857445 48.32628632 5.50000000
v 11.07961941 48.29497528 5.50000000
v 10.99357891 48.99016190 5.50000000
v 11.06459904 48.97790146 5.50000000
v 11.10869598 48.26154327 5.50000000
v 11.13567924 48.22613144 5.50000000
v 11.16045570 48.18889999 5.50000000
v 11.18291664 48.15000153 5.50000000
v 11.13470078 48.96081543 5.50000000
v 11.20358372 48.93896866 5.50000000
v 11.27095222 46.78754044 5.00000000
v 11.33651733 46.81859589 5.00000000
v 11.39999962 46.85407257 5.00000000
v 11.46112728 46.89381027 5.00000000
v 11.51963711 46.93764496 5.00000000
v 11.25751019 47.66343689 5.00000000
v 11.26443958 47.70863342 5.00000000
v 11.26860809 47.75421906 5.00000000
v 11.26860809 47.84578323 5.00000000
v 11.27000046 47.79999924 5.00000000
v 11.26443958 47.89136887 5.00000000
v 11.25751019 47.93656158 5.00000000
v 11.57528019 46.98538589 5.00000000
v 11.62781715 47.03682709 5.00000000
v 11.67702389 47.09175110 5.00000000
v 11.72268867 47.14992523 5.00000000
v 11.76461697 47.21109390 5.00000000
v 11.80262756 47.27500153 5.00000000
v 11.83656025 47.34136963 5.00000000
v 11.86626720 47.40991592 5.00000000
v 12.39999962 45.15000153 5.00000000
v 12.39999962 45.65000153 5.00000000
v 11.89162350 47.48034286 5.00000000
v 11.91251850 47.55235672 5.00000000
v 11.92886353 47.62564468 5.00000000
v 11.94058895 47.69989395 5.00000000
v 11.94764519 47.77478790 5.00000000
v 11.94999981 47.84999847 5.00000000
v 11.94764519 47.92521286 5.00000000
v 11.92886353 48.07435226 5.00000000
v 11.94058895 48.00010681 5.00000000
v 12.39999962 47.75000000 5.00000000
v 11.27095222 46.78754044 5.50000000
v 11.33651733 46.81859589 5.50000000
v 11.39999962 46.85407257 5.50000000
v 11.46112728 46.89381027 5.50000000
v 11.51963711 46.93764496 5.50000000
v 11.25751019 47.66343689 5.50000000
v 11.26443958 47.70863342 5.50000000
v 11.26860809 47.75421906 5.50000000
v 11.26860809 47.84578323 5.50000000
v 11.27000046 47.79999924 5.50000000
v 11.26443958 47.89136887 5.50000000
v 11.25751019 47.93656158 5.50000000
v 11.57528019 46.98538589 5.50000000
v 11.62781715 47.03682709 5.50000000
v 11.67702389 47.09175110 5.50000000
v 11.72268867 47.14992523 5.50000000
v 11.76461697 47.21109390 5.50000000
v 11.80262756 47.27500153 5.50000000
v 11.83656025 47.34136963 5.50000000
v 11.86626720 47.40991592 5.50000000
v 12.39999962 45.15000153 5.50000000
v 12.39999962 45.65000153 5.50000000
v 11.89162350 47.48034286 5.50000000
v 11.91251850 47.55235672 5.50000000
v 11.92886353 47.62564468 5.50000000
v 11.94058895 47.69989395 5.50000000
v 11.94764519 47.77478790 5.50000000
v 11.94999981 47.84999847 5.50000000
v 11.94764519 47.92521286 5.50000000
v 11.92886353 48.07435226 5.50000000
v 11.94058895 48.00010681 5.50000000
v 12.39999962 47.75000000 5.50000000
v 11.27095222 48.91246033 5.00000000
v 11.33651733 48.88140488 5.00000000
v 11.39999962 48.84592819 5.00000000
v 11.46112728 48.80619049 5.00000000
v 11.51963711 48.76235580 5.00000000
v 11.62781715 48.66317368 5.00000000
v 11.67702389 48.60824585 5.00000000
v 11.57528019 48.71461487 5.00000000
v 11.72268867 48.55007553 5.00000000
v 11.76461697 48.48890686 5.00000000
v 11.83656025 48.35863113 5.00000000
v 11.86626720 48.29008484 5.00000000
v 11.80262756 48.42499924 5.00000000
v 11.89162350 48.21965408 5.00000000
v 11.91251850 48.14764023 5.00000000
v 12.39999962 48.25000000 5.00000000
v 11.27095222 48.91246033 5.50000000
v 11.33651733 48.88140488 5.50000000
v 11.39999962 48.84592819 5.50000000
v 11.46112728 48.80619049 5.50000000
v 11.51963711 48.76235580 5.50000000
v 11.62781715 48.66317368 5.50000000
v 11.67702389 48.60824585 5.50000000
v 11.57528019 48.71461487 5.50000000
v 11.72268867 48.55007553 5.50000000
v 11.76461697 48.48890686 5.50000000
v 11.83656025 48.35863113 5.50000000
v 11.86626720 48.29008484 5.50000000
v 11.80262756 48.42499924 5.50000000
v 11.89162350 48.21965408 5.50000000
v 11.91251850 48.14764023 5.50000000
v 12.39999962 48.25000000 5.50000000
v 13.38705540 40.02500153 4.59999990
v 13.38705540 40.37500000 4.59999990
v 13.88705540 40.02500153 4.59999990
v 13.88705540 40.37500000 4.59999990
v 12.51997471 38.76917648 5.00000000
v 12.55201817 38.84926224 5.00000000
v 12.57741547 38.92956161 5.00000000
v 12.59605694 39.00973511 5.00000000
v 12.60786533 39.08944321 5.00000000
v 12.61278725 39.16833496 5.00000000
v 12.61080360 39.24607849 5.00000000
v 12.60192299 39.32234192 5.00000000
v 13.38705540 38.90000153 5.00000000
v 12.51997471 38.76917648 5.50000000
v 12.55201817 38.84926224 5.50000000
v 12.57741547 38.92956161 5.50000000
v 12.59605694 39.00973511 5.50000000
v 12.60786533 39.08944321 5.50000000
v 12.61278725 39.16833496 5.50000000
v 12.61080360 39.24607849 5.50000000
v 12.60192299 39.32234192 5.50000000
v 13.38705540 38.90000153 5.50000000
v 12.53441906 39.53900909 5.00000000
v 12.56364822 39.46912003 5.00000000
v 12.58618164 39.39679337 5.00000000
v 13.38705540 40.02500153 5.00000000
v 13.38705540 40.37500000 5.00000000
v 13.38705540 42.54999924 5.00000000
v 13.38705540 43.04999924 5.00000000
v 12.53441906 39.53900909 5.50000000
v 12.56364822 39.46912003 5.50000000
v 12.58618164 39.39679337 5.50000000
v 13.38705540 42.54999924 5.50000000
v 13.38705540 43.04999924 5.50000000
v 13.88705540 38.90000153 5.00000000
v 13.88705540 38.90000153 5.50000000
v 13.88705540 40.02500153 5.00000000
v 13.88705540 40.37500000 5.00000000
v 13.88705540 42.54999924 5.00000000
v 13.88705540 43.04999924 5.00000000
v 13.88705540 42.54999924 5.50000000
v 13.88705540 43.04999924 5.50000000
v 13.38705540 45.15000153 5.00000000
v 13.38705540 45.65000153 5.00000000
v 13.38705540 47.75000000 5.00000000
v 13.38705540 45.15000153 5.50000000
v 13.38705540 45.65000153 5.50000000
v 13.38705540 47.75000000 5.50000000
v 13.54122066 48.25000000 5.00000000
v 13.56347179 48.28896713 5.00000000
v 13.61451912 48.36635590 5.00000000
v 13.67149925 48.44216919 5.00000000
v 13.73416710 48.51609421 5.00000000
v 13.54122066 48.25000000 5.50000000
v 13.56347179 48.28896713 5.50000000
v 13.61451912 48.36635590 5.50000000
v 13.67149925 48.44216919 5.50000000
v 13.73416710 48.51609421 5.50000000
v 13.88705540 45.15000153 5.00000000
v 13.88705540 45.65000153 5.00000000
v 13.88705540 46.94027328 5.00000000
v 13.91972256 46.92276382 5.00000000
v 14.00037193 46.88662338 5.00000000
v 14.08530140 46.85525513 5.00000000
v 14.17414761 46.82878494 5.00000000
v 14.26653099 46.80733490 5.00000000
v 14.36205482 46.79098892 5.00000000
v 14.46030998 46.77981949 5.00000000
v 14.56087685 46.77387619 5.00000000
v 14.66332436 46.77318192 5.00000000
v 14.76721287 46.77774048 5.00000000
v 14.87209797 46.78753662 5.00000000
v 14.97753143 46.80252075 5.00000000
v 13.88705540 45.15000153 5.50000000
v 13.88705540 45.65000153 5.50000000
v 13.88705540 46.94027328 5.50000000
v 13.91972256 46.92276382 5.50000000
v 14.00037193 46.88662338 5.50000000
v 14.08530140 46.85525513 5.50000000
v 14.17414761 46.82878494 5.50000000
v 14.26653099 46.80733490 5.50000000
v 14.36205482 46.79098892 5.50000000
v 14.46030998 46.77981949 5.50000000
v 14.56087685 46.77387619 5.50000000
v 14.66332436 46.77318192 5.50000000
v 14.76721287 46.77774048 5.50000000
v 14.87209797 46.78753662 5.50000000
v 14.97753143 46.80252075 5.50000000
v 13.80225658 48.58780670 5.00000000
v 13.87547493 48.65700150 5.00000000
v 13.95350742 48.72338486 5.00000000
v 14.03602219 48.78667068 5.00000000
v 14.12266541 48.84658813 5.00000000
v 14.21306419 48.90287781 5.00000000
v 14.30683327 48.95530319 5.00000000
v 14.40357113 49.00363922 5.00000000
v 14.50286198 49.04767609 5.00000000
v 14.60428238 49.08722305 5.00000000
v 14.70739746 49.12211990 5.00000000
v 14.81176567 49.15220642 5.00000000
v 14.91693878 49.17736435 5.00000000
v 13.80225658 48.58780670 5.50000000
v 13.87547493 48.65700150 5.50000000
v 13.95350742 48.72338486 5.50000000
v 14.03602219 48.78667068 5.50000000
v 14.12266541 48.84658813 5.50000000
v 14.21306419 48.90287781 5.50000000
v 14.30683327 48.95530319 5.50000000
v 14.40357113 49.00363922 5.50000000
v 14.50286198 49.04767609 5.50000000
v 14.60428238 49.08722305 5.50000000
v 14.70739746 49.12211990 5.50000000
v 14.81176567 49.15220642 5.50000000
v 14.91693878 49.17736435 5.50000000
v 11.08749962 60.34999847 4.59999990
v 11.78750038 56.50000000 4.59999990
v 11.78750038 57.79999924 4.59999990
v 11.08749962 60.34999847 5.00000000
v 11.78750038 56.50000000 5.00000000
v 11.78750038 57.79999924 5.00000000
v 11.08749962 61.65000153 4.59999990
v 11.78750038 64.19999695 4.59999990
v 11.78750038 65.50000000 4.59999990
v 11.08749962 61.65000153 5.00000000
v 11.78750038 64.19999695 5.00000000
v 11.78750038 65.50000000 5.00000000
v 12.58749962 57.75000000 4.59999990
v 12.58749962 58.59047318 4.59999990
v 12.58749962 59.78452682 4.59999990
v 13.29062462 57.75000000 4.59999990
v 13.29062462 57.86922073 4.59999990
v 13.31130981 57.85942459 4.59999990
v 13.39552116 57.82628632 4.59999990
v 13.29288483 58.44652557 4.59999990
v 13.29062462 58.44764328 4.59999990
v 13.33403301 58.42959976 4.59999990
v 13.37610626 58.41564941 4.59999990
v 13.41892338 58.40473557 4.59999990
v 13.48162365 57.79898071 4.59999990
v 13.56925106 57.77762222 4.59999990
v 13.65802670 57.76229858 4.59999990
v 13.74757099 57.75307846 4.59999990
v 13.46230316 58.39690781 4.59999990
v 13.50605774 58.39219666 4.59999990
v 13.55000019 58.39062500 4.59999990
v 13.59394264 58.39219666 4.59999990
v 13.63769722 58.39690781 4.59999990
v 13.68107605 58.40473557 4.59999990
v 13.72389412 58.41564941 4.59999990
v 13.29288483 59.80347443 4.59999990
v 13.29062462 59.80235672 4.59999990
v 13.33403301 59.82040024 4.59999990
v 13.37610626 59.83435059 4.59999990
v 13.41892338 59.84526443 4.59999990
v 13.29062462 60.50577927 4.59999990
v 13.31130981 60.51557541 4.59999990
v 13.39552116 60.54871368 4.59999990
v 13.46230316 59.85309219 4.59999990
v 13.50605774 59.85780334 4.59999990
v 13.55000019 59.85937500 4.59999990
v 13.59394264 59.85780334 4.59999990
v 13.63769722 59.85309219 4.59999990
v 13.68107605 59.84526443 4.59999990
v 13.72389412 59.83435059 4.59999990
v 13.48162365 60.57601929 4.59999990
v 13.56925106 60.59737778 4.59999990
v 13.65802670 60.61270142 4.59999990
v 13.74757099 60.62192154 4.59999990
v 13.83749962 57.75000000 4.59999990
v 13.92742920 57.75307846 4.59999990
v 14.01697350 57.76229858 4.59999990
v 13.76596737 58.42959976 4.59999990
v 13.80711555 58.44652557 4.59999990
v 13.84716225 58.46635818 4.59999990
v 13.88593769 58.48901367 4.59999990
v 13.92327404 58.51438904 4.59999990
v 13.95901203 58.54238129 4.59999990
v 13.99299812 58.57286835 4.59999990
v 14.02508736 58.60571671 4.59999990
v 14.05514240 58.64079285 4.59999990
v 14.10574913 57.77762222 4.59999990
v 14.19337654 57.79898071 4.59999990
v 14.27947903 57.82628632 4.59999990
v 14.36368942 57.85942459 4.59999990
v 14.08303452 58.67794037 4.59999990
v 14.10864353 58.71700287 4.59999990
v 14.13186073 58.75781250 4.59999990
v 14.15258598 58.80019379 4.59999990
v 14.17073154 58.84396744 4.59999990
v 14.18621826 58.88894272 4.59999990
v 14.19898129 58.93492889 4.59999990
v 14.20896530 58.98173141 4.59999990
v 14.21612740 59.02914429 4.59999990
v 13.76596737 59.82040024 4.59999990
v 13.80711555 59.80347443 4.59999990
v 13.84716225 59.78364182 4.59999990
v 13.88593769 59.76098633 4.59999990
v 14.05514240 59.60920715 4.59999990
v 13.92327404 59.73561096 4.59999990
v 13.95901203 59.70761871 4.59999990
v 13.99299812 59.67713165 4.59999990
v 14.02508736 59.64428329 4.59999990
v 13.83749962 60.62500000 4.59999990
v 13.92742920 60.62192154 4.59999990
v 14.01697350 60.61270142 4.59999990
v 14.08303452 59.57205963 4.59999990
v 14.10864353 59.53299713 4.59999990
v 14.13186073 59.49218750 4.59999990
v 14.19898129 59.31507111 4.59999990
v 14.21612740 59.22085571 4.59999990
v 14.20896530 59.26826859 4.59999990
v 14.15258598 59.44980621 4.59999990
v 14.17073154 59.40603256 4.59999990
v 14.18621826 59.36105728 4.59999990
v 14.22043610 59.07696915 4.59999990
v 14.22187519 59.12500000 4.59999990
v 14.22043610 59.17303085 4.59999990
v 14.10574913 60.59737778 4.59999990
v 14.19337654 60.57601929 4.59999990
v 14.27947903 60.54871368 4.59999990
v 14.36368942 60.51557541 4.59999990
v 14.44564724 57.89824677 4.59999990
v 14.52499962 57.94258881 4.59999990
v 14.60140896 57.99226379 4.59999990
v 14.67454720 58.04705429 4.59999990
v 14.74410057 58.10673141 4.59999990
v 14.80977154 58.17103577 4.59999990
v 14.87127972 58.23968887 4.59999990
v 14.92836094 58.31240463 4.59999990
v 14.98077106 58.38886642 4.59999990
v 14.44564724 60.47675323 4.59999990
v 14.52499962 60.43241119 4.59999990
v 14.60140896 60.38273621 4.59999990
v 14.67454720 60.32794571 4.59999990
v 14.87127972 60.13531113 4.59999990
v 14.92836094 60.06259537 4.59999990
v 14.98077106 59.98613358 4.59999990
v 14.74410057 60.26826859 4.59999990
v 14.80977154 60.20396423 4.59999990
v 12.58749962 57.75000000 5.00000000
v 13.29062462 57.75000000 5.00000000
v 13.29062462 57.86922073 5.00000000
v 13.31130981 57.85942459 5.00000000
v 13.39552116 57.82628632 5.00000000
v 13.29288483 58.44652557 5.00000000
v 13.29062462 58.44764328 5.00000000
v 13.33403301 58.42959976 5.00000000
v 13.37610626 58.41564941 5.00000000
v 13.41892338 58.40473557 5.00000000
v 13.48162365 57.79898071 5.00000000
v 13.56925106 57.77762222 5.00000000
v 13.65802670 57.76229858 5.00000000
v 13.74757099 57.75307846 5.00000000
v 13.46230316 58.39690781 5.00000000
v 13.50605774 58.39219666 5.00000000
v 13.55000019 58.39062500 5.00000000
v 13.59394264 58.39219666 5.00000000
v 13.63769722 58.39690781 5.00000000
v 13.68107605 58.40473557 5.00000000
v 13.72389412 58.41564941 5.00000000
v 13.29062462 59.80235672 5.00000000
v 13.29288483 59.80347443 5.00000000
v 13.33403301 59.82040024 5.00000000
v 13.37610626 59.83435059 5.00000000
v 13.41892338 59.84526443 5.00000000
v 13.29062462 60.50577927 5.00000000
v 13.31130981 60.51557541 5.00000000
v 13.39552116 60.54871368 5.00000000
v 13.46230316 59.85309219 5.00000000
v 13.50605774 59.85780334 5.00000000
v 13.55000019 59.85937500 5.00000000
v 13.59394264 59.85780334 5.00000000
v 13.63769722 59.85309219 5.00000000
v 13.68107605 59.84526443 5.00000000
v 13.72389412 59.83435059 5.00000000
v 13.48162365 60.57601929 5.00000000
v 13.56925106 60.59737778 5.00000000
v 13.65802670 60.61270142 5.00000000
v 13.74757099 60.62192154 5.00000000
v 13.83749962 57.75000000 5.00000000
v 13.92742920 57.75307846 5.00000000
v 14.01697350 57.76229858 5.00000000
v 13.76596737 58.42959976 5.00000000
v 13.80711555 58.44652557 5.00000000
v 13.84716225 58.46635818 5.00000000
v 13.88593769 58.48901367 5.00000000
v 13.92327404 58.51438904 5.00000000
v 13.95901203 58.54238129 5.00000000
v 13.99299812 58.57286835 5.00000000
v 14.02508736 58.60571671 5.00000000
v 14.05514240 58.64079285 5.00000000
v 14.10574913 57.77762222 5.00000000
v 14.19337654 57.79898071 5.00000000
v 14.27947903 57.82628632 5.00000000
v 14.36368942 57.85942459 5.00000000
v 14.08303452 58.67794037 5.00000000
v 14.10864353 58.71700287 5.00000000
v 14.13186073 58.75781250 5.00000000
v 14.15258598 58.80019379 5.00000000
v 14.17073154 58.84396744 5.00000000
v 14.18621826 58.88894272 5.00000000
v 14.19898129 58.93492889 5.00000000
v 14.20896530 58.98173141 5.00000000
v 14.21612740 59.02914429 5.00000000
v 13.76596737 59.82040024 5.00000000
v 13.80711555 59.80347443 5.00000000
v 13.84716225 59.78364182 5.00000000
v 13.88593769 59.76098633 5.00000000
v 14.05514240 59.60920715 5.00000000
v 13.92327404 59.73561096 5.00000000
v 13.95901203 59.70761871 5.00000000
v 13.99299812 59.67713165 5.00000000
v 14.02508736 59.64428329 5.00000000
v 13.83749962 60.62500000 5.00000000
v 13.92742920 60.62192154 5.00000000
v 14.01697350 60.61270142 5.00000000
v 14.08303452 59.57205963 5.00000000
v 14.10864353 59.53299713 5.00000000
v 14.13186073 59.49218750 5.00000000
v 14.19898129 59.31507111 5.00000000
v 14.21612740 59.22085571 5.00000000
v 14.20896530 59.26826859 5.00000000
v 14.15258598 59.44980621 5.00000000
v 14.17073154 59.40603256 5.00000000
v 14.18621826 59.36105728 5.00000000
v 14.22043610 59.07696915 5.00000000
v 14.22187519 59.12500000 5.00000000
v 14.22043610 59.17303085 5.00000000
v 14.10574913 60.59737778 5.00000000
v 14.19337654 60.57601929 5.00000000
v 14.27947903 60.54871368 5.00000000
v 14.36368942 60.51557541 5.00000000
v 14.44564724 57.89824677 5.00000000
v 14.52499962 57.94258881 5.00000000
v 14.60140896 57.99226379 5.00000000
v 14.67454720 58.04705429 5.00000000
v 14.74410057 58.10673141 5.00000000
v 14.80977154 58.17103577 5.00000000
v 14.87127972 58.23968887 5.00000000
v 14.92836094 58.31240463 5.00000000
v 14.98077106 58.38886642 5.00000000
v 14.44564724 60.47675323 5.00000000
v 14.52499962 60.43241119 5.00000000
v 14.60140896 60.38273621 5.00000000
v 14.67454720 60.32794571 5.00000000
v 14.87127972 60.13531113 5.00000000
v 14.92836094 60.06259537 5.00000000
v 14.98077106 59.98613358 5.00000000
v 14.74410057 60.26826859 5.00000000
v 14.80977154 60.20396423 5.00000000
v 12.58749962 64.25000000 4.59999990
v 13.29062462 64.25000000 4.59999990
v 12.58749962 64.25000000 5.00000000
v 13.29062462 64.25000000 5.00000000
v 15.08306122 46.82263565 5.00000000
v 15.18823433 46.84779358 5.00000000
v 15.29260254 46.87788010 5.00000000
v 15.39571762 46.91277695 5.00000000
v 15.49713802 46.95232391 5.00000000
v 15.59642887 46.99636078 5.00000000
v 15.69316673 47.04469681 5.00000000
v 15.78693581 47.09712219 5.00000000
v 15.87733459 47.15341187 5.00000000
v 15.96397781 47.21332932 5.00000000
v 16.04649162 47.27661514 5.00000000
v 16.12452507 47.34299850 5.00000000
v 16.19774437 47.41219330 5.00000000
v 15.08306122 46.82263565 5.50000000
v 15.18823433 46.84779358 5.50000000
v 15.29260254 46.87788010 5.50000000
v 15.39571762 46.91277695 5.50000000
v 15.49713802 46.95232391 5.50000000
v 15.59642887 46.99636078 5.50000000
v 15.69316673 47.04469681 5.50000000
v 15.78693581 47.09712219 5.50000000
v 15.87733459 47.15341187 5.50000000
v 15.96397781 47.21332932 5.50000000
v 16.04649162 47.27661514 5.50000000
v 16.12452507 47.34299850 5.50000000
v 16.19774437 47.41219330 5.50000000
v 15.02246857 49.19747925 5.00000000
v 15.12790203 49.21246338 5.00000000
v 15.23278713 49.22225952 5.00000000
v 15.33667564 49.22681808 5.00000000
v 15.43912315 49.22612381 5.00000000
v 15.53969002 49.22018051 5.00000000
v 15.63794518 49.20901108 5.00000000
v 15.73346901 49.19266510 5.00000000
v 15.82585239 49.17121506 5.00000000
v 15.91469860 49.14474487 5.00000000
v 15.99962807 49.11337662 5.00000000
v 16.08027840 49.07723618 5.00000000
v 16.15630150 49.03648758 5.00000000
v 16.22737312 48.99129486 5.00000000
v 15.02246857 49.19747925 5.50000000
v 15.12790203 49.21246338 5.50000000
v 15.23278713 49.22225952 5.50000000
v 15.33667564 49.22681808 5.50000000
v 15.43912315 49.22612381 5.50000000
v 15.53969002 49.22018051 5.50000000
v 15.63794518 49.20901108 5.50000000
v 15.73346901 49.19266510 5.50000000
v 15.82585239 49.17121506 5.50000000
v 15.91469860 49.14474487 5.50000000
v 15.99962807 49.11337662 5.50000000
v 16.08027840 49.07723618 5.50000000
v 16.15630150 49.03648758 5.50000000
v 16.22737312 48.99129486 5.50000000
v 16.26583290 47.48390579 5.00000000
v 16.32850075 47.55783081 5.00000000
v 16.38548088 47.63364410 5.00000000
v 16.43652725 47.71103287 5.00000000
v 16.45878029 47.75000000 5.00000000
v 16.26583290 47.48390579 5.50000000
v 16.32850075 47.55783081 5.50000000
v 16.38548088 47.63364410 5.50000000
v 16.43652725 47.71103287 5.50000000
v 16.45878029 47.75000000 5.50000000
v 16.29318810 48.94186401 5.00000000
v 16.35346603 48.88839340 5.00000000
v 16.53442001 48.63901138 5.00000000
v 16.40794945 48.83112335 5.00000000
v 16.45640373 48.77029419 5.00000000
v 16.49861908 48.70616531 5.00000000
v 16.61164284 48.25000000 5.00000000
v 16.61278725 48.26833344 5.00000000
v 16.61080360 48.34608078 5.00000000
v 16.58618164 48.49679565 5.00000000
v 16.56364822 48.56912231 5.00000000
v 16.60192299 48.42234039 5.00000000
v 16.29318810 48.94186401 5.50000000
v 16.35346603 48.88839340 5.50000000
v 16.53442001 48.63901138 5.50000000
v 16.40794945 48.83112335 5.50000000
v 16.45640373 48.77029419 5.50000000
v 16.49861908 48.70616531 5.50000000
v 16.61164284 48.25000000 5.50000000
v 16.61278725 48.26833344 5.50000000
v 16.61080360 48.34608078 5.50000000
v 16.58618164 48.49679565 5.50000000
v 16.56364822 48.56912231 5.50000000
v 16.60192299 48.42234039 5.50000000
v 19.79999924 35.17499924 4.59999990
v 19.79999924 37.42499924 4.59999990
v 19.79999924 37.77500153 4.59999990
v 19.79999924 40.02500153 4.59999990
v 19.79999924 40.37500000 4.59999990
v 17.60000038 42.54999924 5.00000000
v 17.60000038 43.04999924 5.00000000
v 17.60000038 42.54999924 5.50000000
v 17.60000038 43.04999924 5.50000000
v 19.39999962 35.17499924 5.00000000
v 19.39999962 37.42499924 5.00000000
v 19.39999962 37.77500153 5.00000000
v 19.39999962 40.02500153 5.00000000
v 19.39999962 40.37500000 5.00000000
v 17.60000038 45.15000153 5.00000000
v 17.60000038 45.65000153 5.00000000
v 17.60000038 47.75000000 5.00000000
v 17.60000038 45.15000153 5.50000000
v 17.60000038 45.65000153 5.50000000
v 17.60000038 47.75000000 5.50000000
v 17.60000038 48.25000000 5.00000000
v 17.60000038 48.25000000 5.50000000
v 15.02828503 58.46875000 4.59999990
v 15.07069969 58.55170822 4.59999990
v 15.10783482 58.63739395 4.59999990
v 15.13952923 58.72542953 4.59999990
v 15.16564846 58.81544876 4.59999990
v 15.18607998 58.90705872 4.59999990
v 15.20073700 58.99987030 4.59999990
v 15.07069969 59.82329178 4.59999990
v 15.02828503 59.90625000 4.59999990
v 15.10783482 59.73760605 4.59999990
v 15.13952923 59.64957047 4.59999990
v 15.20955563 59.09348297 4.59999990
v 15.21249962 59.18750000 4.59999990
v 15.20955563 59.28151703 4.59999990
v 15.18607998 59.46794128 4.59999990
v 15.16564846 59.55955124 4.59999990
v 15.20073700 59.37512970 4.59999990
v 15.02828503 58.46875000 5.00000000
v 15.07069969 58.55170822 5.00000000
v 15.10783482 58.63739395 5.00000000
v 15.13952923 58.72542953 5.00000000
v 15.16564846 58.81544876 5.00000000
v 15.18607998 58.90705872 5.00000000
v 15.20073700 58.99987030 5.00000000
v 15.07069969 59.82329178 5.00000000
v 15.02828503 59.90625000 5.00000000
v 15.10783482 59.73760605 5.00000000
v 15.13952923 59.64957047 5.00000000
v 15.20955563 59.09348297 5.00000000
v 15.21249962 59.18750000 5.00000000
v 15.20955563 59.28151703 5.00000000
v 15.18607998 59.46794128 5.00000000
v 15.16564846 59.55955124 5.00000000
v 15.20073700 59.37512970 5.00000000
v 19.39999962 70.00000000 4.40000010
v 20.00000000 69.40000153 4.40000010
v 19.39999962 69.40000153 5.00000000
f 1 3 2
f 2 3 5
f 1 2 517
f 2 4 518
f 1 897 3
f 1 517 896
f 2 5 4
f 4 5 6
f 4 6 7
f 6 20 7
f 7 13 8
f 7 20 12
f 4 7 530
f 8 21 9
f 10 23 11
f 9 17 10
f 9 22 16
f 7 12 13
f 8 13 27
f 9 16 17
f 10 17 68
f 8 27 21
f 21 22 9
f 11 23 24
f 10 68 23
f 21 67 22
f 23 69 24
f 20 26 12
f 20 25 26
f 28 32 29
f 31 30 33
f 28 35 32
f 31 33 34
f 31 34 37
f 31 37 38
f 31 38 101
f 31 101 102
f 31 102 104
f 40 42 41
f 40 43 42
f 40 44 43
f 40 45 44
f 40 46 45
f 40 111 46
f 40 112 111
f 40 113 112
f 22 67 16
f 21 27 67
f 23 68 69
f 71 74 70
f 72 74 71
f 73 74 72
f 250 74 73
f 14 84 15
f 14 85 84
f 14 91 83
f 14 89 92
f 14 92 91
f 14 86 87
f 14 87 90
f 14 90 88
f 14 88 89
f 85 14 83
f 14 39 86
f 156 15 84
f 11 24 439
f 95 311 96
f 96 312 97
f 97 313 94
f 94 313 98
f 98 315 99
f 93 99 315
f 311 312 96
f 97 312 313
f 314 98 313
f 98 314 315
f 93 315 316
f 95 291 311
f 93 316 328
f 18 438 19
f 18 74 437
f 15 156 40
f 39 158 86
f 31 104 106
f 31 106 107
f 31 107 109
f 31 109 110
f 31 110 119
f 39 31 129
f 31 119 120
f 31 120 122
f 31 122 123
f 31 123 126
f 31 126 127
f 31 127 128
f 31 128 129
f 40 114 113
f 40 115 114
f 40 116 115
f 40 117 116
f 40 131 117
f 40 139 138
f 40 132 131
f 40 133 132
f 40 134 133
f 40 136 134
f 40 137 136
f 40 138 137
f 39 129 130
f 39 130 143
f 39 143 144
f 39 144 145
f 39 145 146
f 39 146 147
f 39 147 148
f 39 148 149
f 39 149 150
f 40 135 139
f 40 154 135
f 40 155 154
f 40 156 155
f 39 157 159
f 39 151 157
f 39 150 151
f 39 159 158
f 251 74 250
f 252 74 251
f 253 74 252
f 254 74 253
f 255 74 254
f 256 74 255
f 257 74 256
f 24 69 495
f 277 319 278
f 166 345 262
f 171 339 169
f 169 340 168
f 168 344 167
f 167 345 166
f 284 93 328
f 291 326 311
f 278 319 279
f 279 318 280
f 280 321 281
f 281 320 282
f 282 317 283
f 291 290 325
f 283 325 290
f 284 328 285
f 328 289 285
f 288 330 287
f 287 331 286
f 286 337 170
f 289 330 288
f 170 338 171
f 321 280 318
f 320 281 321
f 282 320 317
f 283 317 325
f 277 323 319
f 318 279 319
f 291 325 327
f 291 327 326
f 328 329 289
f 289 329 330
f 331 287 330
f 19 494 75
f 74 257 345
f 258 345 257
f 259 345 258
f 260 345 259
f 261 345 260
f 262 345 261
f 75 494 76
f 495 69 76
f 74 345 377
f 74 377 378
f 74 378 407
f 3 899 5
f 5 899 6
f 6 901 20
f 20 901 25
f 11 439 765
f 18 437 438
f 19 438 494
f 337 286 331
f 338 170 337
f 339 171 338
f 340 169 339
f 344 168 340
f 167 344 345
f 74 407 408
f 74 408 409
f 74 409 410
f 74 410 411
f 74 411 412
f 74 412 413
f 74 413 414
f 74 414 415
f 74 415 416
f 74 416 417
f 24 495 439
f 74 493 437
f 74 417 418
f 74 418 485
f 74 485 486
f 74 486 493
f 494 495 76
f 901 28 25
f 901 35 28
f 901 36 35
f 901 100 36
f 901 103 100
f 901 105 103
f 901 108 105
f 901 118 108
f 901 121 118
f 901 124 121
f 901 125 124
f 901 140 125
f 901 141 140
f 901 142 141
f 901 152 142
f 901 153 152
f 901 160 153
f 901 161 160
f 901 162 161
f 901 163 162
f 901 164 163
f 901 165 164
f 901 276 165
f 901 277 276
f 901 323 277
f 435 444 436
f 444 435 443
f 436 444 507
f 440 448 441
f 440 447 448
f 440 496 447
f 441 448 512
f 451 771 442
f 442 498 451
f 493 486 487
f 493 487 488
f 493 488 489
f 493 489 490
f 493 490 491
f 493 491 492
f 436 507 467
f 441 512 497
f 496 511 447
f 467 511 496
f 467 507 511
f 498 515 451
f 515 498 497
f 512 515 497
f 2 518 517
f 517 518 519
f 518 531 519
f 517 519 913
f 519 531 913
f 4 530 518
f 520 525 521
f 522 527 523
f 7 8 530
f 521 542 522
f 523 544 524
f 523 528 543
f 521 525 526
f 527 528 523
f 522 566 527
f 527 570 528
f 524 571 529
f 8 9 530
f 9 10 530
f 10 11 530
f 11 520 530
f 520 521 530
f 521 522 530
f 522 523 530
f 523 524 530
f 524 529 530
f 529 572 532
f 11 765 520
f 521 526 766
f 521 541 542
f 521 545 541
f 522 542 566
f 521 552 545
f 521 553 552
f 521 554 553
f 523 543 544
f 524 544 571
f 520 777 525
f 525 787 526
f 527 566 570
f 528 570 543
f 529 571 572
f 532 572 727
f 518 530 531
f 529 532 530
f 530 532 531
f 533 534 540
f 534 535 540
f 532 839 536
f 533 540 536
f 535 537 540
f 537 538 540
f 538 539 540
f 532 536 540
f 520 765 777
f 521 766 554
f 545 546 547
f 545 548 546
f 548 545 549
f 549 545 550
f 550 545 551
f 551 545 552
f 766 555 554
f 766 556 555
f 766 557 556
f 766 558 557
f 767 559 558
f 525 777 787
f 526 787 766
f 576 574 575
f 577 574 576
f 578 574 577
f 580 574 578
f 579 574 580
f 585 574 579
f 586 574 585
f 587 574 586
f 588 574 587
f 574 582 581
f 582 574 605
f 582 605 583
f 583 594 584
f 574 588 589
f 574 589 590
f 574 590 591
f 574 591 592
f 574 592 595
f 574 595 596
f 574 596 597
f 574 597 598
f 574 598 599
f 574 599 600
f 574 600 601
f 574 601 602
f 574 602 607
f 584 593 711
f 711 593 724
f 583 603 594
f 584 594 593
f 574 611 610
f 574 614 611
f 574 612 614
f 605 574 606
f 574 609 606
f 583 604 603
f 583 605 604
f 574 610 609
f 574 607 608
f 574 608 617
f 574 617 618
f 574 618 619
f 574 619 620
f 574 620 621
f 574 624 625
f 574 622 624
f 574 621 622
f 574 626 623
f 574 625 626
f 574 628 627
f 574 613 612
f 574 627 613
f 574 629 628
f 574 631 629
f 574 630 631
f 574 623 630
f 709 707 708
f 709 708 712
f 709 712 715
f 709 715 718
f 709 718 719
f 709 719 722
f 711 724 713
f 713 723 714
f 714 721 716
f 716 721 717
f 713 724 723
f 714 723 721
f 717 721 720
f 709 722 725
f 709 725 726
f 709 726 728
f 709 728 729
f 709 729 730
f 839 710 565
f 839 727 710
f 532 727 839
f 767 560 559
f 767 561 560
f 767 562 561
f 767 563 562
f 766 767 558
f 788 563 767
f 564 928 565
f 564 709 928
f 442 771 768
f 846 768 771
f 769 774 770
f 773 774 769
f 769 805 773
f 849 770 774
f 775 915 776
f 944 776 915
f 928 929 565
f 565 929 930
f 565 930 931
f 565 931 932
f 565 932 933
f 565 933 935
f 839 565 1316
f 788 615 563
f 788 616 615
f 788 778 616
f 788 779 778
f 788 780 779
f 788 781 780
f 788 782 781
f 788 783 782
f 783 789 784
f 784 789 786
f 786 789 790
f 790 789 791
f 788 789 783
f 807 791 789
f 791 850 792
f 792 850 793
f 793 850 794
f 794 850 795
f 797 850 796
f 795 850 797
f 796 850 802
f 802 850 800
f 801 851 803
f 800 850 801
f 785 856 838
f 803 854 799
f 799 855 798
f 798 855 785
f 807 850 791
f 709 730 959
f 731 959 730
f 732 959 731
f 733 959 732
f 734 959 733
f 833 875 834
f 735 959 734
f 834 958 736
f 736 959 735
f 837 872 836
f 838 857 837
f 836 873 835
f 835 874 833
f 768 846 804
f 804 848 805
f 846 848 804
f 849 806 770
f 773 805 848
f 849 807 806
f 851 801 850
f 852 803 851
f 803 852 853
f 803 853 854
f 799 854 855
f 856 785 855
f 857 838 856
f 849 850 807
f 776 944 859
f 859 861 860
f 859 943 861
f 859 944 943
f 709 965 928
f 709 959 960
f 709 960 961
f 872 837 857
f 709 961 962
f 836 872 873
f 835 873 874
f 833 874 875
f 834 875 958
f 736 958 959
f 709 962 963
f 709 963 964
f 709 964 966
f 709 966 965
f 536 839 883
f 839 1043 880
f 839 1046 1043
f 839 1047 1046
f 839 1048 1047
f 839 1049 1048
f 839 1058 1049
f 839 1059 1058
f 839 880 883
f 533 536 886
f 533 886 534
f 534 886 535
f 535 886 537
f 537 886 538
f 887 889 888
f 538 886 887
f 538 887 888
f 888 889 890
f 538 893 539
f 538 888 891
f 538 891 892
f 891 894 892
f 531 532 1813
f 892 894 895
f 532 540 1440
f 539 1440 540
f 536 1430 886
f 886 1431 887
f 888 1435 891
f 888 890 1429
f 886 1430 1431
f 887 1431 1434
f 888 1429 1435
f 887 1434 889
f 889 1434 890
f 536 883 1433
f 536 1433 1430
f 890 1432 1429
f 890 1434 1432
f 538 892 1437
f 538 1437 893
f 539 893 1440
f 892 895 1436
f 891 1435 1438
f 892 1436 1437
f 893 1437 1440
f 891 1438 894
f 894 1438 895
f 895 1438 1439
f 895 1439 1436
f 1 896 897
f 3 897 899
f 896 898 897
f 897 898 899
f 896 912 898
f 6 899 901
f 901 324 323
f 901 322 324
f 901 332 322
f 901 333 332
f 901 334 333
f 901 335 334
f 901 336 335
f 901 341 336
f 901 342 341
f 901 343 342
f 901 381 343
f 901 382 381
f 901 383 382
f 901 384 383
f 901 385 384
f 901 386 385
f 901 387 386
f 901 388 387
f 901 389 388
f 901 390 389
f 901 391 390
f 901 392 391
f 901 393 392
f 901 453 393
f 901 454 453
f 901 455 454
f 901 456 455
f 901 457 456
f 901 458 457
f 901 459 458
f 901 460 459
f 901 461 460
f 901 462 461
f 901 463 462
f 901 464 463
f 901 465 464
f 901 466 465
f 902 432 431
f 902 433 432
f 902 434 433
f 902 435 434
f 902 431 466
f 902 443 435
f 902 445 443
f 903 446 445
f 905 450 449
f 904 449 513
f 906 452 516
f 908 508 446
f 910 514 450
f 909 513 508
f 911 516 514
f 898 900 899
f 899 900 901
f 900 907 901
f 898 1814 900
f 901 907 466
f 902 903 445
f 903 908 446
f 904 905 449
f 905 910 450
f 906 1757 452
f 902 466 907
f 908 909 508
f 910 911 514
f 904 513 909
f 906 516 911
f 900 902 907
f 900 1814 902
f 903 904 909
f 905 906 911
f 903 909 908
f 905 911 910
f 517 912 896
f 517 913 912
f 898 912 914
f 898 914 1814
f 912 913 914
f 913 1814 914
f 775 916 915
f 775 917 916
f 775 918 917
f 775 919 918
f 775 920 919
f 775 921 920
f 565 935 1316
f 1316 935 936
f 1316 936 937
f 1316 938 939
f 1316 937 938
f 1316 939 940
f 1316 940 941
f 1316 941 942
f 942 1013 1315
f 839 1023 1024
f 839 1024 1239
f 839 1316 1341
f 839 1341 1342
f 839 1342 1023
f 1013 1014 1340
f 1340 1014 1015
f 839 1060 1059
f 839 1061 1060
f 839 1062 1061
f 839 1070 1062
f 839 1071 1070
f 1045 1141 1139
f 1043 1046 1044
f 1051 1045 1050
f 1052 1045 1051
f 1045 1142 1141
f 1045 1143 1142
f 1045 1144 1143
f 1045 1147 1144
f 1045 1148 1147
f 1161 1053 1054
f 1156 1045 1052
f 1045 1149 1148
f 1045 1150 1149
f 1045 1154 1150
f 1160 1052 1053
f 1045 1155 1154
f 1045 1156 1155
f 839 1239 1071
f 1055 1162 1054
f 1056 1163 1055
f 1057 1167 1056
f 1052 1160 1156
f 1053 1161 1160
f 1054 1162 1161
f 1055 1163 1162
f 1063 1084 1057
f 1064 1083 1063
f 1065 1082 1064
f 1066 1081 1065
f 1067 1080 1066
f 1068 1079 1067
f 1056 1167 1163
f 1057 1166 1167
f 1166 1057 1168
f 1168 1057 1169
f 1169 1057 1170
f 1170 1057 1173
f 1069 1078 1068
f 1074 1077 1069
f 1075 1076 1074
f 1078 1069 1077
f 1076 1077 1074
f 1081 1066 1080
f 1080 1067 1079
f 1079 1068 1078
f 1083 1064 1082
f 1082 1065 1081
f 1086 1057 1085
f 1085 1057 1084
f 1084 1063 1083
f 1225 1057 1224
f 1224 1057 1086
f 1228 1057 1226
f 1226 1057 1225
f 1174 1057 1175
f 1175 1057 1176
f 1087 1057 1089
f 1176 1057 1087
f 1173 1057 1174
f 1090 1057 1088
f 1230 1057 1229
f 1229 1057 1227
f 1227 1057 1228
f 1088 1057 1230
f 1089 1057 1090
f 1153 1140 1145
f 1153 1145 1146
f 1153 1146 1151
f 1153 1151 1152
f 1433 1153 1152
f 1071 1240 1072
f 1072 1240 1073
f 1073 1240 1219
f 1219 1240 1220
f 1220 1240 1221
f 1221 1240 1222
f 1222 1240 1223
f 1223 1240 1231
f 1231 1240 1232
f 1240 1071 1239
f 1232 1240 1233
f 1233 1240 1234
f 1234 1240 1235
f 1235 1240 1236
f 1236 1240 1237
f 1237 1250 1238
f 1238 1250 1241
f 1241 1250 1242
f 1242 1250 1243
f 1243 1250 1244
f 1244 1250 1245
f 1245 1250 1246
f 1249 1298 1248
f 1246 1298 1247
f 1247 1298 1249
f 1240 1250 1237
f 1298 1246 1250
f 1554 1152 1157
f 1554 1157 1158
f 1554 1158 1159
f 1554 1159 1164
f 1554 1164 1165
f 1555 1165 1171
f 1564 1171 1172
f 1293 1298 1295
f 1297 1298 1296
f 1296 1298 1294
f 1294 1298 1293
f 1248 1298 1297
f 1565 1172 1177
f 1567 1177 1178
f 1594 1178 1283
f 1594 1283 1284
f 1594 1284 1285
f 1594 1285 1286
f 1594 1286 1287
f 1594 1287 1290
f 1594 1288 1289
f 1594 1289 1291
f 1594 1290 1288
f 1594 1291 1292
f 1594 1292 1295
f 1757 772 452
f 1758 921 775
f 1758 922 921
f 1758 923 922
f 1758 775 858
f 942 1315 1316
f 1758 924 923
f 1758 925 924
f 1758 926 925
f 1758 927 926
f 1758 934 927
f 1766 847 772
f 1767 858 847
f 1322 1327 1323
f 1323 1327 1324
f 1325 1327 1326
f 1324 1327 1325
f 1326 1327 1339
f 1315 1013 1340
f 1340 1017 1018
f 1340 1015 1016
f 1340 1016 1017
f 1340 1018 1019
f 1340 1019 1020
f 1340 1020 1022
f 1340 1022 1021
f 1340 1021 1337
f 1340 1338 1339
f 1340 1337 1338
f 1340 1339 1327
f 1768 980 934
f 1768 981 980
f 1768 982 981
f 1768 983 982
f 1768 984 983
f 1768 985 984
f 1768 986 985
f 1768 987 986
f 1768 988 987
f 1768 989 988
f 1768 990 989
f 1768 991 990
f 1768 992 991
f 1768 993 992
f 1768 994 993
f 1768 995 994
f 1768 996 995
f 1768 1319 996
f 1768 1320 1319
f 1768 1321 1320
f 1768 1322 1321
f 1357 1239 1024
f 1343 1357 1024
f 1359 1250 1240
f 1358 1359 1240
f 1594 1295 1298
f 1298 1363 1364
f 1298 1364 1365
f 1594 1298 1365
f 1594 1365 1366
f 1594 1366 1367
f 1374 1376 1375
f 1374 1378 1377
f 1374 1379 1378
f 1374 1377 1376
f 1374 1380 1379
f 1374 1381 1380
f 1374 1382 1381
f 1374 1383 1382
f 1594 1367 1403
f 1594 1403 1404
f 1594 1404 1405
f 1594 1405 1406
f 1594 1406 1407
f 1594 1407 1408
f 1594 1408 1409
f 1594 1409 1410
f 1594 1410 1411
f 1594 1411 1412
f 1594 1412 1413
f 1594 1413 1414
f 1594 1414 1415
f 1594 1415 1695
f 1594 1695 1696
f 1594 1696 1697
f 1594 1697 1698
f 1594 1698 1699
f 1594 1699 1700
f 531 1813 913
f 1429 1432 1435
f 1430 1433 1431
f 1433 883 1153
f 1432 1438 1435
f 1433 1152 1554
f 1554 1165 1555
f 1433 1434 1431
f 1432 1434 1667
f 1433 1554 1434
f 1434 1554 1667
f 1436 1439 1437
f 532 1440 1815
f 1432 1667 1438
f 1438 1667 1439
f 1437 1439 1440
f 1441 1444 1445
f 1441 1465 1442
f 1441 1448 1449
f 1441 1450 1448
f 1441 1451 1450
f 1441 1449 1465
f 1441 1554 1444
f 1442 1465 1443
f 1443 1465 1469
f 1441 1442 1667
f 1442 1443 1667
f 1445 1446 1447
f 1445 1447 1454
f 1441 1452 1451
f 1441 1457 1452
f 1441 1458 1457
f 1441 1445 1488
f 1441 1459 1458
f 1441 1460 1459
f 1441 1461 1460
f 1441 1462 1461
f 1441 1463 1462
f 1441 1486 1463
f 1441 1487 1486
f 1441 1488 1487
f 1447 1453 1454
f 1445 1454 1484
f 1454 1455 1456
f 1454 1456 1484
f 1445 1489 1488
f 1445 1490 1489
f 1445 1491 1490
f 1445 1492 1491
f 1444 1555 1445
f 1445 1556 1446
f 1446 1558 1447
f 1447 1558 1453
f 1448 1559 1449
f 1448 1450 1561
f 1450 1451 1562
f 1451 1452 1563
f 1449 1560 1465
f 1453 1564 1454
f 1454 1565 1455
f 1455 1566 1456
f 1452 1457 1568
f 1457 1458 1569
f 1458 1459 1570
f 1459 1460 1571
f 1460 1461 1572
f 1461 1462 1573
f 1462 1463 1574
f 1464 1469 1465
f 1464 1466 1469
f 1466 1467 1469
f 1467 1468 1469
f 1468 1472 1469
f 1469 1472 1473
f 1469 1471 1470
f 1469 1473 1474
f 1469 1474 1475
f 1469 1475 1476
f 1469 1476 1477
f 1469 1477 1478
f 1469 1478 1508
f 1469 1482 1471
f 1471 1480 1479
f 1471 1482 1480
f 1480 1482 1481
f 1464 1465 1575
f 1464 1576 1466
f 1466 1577 1467
f 1467 1578 1468
f 1468 1579 1472
f 1469 1470 1581
f 1470 1471 1582
f 1472 1583 1473
f 1473 1584 1474
f 1474 1585 1475
f 1475 1586 1476
f 1476 1587 1477
f 1477 1588 1478
f 1478 1589 1508
f 1471 1479 1590
f 1479 1480 1591
f 1480 1481 1592
f 1481 1482 1593
f 1456 1483 1484
f 1445 1484 1538
f 1484 1485 1495
f 1484 1495 1497
f 1495 1496 1497
f 1484 1497 1538
f 1497 1498 1536
f 1445 1792 1492
f 1445 1538 1792
f 1456 1567 1483
f 1483 1594 1484
f 1484 1595 1485
f 1485 1596 1495
f 1463 1486 1597
f 1486 1487 1598
f 1487 1488 1599
f 1488 1489 1600
f 1489 1490 1601
f 1490 1491 1602
f 1491 1492 1603
f 1492 1493 1604
f 1493 1494 1605
f 1495 1606 1496
f 1496 1607 1497
f 1497 1608 1498
f 1494 1499 1610
f 1499 1500 1611
f 1500 1501 1612
f 1501 1502 1613
f 1502 1503 1614
f 1503 1504 1615
f 1504 1505 1616
f 1505 1506 1617
f 1506 1507 1618
f 1507 1529 1640
f 1469 1545 1482
f 1482 1518 1517
f 1482 1532 1518
f 1518 1532 1519
f 1469 1508 1792
f 1510 1511 1792
f 1511 1513 1792
f 1513 1514 1792
f 1508 1509 1792
f 1509 1510 1792
f 1469 1792 1545
f 1482 1545 1532
f 1532 1534 1533
f 1532 1545 1534
f 1534 1545 1535
f 1508 1619 1509
f 1509 1620 1510
f 1510 1621 1511
f 1511 1622 1513
f 1513 1624 1514
f 1514 1625 1515
f 1515 1626 1516
f 1512 1516 1627
f 1482 1517 1628
f 1517 1518 1629
f 1518 1519 1630
f 1512 1623 1520
f 1520 1631 1521
f 1521 1632 1522
f 1522 1633 1526
f 1524 1635 1531
f 1524 1525 1636
f 1523 1634 1525
f 1526 1637 1527
f 1527 1638 1528
f 1523 1528 1639
f 1529 1530 1641
f 1530 1531 1642
f 1519 1532 1643
f 1532 1533 1644
f 1533 1534 1645
f 1534 1535 1646
f 1497 1536 1538
f 1536 1537 1538
f 1492 1792 1493
f 1493 1792 1494
f 1494 1792 1499
f 1499 1792 1500
f 1500 1792 1501
f 1501 1792 1502
f 1502 1792 1503
f 1503 1792 1504
f 1538 1539 1540
f 1504 1792 1505
f 1538 1540 1542
f 1540 1541 1542
f 1538 1542 1780
f 1542 1543 1544
f 1542 1544 1780
f 1538 1780 1792
f 1498 1609 1536
f 1536 1647 1537
f 1537 1648 1538
f 1538 1649 1539
f 1539 1650 1540
f 1540 1651 1541
f 1541 1652 1542
f 1542 1653 1543
f 1543 1654 1544
f 1544 1655 1779
f 1514 1515 1792
f 1515 1516 1792
f 1512 1792 1516
f 1512 1520 1792
f 1520 1521 1792
f 1521 1522 1792
f 1526 1527 1792
f 1522 1526 1792
f 1527 1528 1792
f 1505 1792 1506
f 1506 1792 1507
f 1507 1792 1529
f 1529 1792 1530
f 1530 1792 1531
f 1524 1792 1525
f 1524 1531 1792
f 1523 1525 1792
f 1523 1792 1528
f 1545 1547 1546
f 1545 1552 1547
f 1547 1552 1548
f 1545 1792 1551
f 1549 1552 1551
f 1549 1551 1550
f 1545 1551 1552
f 1549 1553 1552
f 1535 1545 1656
f 1545 1546 1657
f 1546 1547 1658
f 1547 1548 1659
f 1549 1550 1661
f 1550 1551 1662
f 1548 1552 1663
f 1552 1553 1664
f 1549 1660 1553
f 1555 1171 1558
f 1558 1171 1564
f 1564 1172 1565
f 1565 1177 1566
f 1566 1177 1567
f 1567 1178 1594
f 1444 1554 1555
f 1441 1667 1554
f 1445 1555 1556
f 1446 1556 1557
f 1446 1557 1558
f 1449 1559 1560
f 1448 1561 1559
f 1450 1562 1561
f 1451 1563 1562
f 1452 1568 1563
f 1453 1558 1564
f 1454 1564 1565
f 1455 1565 1566
f 1456 1566 1567
f 1457 1569 1568
f 1458 1570 1569
f 1459 1571 1570
f 1460 1572 1571
f 1461 1573 1572
f 1462 1574 1573
f 1463 1597 1574
f 1555 1557 1556
f 1555 1558 1557
f 1559 1561 1560
f 1560 1561 1562
f 1560 1562 1563
f 1560 1563 1568
f 1560 1568 1569
f 1560 1569 1570
f 1560 1570 1571
f 1560 1571 1572
f 1560 1572 1573
f 1560 1573 1574
f 1560 1574 1597
f 1560 1597 1598
f 1560 1598 1599
f 1560 1599 1600
f 1560 1600 1601
f 1560 1601 1602
f 1560 1602 1603
f 1465 1560 1575
f 1464 1575 1576
f 1466 1576 1577
f 1467 1577 1578
f 1468 1578 1579
f 1469 1581 1580
f 1470 1582 1581
f 1471 1590 1582
f 1472 1579 1583
f 1473 1583 1584
f 1474 1584 1585
f 1475 1585 1586
f 1476 1586 1587
f 1477 1587 1588
f 1478 1588 1589
f 1479 1591 1590
f 1480 1592 1591
f 1481 1593 1592
f 1560 1576 1575
f 1560 1577 1576
f 1560 1578 1577
f 1560 1579 1578
f 1560 1583 1579
f 1560 1584 1583
f 1560 1585 1584
f 1560 1586 1585
f 1560 1587 1586
f 1560 1588 1587
f 1560 1589 1588
f 1560 1619 1589
f 1560 1620 1619
f 1560 1621 1620
f 1560 1622 1621
f 1560 1624 1622
f 1560 1625 1624
f 1560 1626 1625
f 1567 1594 1483
f 1484 1594 1595
f 1485 1595 1596
f 1486 1598 1597
f 1487 1599 1598
f 1488 1600 1599
f 1489 1601 1600
f 1490 1602 1601
f 1491 1603 1602
f 1492 1604 1603
f 1493 1605 1604
f 1495 1596 1606
f 1496 1606 1607
f 1497 1607 1608
f 1498 1608 1609
f 1494 1610 1605
f 1499 1611 1610
f 1500 1612 1611
f 1501 1613 1612
f 1502 1614 1613
f 1503 1615 1614
f 1504 1616 1615
f 1505 1617 1616
f 1506 1618 1617
f 1507 1640 1618
f 1560 1603 1604
f 1560 1604 1605
f 1560 1605 1610
f 1560 1610 1611
f 1560 1611 1612
f 1560 1612 1613
f 1560 1613 1614
f 1560 1614 1615
f 1560 1615 1616
f 1560 1616 1617
f 1560 1617 1618
f 1560 1635 1636
f 1560 1636 1634
f 1560 1634 1639
f 1560 1618 1640
f 1560 1640 1641
f 1560 1641 1642
f 1560 1642 1635
f 1589 1619 1508
f 1509 1619 1620
f 1510 1620 1621
f 1511 1621 1622
f 1513 1622 1624
f 1514 1624 1625
f 1515 1625 1626
f 1516 1626 1627
f 1512 1627 1623
f 1482 1628 1593
f 1517 1629 1628
f 1518 1630 1629
f 1519 1643 1630
f 1520 1623 1631
f 1521 1631 1632
f 1522 1632 1633
f 1523 1639 1634
f 1524 1636 1635
f 1525 1634 1636
f 1526 1633 1637
f 1527 1637 1638
f 1528 1638 1639
f 1529 1641 1640
f 1530 1642 1641
f 1531 1635 1642
f 1532 1644 1643
f 1533 1645 1644
f 1534 1646 1645
f 1560 1627 1626
f 1560 1632 1631
f 1560 1623 1627
f 1560 1631 1623
f 1560 1633 1632
f 1560 1637 1633
f 1560 1639 1638
f 1560 1638 1637
f 1536 1609 1647
f 1537 1647 1648
f 1538 1648 1649
f 1539 1649 1650
f 1540 1650 1651
f 1541 1651 1652
f 1542 1652 1653
f 1543 1653 1654
f 1544 1654 1655
f 1535 1656 1646
f 1545 1657 1656
f 1546 1658 1657
f 1547 1659 1658
f 1549 1661 1660
f 1550 1662 1661
f 1551 1804 1662
f 1548 1663 1659
f 1552 1664 1663
f 1553 1660 1664
f 1443 1469 1665
f 1469 1666 1665
f 1443 1665 1667
f 1665 1666 1668
f 1469 1668 1666
f 532 1815 1813
f 1665 1668 1667
f 1469 1580 1668
f 1580 1581 1668
f 1581 1582 1668
f 1582 1590 1668
f 1590 1591 1668
f 1591 1592 1668
f 1592 1593 1668
f 1593 1628 1668
f 1628 1629 1668
f 1629 1630 1668
f 1630 1643 1668
f 1643 1644 1668
f 1439 1815 1440
f 1439 1667 1815
f 1761 1318 1317
f 1760 1317 1351
f 1757 1766 772
f 1759 1768 934
f 1758 1759 934
f 1768 1327 1322
f 1768 1349 1327
f 1766 1767 847
f 1352 1762 1353
f 1770 1352 1318
f 1769 1351 1349
f 1758 858 1767
f 1770 1762 1352
f 1354 1763 1373
f 1772 1383 1374
f 1772 1384 1383
f 1772 1385 1384
f 1772 1386 1385
f 1772 1387 1386
f 1772 1669 1387
f 1772 1670 1669
f 1772 1671 1670
f 1772 1672 1671
f 1772 1673 1672
f 1772 1674 1673
f 1594 1700 1701
f 1594 1701 1702
f 1594 1702 1703
f 1594 1703 1704
f 1594 1704 1705
f 1594 1705 1706
f 1594 1707 1708
f 1594 1708 1733
f 1594 1706 1707
f 1594 1733 1734
f 1594 1734 1736
f 1594 1736 1737
f 1594 1737 1738
f 1594 1738 1735
f 1594 1743 1742
f 1594 1735 1743
f 1594 1742 1777
f 1373 1763 1771
f 1772 1675 1674
f 1772 1676 1675
f 1772 1677 1676
f 1677 1772 1678
f 1678 1772 1679
f 1679 1772 1680
f 1680 1772 1681
f 1681 1772 1723
f 1723 1772 1724
f 1724 1772 1725
f 1725 1773 1726
f 1726 1773 1727
f 1725 1772 1773
f 1777 1740 1739
f 1777 1742 1744
f 1777 1741 1740
f 1777 1744 1741
f 1770 1801 1777
f 1760 1761 1317
f 1761 1770 1318
f 1757 1758 1767
f 1759 1760 1769
f 902 1814 903
f 1768 1769 1349
f 1760 1351 1769
f 1770 1763 1762
f 1770 1771 1763
f 1770 1772 1771
f 1757 1767 1766
f 1759 1769 1768
f 903 1814 904
f 904 1814 905
f 905 1814 906
f 906 1814 1757
f 1757 1814 1758
f 1758 1814 1759
f 1759 1814 1760
f 1760 1814 1761
f 1770 1773 1772
f 1770 1777 1773
f 1761 1815 1770
f 913 1813 1814
f 1544 1779 1780
f 1780 1781 1782
f 1780 1782 1784
f 1780 1784 1792
f 1782 1783 1784
f 1784 1785 1790
f 1779 1796 1780
f 1780 1797 1781
f 1781 1798 1782
f 1782 1799 1783
f 1783 1800 1784
f 1784 1801 1785
f 1785 1802 1790
f 1551 1789 1786
f 1551 1786 1787
f 1551 1792 1789
f 1786 1789 1788
f 1784 1790 1792
f 1790 1791 1792
f 1789 1792 1793
f 1789 1793 1794
f 1792 1795 1793
f 1786 1803 1787
f 1551 1787 1804
f 1786 1788 1805
f 1788 1789 1806
f 1790 1807 1791
f 1791 1808 1792
f 1792 1809 1795
f 1789 1794 1811
f 1793 1810 1794
f 1793 1795 1812
f 1594 1777 1595
f 1595 1777 1596
f 1596 1777 1606
f 1606 1777 1607
f 1607 1777 1608
f 1608 1777 1609
f 1609 1777 1647
f 1647 1777 1648
f 1648 1777 1649
f 1649 1777 1650
f 1650 1777 1651
f 1651 1777 1652
f 1652 1777 1653
f 1653 1777 1654
f 1654 1777 1655
f 1655 1777 1796
f 1796 1777 1797
f 1797 1777 1798
f 1798 1777 1799
f 1799 1777 1800
f 1800 1777 1801
f 1655 1796 1779
f 1780 1796 1797
f 1781 1797 1798
f 1782 1798 1799
f 1783 1799 1800
f 1784 1800 1801
f 1785 1801 1802
f 1790 1802 1807
f 1787 1803 1804
f 1786 1805 1803
f 1788 1806 1805
f 1789 1811 1806
f 1791 1807 1808
f 1792 1808 1809
f 1793 1812 1810
f 1794 1810 1811
f 1795 1809 1812
f 1770 1802 1801
f 1770 1807 1802
f 1770 1808 1807
f 1656 1657 1815
f 1657 1658 1815
f 1658 1659 1815
f 1644 1815 1668
f 1644 1645 1815
f 1645 1646 1815
f 1646 1656 1815
f 1667 1668 1815
f 1659 1663 1815
f 1663 1664 1815
f 1660 1815 1664
f 1660 1661 1815
f 1661 1662 1815
f 1662 1804 1815
f 1803 1815 1804
f 1803 1805 1815
f 1805 1806 1815
f 1810 1812 1815
f 1806 1811 1815
f 1810 1815 1811
f 1808 1815 1809
f 1809 1815 1812
f 1761 1814 1815
f 1770 1815 1808
f 1813 1815 1814
f 27 13 12
f 15 40 14
f 16 67 17
f 74 18 19
f 49 12 26
f 49 27 12
f 40 39 14
f 47 26 25
f 47 48 26
f 48 49 26
f 50 25 28
f 51 28 29
f 54 29 32
f 53 30 31
f 57 32 35
f 52 33 30
f 55 34 33
f 58 35 36
f 56 37 34
f 59 38 37
f 61 31 39
f 61 39 40
f 61 40 41
f 62 41 42
f 63 42 43
f 64 43 44
f 65 44 45
f 66 45 46
f 47 25 50
f 47 61 48
f 47 50 51
f 47 52 53
f 47 55 52
f 47 53 61
f 48 61 49
f 49 61 78
f 50 28 51
f 51 29 54
f 53 52 30
f 53 31 61
f 54 32 57
f 52 55 33
f 55 56 34
f 57 35 58
f 56 59 37
f 59 60 38
f 47 56 55
f 47 59 56
f 47 60 59
f 47 51 192
f 47 173 60
f 47 174 173
f 51 54 57
f 47 176 174
f 47 178 176
f 47 179 178
f 51 57 172
f 57 58 172
f 47 181 179
f 47 182 181
f 47 191 182
f 61 41 62
f 62 42 63
f 63 43 64
f 64 44 65
f 65 45 66
f 61 62 78
f 62 63 78
f 78 63 64
f 68 17 67
f 74 19 75
f 49 67 27
f 49 77 67
f 77 68 67
f 77 69 68
f 78 71 70
f 78 70 74
f 79 72 71
f 80 73 72
f 49 78 77
f 78 82 77
f 78 79 71
f 79 80 72
f 80 81 73
f 78 80 79
f 78 263 80
f 80 263 81
f 78 74 82
f 77 76 69
f 82 74 75
f 82 75 76
f 77 82 76
f 156 84 85
f 95 96 291
f 228 85 83
f 232 87 86
f 232 90 87
f 233 89 88
f 234 92 89
f 235 88 90
f 236 83 91
f 237 91 92
f 229 156 85
f 232 86 158
f 172 36 100
f 60 101 38
f 173 102 101
f 175 100 103
f 174 104 102
f 176 106 104
f 177 103 105
f 178 107 106
f 179 109 107
f 180 105 108
f 181 110 109
f 182 119 110
f 183 46 111
f 184 111 112
f 185 112 113
f 186 113 114
f 187 114 115
f 188 115 116
f 189 116 117
f 190 108 118
f 191 120 119
f 192 122 120
f 193 118 121
f 194 123 122
f 195 126 123
f 196 121 124
f 197 124 125
f 212 125 140
f 198 127 126
f 199 128 127
f 200 129 128
f 201 130 129
f 202 143 130
f 203 117 131
f 204 131 132
f 205 132 133
f 206 133 134
f 207 139 135
f 208 134 136
f 209 136 137
f 210 137 138
f 211 138 139
f 58 36 172
f 60 173 101
f 173 174 102
f 172 100 175
f 174 176 104
f 176 178 106
f 175 103 177
f 177 105 180
f 178 179 107
f 179 181 109
f 180 108 190
f 181 182 110
f 51 172 190
f 47 192 191
f 172 175 177
f 172 177 190
f 51 194 192
f 177 180 190
f 66 46 183
f 183 111 184
f 184 112 185
f 185 113 186
f 186 114 187
f 187 115 188
f 188 116 189
f 189 117 203
f 78 64 275
f 64 65 275
f 65 66 275
f 66 183 275
f 190 118 193
f 182 191 119
f 191 192 120
f 193 121 196
f 192 194 122
f 194 195 123
f 196 124 197
f 197 125 212
f 195 198 126
f 198 199 127
f 199 200 128
f 200 201 129
f 201 202 130
f 51 190 225
f 51 225 194
f 190 193 196
f 190 196 212
f 196 197 212
f 194 225 195
f 195 225 198
f 203 131 204
f 204 132 205
f 205 133 206
f 206 134 208
f 226 207 135
f 208 136 209
f 210 209 137
f 210 138 211
f 211 139 207
f 183 184 275
f 184 185 275
f 185 186 275
f 186 187 275
f 187 188 275
f 188 189 275
f 189 203 275
f 203 204 275
f 206 208 275
f 204 205 275
f 205 206 275
f 213 140 141
f 214 141 142
f 215 144 143
f 216 145 144
f 217 146 145
f 218 147 146
f 219 148 147
f 220 149 148
f 221 150 149
f 222 151 150
f 223 157 151
f 224 142 152
f 225 152 153
f 226 135 154
f 227 154 155
f 229 155 156
f 230 159 157
f 231 158 159
f 228 229 85
f 235 233 88
f 233 234 89
f 235 90 232
f 228 83 236
f 236 91 237
f 234 237 92
f 238 153 160
f 239 160 161
f 240 161 162
f 241 162 163
f 242 163 164
f 243 164 165
f 244 167 166
f 245 168 167
f 246 169 168
f 247 171 169
f 248 286 170
f 249 170 171
f 212 140 213
f 213 141 214
f 202 215 143
f 215 216 144
f 216 217 145
f 217 218 146
f 218 219 147
f 219 220 148
f 220 221 149
f 221 222 150
f 222 223 151
f 214 142 224
f 224 152 225
f 225 153 238
f 190 212 225
f 212 213 214
f 198 225 199
f 199 225 200
f 200 225 201
f 201 225 202
f 212 214 225
f 202 225 215
f 215 225 216
f 216 225 217
f 217 225 218
f 218 225 219
f 214 224 225
f 219 225 220
f 220 225 221
f 221 225 222
f 222 225 223
f 223 225 230
f 230 225 231
f 231 225 232
f 235 232 225
f 226 154 227
f 229 227 155
f 223 230 157
f 230 231 159
f 231 232 158
f 208 209 275
f 210 275 209
f 210 211 275
f 211 207 275
f 226 275 207
f 226 227 275
f 229 275 227
f 228 236 275
f 228 275 229
f 235 225 275
f 235 275 233
f 233 275 234
f 234 275 237
f 236 237 275
f 238 160 239
f 239 161 240
f 240 162 241
f 241 163 242
f 242 164 243
f 243 165 292
f 225 238 239
f 225 239 241
f 239 240 241
f 225 241 293
f 241 242 243
f 241 243 293
f 225 293 307
f 275 244 166
f 244 245 167
f 245 246 168
f 247 169 246
f 247 249 171
f 249 248 170
f 225 307 275
f 275 245 244
f 275 247 245
f 245 247 246
f 275 302 247
f 275 307 302
f 302 248 247
f 247 248 249
f 81 250 73
f 263 251 250
f 264 252 251
f 265 253 252
f 266 254 253
f 267 255 254
f 268 256 255
f 269 257 256
f 270 258 257
f 81 263 250
f 263 264 251
f 264 265 252
f 265 266 253
f 78 267 263
f 263 265 264
f 263 267 265
f 265 267 266
f 266 267 254
f 267 268 255
f 268 269 256
f 269 270 257
f 270 271 258
f 78 275 267
f 267 269 268
f 267 271 269
f 269 271 270
f 271 259 258
f 272 260 259
f 273 261 260
f 274 262 261
f 275 166 262
f 271 272 259
f 272 273 260
f 273 274 261
f 274 275 262
f 267 275 271
f 271 273 272
f 271 275 273
f 273 275 274
f 305 97 94
f 308 96 97
f 310 98 99
f 309 94 98
f 310 99 93
f 307 291 96
f 310 93 284
f 292 165 276
f 293 276 277
f 294 277 278
f 295 278 279
f 296 279 280
f 297 280 281
f 298 281 282
f 299 282 283
f 304 285 289
f 300 284 285
f 301 287 286
f 302 288 287
f 303 289 288
f 306 283 290
f 307 290 291
f 305 308 97
f 307 96 308
f 309 98 310
f 305 94 309
f 292 276 293
f 293 277 294
f 294 278 295
f 295 279 296
f 296 280 297
f 297 281 298
f 298 282 299
f 299 283 306
f 243 292 293
f 293 294 295
f 293 295 297
f 295 296 297
f 293 297 307
f 297 298 299
f 297 299 307
f 304 300 285
f 310 284 300
f 301 286 248
f 302 303 288
f 302 287 301
f 304 289 303
f 306 290 307
f 302 307 310
f 310 300 304
f 302 301 248
f 302 304 303
f 302 310 304
f 305 310 307
f 299 306 307
f 305 307 308
f 305 309 310
f 328 316 315
f 356 312 311
f 356 313 312
f 357 314 313
f 358 315 314
f 356 311 326
f 359 328 315
f 346 325 317
f 347 321 318
f 348 318 319
f 350 320 321
f 349 317 320
f 352 319 323
f 353 323 324
f 351 324 322
f 354 327 325
f 355 326 327
f 356 357 313
f 357 358 314
f 359 329 328
f 360 330 329
f 358 359 315
f 361 331 330
f 346 354 325
f 347 318 348
f 350 349 320
f 347 350 321
f 349 346 317
f 351 322 363
f 348 319 352
f 352 323 353
f 353 324 351
f 347 348 352
f 347 354 349
f 347 349 350
f 349 354 346
f 347 352 351
f 352 353 351
f 347 351 366
f 347 366 358
f 354 355 327
f 355 356 326
f 359 360 329
f 360 361 330
f 361 362 331
f 354 356 355
f 347 358 354
f 354 358 356
f 356 358 357
f 358 360 359
f 358 362 360
f 360 362 361
f 363 322 332
f 364 332 333
f 365 333 334
f 366 334 335
f 367 335 336
f 362 337 331
f 368 338 337
f 369 339 338
f 370 340 339
f 371 344 340
f 372 336 341
f 373 341 342
f 374 342 343
f 394 343 381
f 375 345 344
f 376 377 345
f 364 363 332
f 364 333 365
f 365 334 366
f 366 335 367
f 364 351 363
f 364 366 351
f 364 365 366
f 366 367 372
f 362 368 337
f 368 369 338
f 369 370 339
f 370 371 340
f 371 375 344
f 358 371 362
f 362 369 368
f 362 371 369
f 369 371 370
f 367 336 372
f 372 341 373
f 373 342 374
f 374 343 394
f 366 372 374
f 372 373 374
f 366 374 397
f 358 366 405
f 375 376 345
f 358 422 371
f 371 376 375
f 371 380 376
f 379 378 377
f 380 407 378
f 376 379 377
f 379 380 378
f 376 380 379
f 371 422 380
f 395 381 382
f 396 382 383
f 397 383 384
f 398 384 385
f 399 385 386
f 400 386 387
f 394 381 395
f 395 382 396
f 396 383 397
f 374 394 395
f 374 395 397
f 395 396 397
f 397 384 398
f 398 385 399
f 399 386 400
f 366 397 405
f 397 398 399
f 397 399 401
f 399 400 401
f 358 506 422
f 401 387 388
f 402 388 389
f 403 389 390
f 404 390 391
f 405 391 392
f 406 392 393
f 400 387 401
f 401 388 402
f 402 389 403
f 397 401 405
f 401 402 403
f 401 403 405
f 358 405 506
f 403 390 404
f 404 391 405
f 405 392 406
f 403 404 405
f 405 406 468
f 419 408 407
f 420 409 408
f 421 410 409
f 422 411 410
f 423 412 411
f 424 413 412
f 380 419 407
f 419 420 408
f 420 421 409
f 380 420 419
f 380 422 420
f 420 422 421
f 421 422 410
f 422 423 411
f 423 424 412
f 422 424 423
f 422 426 424
f 425 414 413
f 426 415 414
f 427 416 415
f 428 417 416
f 429 418 417
f 430 485 418
f 424 425 413
f 425 426 414
f 426 427 415
f 424 426 425
f 422 430 426
f 426 428 427
f 427 428 416
f 428 429 417
f 429 430 418
f 426 430 428
f 428 430 429
f 422 506 430
f 431 432 466
f 436 467 435
f 437 494 438
f 496 440 441
f 498 442 768
f 507 444 443
f 446 508 445
f 447 512 448
f 513 449 450
f 516 452 772
f 482 432 433
f 483 433 434
f 484 434 435
f 481 466 432
f 484 435 467
f 468 393 453
f 469 453 454
f 470 454 455
f 471 455 456
f 472 456 457
f 473 457 458
f 474 458 459
f 406 393 468
f 468 453 469
f 469 454 470
f 405 468 470
f 468 469 470
f 405 470 474
f 470 455 471
f 471 456 472
f 472 457 473
f 473 458 474
f 470 471 472
f 470 472 474
f 472 473 474
f 405 474 506
f 475 459 460
f 476 460 461
f 477 461 462
f 478 462 463
f 479 463 464
f 480 464 465
f 481 465 466
f 481 432 482
f 482 433 483
f 483 434 484
f 474 459 475
f 475 460 476
f 476 461 477
f 477 462 478
f 478 463 479
f 474 475 476
f 474 476 478
f 476 477 478
f 479 464 480
f 480 465 481
f 478 479 481
f 479 480 481
f 481 482 483
f 437 493 494
f 439 495 777
f 496 441 497
f 499 486 485
f 500 487 486
f 501 488 487
f 502 489 488
f 503 490 489
f 504 491 490
f 505 492 491
f 506 493 492
f 506 494 493
f 506 495 494
f 430 499 485
f 499 500 486
f 500 501 487
f 501 502 488
f 430 500 499
f 430 502 500
f 500 502 501
f 430 506 502
f 502 503 489
f 503 504 490
f 504 505 491
f 506 492 505
f 502 504 503
f 502 506 504
f 504 506 505
f 506 777 495
f 506 787 777
f 484 467 496
f 484 496 497
f 474 478 832
f 474 832 506
f 478 481 832
f 481 483 832
f 483 484 832
f 484 497 832
f 510 443 445
f 509 507 443
f 510 445 508
f 509 443 510
f 447 511 512
f 513 450 514
f 515 846 451
f 509 511 507
f 509 512 511
f 509 515 512
f 510 508 513
f 510 513 514
f 510 514 516
f 509 510 870
f 509 862 515
f 510 516 870
f 566 542 541
f 571 544 543
f 564 565 709
f 632 541 545
f 567 566 541
f 568 570 566
f 567 541 632
f 567 568 566
f 568 569 570
f 567 632 634
f 567 636 635
f 567 637 636
f 567 640 637
f 567 641 640
f 567 644 568
f 568 644 569
f 567 635 644
f 571 543 570
f 569 571 570
f 569 572 571
f 569 644 737
f 569 737 573
f 573 727 572
f 569 573 572
f 737 755 573
f 573 755 727
f 634 545 547
f 633 547 546
f 638 546 548
f 639 548 549
f 648 549 550
f 649 550 551
f 650 551 552
f 655 552 553
f 656 553 554
f 663 554 555
f 664 555 556
f 669 556 557
f 670 557 558
f 687 558 559
f 688 559 560
f 689 560 561
f 690 561 562
f 690 562 563
f 690 563 615
f 632 545 634
f 633 546 638
f 635 575 574
f 636 576 575
f 637 577 576
f 634 547 633
f 638 548 639
f 639 549 648
f 640 578 577
f 641 580 578
f 642 585 579
f 643 579 580
f 644 574 581
f 645 581 582
f 646 582 583
f 647 583 584
f 739 584 711
f 648 550 649
f 649 551 650
f 651 586 585
f 652 587 586
f 653 588 587
f 650 552 655
f 655 553 656
f 656 554 663
f 654 589 588
f 657 590 589
f 658 591 590
f 659 592 591
f 661 724 593
f 662 593 594
f 635 636 575
f 636 637 576
f 637 640 577
f 640 641 578
f 641 643 580
f 642 579 643
f 634 633 638
f 567 643 641
f 567 651 642
f 567 642 643
f 567 634 660
f 567 652 651
f 567 653 652
f 567 654 653
f 634 638 648
f 638 639 648
f 567 657 654
f 567 658 657
f 567 659 658
f 567 660 659
f 635 574 644
f 644 581 645
f 645 582 646
f 646 583 647
f 647 584 739
f 642 651 585
f 651 652 586
f 652 653 587
f 653 654 588
f 654 657 589
f 657 658 590
f 658 659 591
f 659 660 592
f 634 648 656
f 648 649 650
f 648 650 656
f 634 665 660
f 650 655 656
f 634 656 690
f 634 690 665
f 752 724 661
f 661 593 662
f 663 555 664
f 664 556 669
f 660 595 592
f 665 596 595
f 666 597 596
f 667 598 597
f 668 599 598
f 669 557 670
f 670 558 687
f 671 600 599
f 672 601 600
f 673 602 601
f 675 594 603
f 676 603 604
f 677 604 605
f 678 605 606
f 674 607 602
f 679 608 607
f 681 606 609
f 682 609 610
f 683 610 611
f 684 614 612
f 685 612 613
f 686 611 614
f 687 559 688
f 688 560 689
f 689 561 690
f 691 615 616
f 680 617 608
f 692 618 617
f 693 619 618
f 694 620 619
f 695 621 620
f 696 622 621
f 698 630 623
f 697 624 622
f 699 625 624
f 700 626 625
f 701 623 626
f 702 613 627
f 703 627 628
f 706 629 631
f 704 628 629
f 705 631 630
f 660 665 595
f 665 666 596
f 666 667 597
f 667 668 598
f 668 671 599
f 671 672 600
f 672 673 601
f 673 674 602
f 656 663 664
f 656 664 670
f 664 669 670
f 656 670 690
f 665 690 666
f 666 690 667
f 667 690 668
f 668 690 671
f 671 690 672
f 662 594 675
f 675 603 676
f 677 676 604
f 677 605 678
f 678 606 681
f 674 679 607
f 679 680 608
f 681 609 682
f 683 682 610
f 684 612 685
f 683 611 686
f 684 686 614
f 690 615 691
f 691 616 808
f 670 687 688
f 670 688 690
f 688 689 690
f 672 690 673
f 673 690 674
f 674 690 679
f 679 690 680
f 680 690 692
f 692 690 693
f 693 690 694
f 694 690 695
f 695 690 696
f 690 691 808
f 680 692 617
f 692 693 618
f 693 694 619
f 694 695 620
f 695 696 621
f 696 697 622
f 705 630 698
f 697 699 624
f 699 700 625
f 700 701 626
f 701 698 623
f 703 628 704
f 685 613 702
f 702 627 703
f 706 704 629
f 705 706 631
f 696 690 697
f 690 699 697
f 690 700 699
f 690 701 700
f 690 698 701
f 683 763 682
f 683 686 763
f 684 763 686
f 685 702 763
f 684 685 763
f 705 763 706
f 706 763 704
f 703 704 763
f 702 703 763
f 705 698 763
f 690 763 698
f 565 710 709
f 737 708 707
f 737 707 709
f 738 712 708
f 737 709 710
f 741 711 713
f 740 715 712
f 742 713 714
f 743 718 715
f 744 714 716
f 745 716 717
f 746 719 718
f 748 717 720
f 749 720 721
f 747 722 719
f 751 721 723
f 752 723 724
f 750 725 722
f 753 726 725
f 754 728 726
f 737 738 708
f 739 711 741
f 738 740 712
f 740 743 715
f 741 713 742
f 742 714 744
f 743 746 718
f 644 645 737
f 645 646 737
f 646 647 737
f 737 740 738
f 737 746 740
f 740 746 743
f 737 710 755
f 744 716 745
f 745 717 748
f 746 747 719
f 748 720 749
f 747 750 722
f 749 721 751
f 751 723 752
f 750 753 725
f 753 754 726
f 737 754 746
f 746 750 747
f 647 763 737
f 746 754 750
f 647 739 763
f 739 741 763
f 750 754 753
f 741 742 763
f 742 744 763
f 744 745 763
f 737 763 754
f 755 710 727
f 756 729 728
f 757 730 729
f 758 731 730
f 759 732 731
f 760 733 732
f 761 734 733
f 762 735 734
f 763 736 735
f 764 834 736
f 754 756 728
f 756 757 729
f 757 758 730
f 758 759 731
f 759 760 732
f 745 748 763
f 749 751 763
f 748 749 763
f 754 757 756
f 751 752 763
f 752 661 763
f 754 759 757
f 661 662 763
f 662 675 763
f 675 676 763
f 677 763 676
f 757 759 758
f 677 678 763
f 678 681 763
f 681 682 763
f 754 763 759
f 760 761 733
f 761 762 734
f 762 763 735
f 763 764 736
f 759 761 760
f 759 763 761
f 761 763 762
f 763 841 764
f 777 765 439
f 766 788 767
f 805 769 770
f 451 846 771
f 773 849 774
f 858 775 776
f 766 787 788
f 498 768 804
f 805 770 806
f 506 817 787
f 808 616 778
f 809 778 779
f 810 779 780
f 811 780 781
f 812 781 782
f 813 782 783
f 814 783 784
f 845 785 838
f 816 784 786
f 817 788 787
f 817 789 788
f 818 786 790
f 819 790 791
f 820 791 792
f 821 792 793
f 822 793 794
f 823 794 795
f 825 795 797
f 824 797 796
f 826 799 798
f 815 798 785
f 827 803 799
f 831 801 803
f 829 800 801
f 830 796 802
f 828 802 800
f 808 778 809
f 809 779 810
f 810 780 811
f 811 781 812
f 812 782 813
f 813 783 814
f 690 808 810
f 808 809 810
f 690 810 814
f 810 811 812
f 810 812 814
f 690 814 825
f 812 813 814
f 815 785 845
f 690 825 763
f 763 825 815
f 814 784 816
f 816 786 818
f 814 816 818
f 818 790 819
f 819 791 820
f 820 792 821
f 821 793 822
f 822 794 823
f 823 795 825
f 825 797 824
f 826 798 815
f 827 799 826
f 827 831 803
f 829 801 831
f 828 800 829
f 830 824 796
f 830 802 828
f 814 818 820
f 818 819 820
f 814 820 825
f 820 821 822
f 820 822 825
f 822 823 825
f 830 825 824
f 825 829 815
f 827 826 815
f 829 827 815
f 829 831 827
f 830 828 829
f 830 829 825
f 832 497 498
f 832 498 804
f 832 804 805
f 506 832 817
f 817 807 789
f 832 805 806
f 832 806 807
f 817 832 807
f 841 833 834
f 840 835 833
f 842 836 835
f 843 837 836
f 844 838 837
f 840 833 841
f 764 841 834
f 840 842 835
f 842 843 836
f 844 837 843
f 844 845 838
f 840 841 842
f 763 842 841
f 763 815 842
f 844 843 842
f 844 842 815
f 844 815 845
f 516 772 847
f 773 848 849
f 858 776 859
f 862 846 515
f 862 848 846
f 870 516 847
f 870 847 858
f 509 863 862
f 509 864 863
f 509 870 864
f 862 849 848
f 862 850 849
f 862 851 850
f 863 852 851
f 864 853 852
f 865 854 853
f 866 855 854
f 867 856 855
f 868 857 856
f 870 858 859
f 870 859 860
f 871 860 861
f 945 861 943
f 869 872 857
f 862 863 851
f 863 864 852
f 864 865 853
f 865 866 854
f 866 867 855
f 867 868 856
f 868 869 857
f 864 866 865
f 864 868 866
f 866 868 867
f 864 878 868
f 868 876 869
f 871 870 860
f 871 861 945
f 871 945 870
f 876 873 872
f 877 874 873
f 878 875 874
f 879 958 875
f 869 876 872
f 876 877 873
f 877 878 874
f 878 879 875
f 868 878 876
f 876 878 877
f 878 967 879
f 864 973 878
f 881 883 880
f 881 882 883
f 882 884 883
f 884 885 883
f 944 915 916
f 942 941 1013
f 947 916 917
f 948 917 918
f 949 918 919
f 950 919 920
f 951 920 921
f 946 944 916
f 952 921 922
f 953 922 923
f 954 923 924
f 955 924 925
f 956 925 926
f 957 926 927
f 957 927 934
f 946 943 944
f 946 916 947
f 947 917 948
f 948 918 949
f 949 919 950
f 950 920 951
f 951 921 952
f 945 943 946
f 870 945 947
f 945 946 947
f 947 948 949
f 870 947 951
f 864 870 998
f 947 949 951
f 949 950 951
f 870 951 998
f 952 922 953
f 953 923 954
f 954 924 955
f 955 925 956
f 956 926 957
f 951 952 953
f 951 953 955
f 953 954 955
f 951 955 998
f 955 956 957
f 955 957 998
f 864 998 1034
f 975 929 928
f 975 930 929
f 976 931 930
f 977 932 931
f 978 933 932
f 975 928 965
f 967 959 958
f 968 960 959
f 969 961 960
f 970 962 961
f 971 963 962
f 972 964 963
f 879 967 958
f 967 968 959
f 968 969 960
f 969 970 961
f 878 969 967
f 967 969 968
f 878 973 969
f 969 971 970
f 970 971 962
f 971 972 963
f 972 973 964
f 969 973 971
f 971 973 972
f 973 966 964
f 974 965 966
f 975 976 930
f 976 977 931
f 977 978 932
f 978 979 933
f 973 974 966
f 974 975 965
f 864 1034 973
f 973 975 974
f 973 977 975
f 975 977 976
f 973 1026 977
f 977 979 978
f 977 1026 979
f 957 934 980
f 997 980 981
f 998 981 982
f 999 982 983
f 1000 983 984
f 1001 984 985
f 1002 985 986
f 1003 986 987
f 957 980 997
f 997 981 998
f 998 982 999
f 999 983 1000
f 957 997 998
f 998 999 1000
f 1000 984 1001
f 1001 985 1002
f 1002 986 1003
f 998 1000 1002
f 1000 1001 1002
f 998 1002 1006
f 1004 987 988
f 1005 988 989
f 1006 989 990
f 1007 990 991
f 1008 991 992
f 1009 992 993
f 1010 993 994
f 1011 994 995
f 1012 995 996
f 1003 987 1004
f 1004 988 1005
f 1005 989 1006
f 1006 990 1007
f 1002 1003 1004
f 1002 1004 1006
f 1004 1005 1006
f 998 1006 1329
f 998 1329 1034
f 1007 991 1008
f 1008 992 1009
f 1009 993 1010
f 1010 994 1011
f 1011 995 1012
f 1012 996 1328
f 1006 1007 1008
f 1006 1008 1010
f 1008 1009 1010
f 1006 1010 1329
f 1010 1011 1012
f 1010 1012 1329
f 979 935 933
f 1025 936 935
f 1026 937 936
f 1027 938 937
f 1028 939 938
f 1029 940 939
f 1030 941 940
f 1031 1013 941
f 979 1025 935
f 1025 1026 936
f 1026 1027 937
f 1027 1028 938
f 1028 1029 939
f 1029 1030 940
f 979 1026 1025
f 973 1034 1026
f 1026 1028 1027
f 1026 1030 1028
f 1028 1030 1029
f 1026 1034 1030
f 1031 1014 1013
f 1032 1015 1014
f 1030 1031 941
f 1034 1017 1016
f 1033 1016 1015
f 1035 1018 1017
f 1036 1019 1018
f 1037 1020 1019
f 1038 1022 1020
f 1040 1021 1022
f 1031 1032 1014
f 1032 1033 1015
f 1033 1034 1016
f 1030 1032 1031
f 1030 1034 1032
f 1032 1034 1033
f 1034 1035 1017
f 1035 1036 1018
f 1037 1019 1036
f 1037 1038 1020
f 1039 1021 1040
f 1038 1040 1022
f 1034 1036 1035
f 1034 1038 1036
f 1034 1345 1038
f 1037 1036 1038
f 1034 1329 1345
f 1038 1345 1039
f 1038 1039 1040
f 1041 1024 1023
f 1041 1042 1024
f 1091 880 1043
f 1092 1043 1044
f 1093 1050 1045
f 1179 1045 1139
f 1094 1044 1046
f 1095 1046 1047
f 1097 1048 1049
f 1096 1047 1048
f 1106 1049 1058
f 1098 1051 1050
f 1099 1052 1051
f 1100 1053 1052
f 1101 1054 1053
f 1102 1055 1054
f 1103 1056 1055
f 1104 1057 1056
f 881 880 1091
f 1091 1043 1092
f 881 1091 1092
f 881 1098 1093
f 881 1099 1098
f 881 1100 1099
f 881 1101 1100
f 881 1102 1101
f 881 1103 1102
f 1093 1045 1179
f 881 1179 882
f 881 1093 1179
f 882 1179 884
f 1092 1044 1094
f 1094 1046 1095
f 1096 1095 1047
f 1096 1048 1097
f 1097 1049 1106
f 881 1104 1103
f 881 1092 1116
f 881 1105 1104
f 1092 1094 1095
f 881 1111 1105
f 881 1112 1111
f 1097 1092 1095
f 881 1113 1112
f 881 1114 1113
f 1096 1097 1095
f 881 1115 1114
f 881 1116 1115
f 1097 1109 1092
f 1093 1098 1050
f 1098 1099 1051
f 1100 1052 1099
f 1100 1101 1053
f 1101 1102 1054
f 1102 1103 1055
f 1103 1104 1056
f 1104 1105 1057
f 1107 1058 1059
f 1108 1059 1060
f 1109 1060 1061
f 1110 1061 1062
f 1105 1063 1057
f 1111 1064 1063
f 1112 1065 1064
f 1113 1066 1065
f 1114 1067 1066
f 1115 1068 1067
f 1116 1069 1068
f 1117 1074 1069
f 1118 1062 1070
f 1119 1070 1071
f 1120 1071 1072
f 1121 1072 1073
f 1251 1073 1219
f 1122 1075 1074
f 1123 1076 1075
f 1124 1077 1076
f 1125 1078 1077
f 1126 1079 1078
f 1127 1080 1079
f 1128 1081 1080
f 1129 1082 1081
f 1130 1083 1082
f 1131 1084 1083
f 1132 1085 1084
f 1133 1086 1085
f 1135 1176 1087
f 1137 1087 1089
f 1138 1089 1090
f 1136 1090 1088
f 1106 1058 1107
f 1107 1059 1108
f 1108 1060 1109
f 1109 1061 1110
f 1097 1106 1107
f 1097 1107 1109
f 1107 1108 1109
f 1092 1109 1253
f 1109 1110 1118
f 1092 1253 1117
f 1105 1111 1063
f 1111 1112 1064
f 1112 1113 1065
f 1113 1114 1066
f 1114 1115 1067
f 1115 1116 1068
f 1116 1117 1069
f 1117 1122 1074
f 1092 1117 1116
f 1110 1062 1118
f 1118 1070 1119
f 1119 1071 1120
f 1120 1072 1121
f 1121 1073 1251
f 1109 1118 1120
f 1118 1119 1120
f 1109 1120 1253
f 1120 1121 1251
f 1122 1123 1075
f 1123 1124 1076
f 1124 1125 1077
f 1125 1126 1078
f 1126 1127 1079
f 1127 1128 1080
f 1128 1129 1081
f 1129 1130 1082
f 1130 1131 1083
f 1131 1132 1084
f 1132 1133 1085
f 1133 1134 1086
f 1137 1135 1087
f 1138 1137 1089
f 1136 1138 1090
f 1117 1253 1122
f 1122 1253 1123
f 1123 1253 1124
f 1124 1253 1125
f 1125 1253 1126
f 1126 1253 1127
f 1127 1253 1128
f 1128 1253 1129
f 1129 1253 1130
f 1180 1140 1153
f 1181 1139 1141
f 1182 1141 1142
f 1183 1142 1143
f 1184 1143 1144
f 1180 1145 1140
f 1185 1146 1145
f 1186 1151 1146
f 1187 1144 1147
f 1188 1147 1148
f 1189 1148 1149
f 1190 1149 1150
f 1191 1152 1151
f 1192 1157 1152
f 1179 1139 1181
f 884 1179 1180
f 1179 1181 1180
f 884 1180 885
f 1181 1141 1182
f 1182 1142 1183
f 1183 1143 1184
f 1184 1144 1187
f 1180 1185 1145
f 1185 1186 1146
f 1187 1147 1188
f 1188 1148 1189
f 1189 1149 1190
f 1186 1191 1151
f 1191 1192 1152
f 1192 1197 1157
f 1181 1182 1180
f 1182 1183 1180
f 1180 1186 1185
f 1180 1192 1186
f 1186 1192 1191
f 1180 1204 1192
f 885 1153 883
f 1180 1153 1193
f 1180 1193 885
f 885 1193 1153
f 1194 1150 1154
f 1195 1154 1155
f 1196 1155 1156
f 1200 1156 1160
f 1197 1158 1157
f 1198 1159 1158
f 1201 1160 1161
f 1202 1161 1162
f 1203 1162 1163
f 1207 1163 1167
f 1199 1164 1159
f 1204 1165 1164
f 1206 1167 1166
f 1208 1166 1168
f 1209 1168 1169
f 1210 1169 1170
f 1205 1171 1165
f 1211 1172 1171
f 1212 1177 1172
f 1214 1173 1174
f 1213 1170 1173
f 1215 1174 1175
f 1216 1175 1176
f 1217 1178 1177
f 1218 1283 1178
f 1190 1150 1194
f 1194 1154 1195
f 1195 1155 1196
f 1196 1156 1200
f 1197 1198 1158
f 1198 1199 1159
f 1200 1160 1201
f 1201 1161 1202
f 1202 1162 1203
f 1207 1203 1163
f 1199 1204 1164
f 1204 1205 1165
f 1183 1184 1301
f 1192 1198 1197
f 1183 1301 1180
f 1192 1204 1198
f 1198 1204 1199
f 1184 1187 1301
f 1187 1188 1301
f 1188 1189 1301
f 1189 1190 1301
f 1190 1194 1301
f 1194 1195 1301
f 1180 1301 1204
f 1204 1211 1205
f 1207 1167 1206
f 1206 1166 1208
f 1208 1168 1209
f 1209 1169 1210
f 1213 1210 1170
f 1205 1211 1171
f 1211 1212 1172
f 1214 1213 1173
f 1214 1174 1215
f 1216 1215 1175
f 1216 1176 1135
f 1217 1177 1212
f 1218 1299 1283
f 1217 1218 1178
f 1195 1196 1301
f 1196 1200 1301
f 1200 1201 1301
f 1201 1202 1301
f 1202 1203 1301
f 1207 1301 1203
f 1217 1211 1204
f 1217 1212 1211
f 1206 1208 1301
f 1207 1206 1301
f 1208 1209 1301
f 1216 1301 1215
f 1209 1210 1301
f 1213 1301 1210
f 1214 1301 1213
f 1214 1215 1301
f 1217 1204 1301
f 1217 1299 1218
f 1252 1219 1220
f 1253 1220 1221
f 1254 1221 1222
f 1255 1222 1223
f 1263 1223 1231
f 1134 1224 1086
f 1256 1225 1224
f 1257 1226 1225
f 1258 1228 1226
f 1260 1227 1228
f 1259 1229 1227
f 1261 1230 1229
f 1262 1088 1230
f 1264 1231 1232
f 1265 1232 1233
f 1266 1233 1234
f 1267 1234 1235
f 1268 1235 1236
f 1269 1236 1237
f 1270 1237 1238
f 1251 1219 1252
f 1252 1220 1253
f 1253 1221 1254
f 1254 1222 1255
f 1255 1223 1263
f 1120 1251 1253
f 1251 1252 1253
f 1253 1254 1255
f 1253 1255 1264
f 1134 1256 1224
f 1256 1257 1225
f 1257 1258 1226
f 1260 1259 1227
f 1258 1260 1228
f 1259 1261 1229
f 1262 1230 1261
f 1262 1136 1088
f 1130 1253 1131
f 1253 1132 1131
f 1253 1133 1132
f 1253 1134 1133
f 1253 1256 1134
f 1253 1257 1256
f 1253 1258 1257
f 1253 1260 1258
f 1253 1259 1260
f 1253 1261 1259
f 1253 1301 1261
f 1263 1231 1264
f 1255 1263 1264
f 1264 1232 1265
f 1265 1233 1266
f 1266 1234 1267
f 1267 1235 1268
f 1268 1236 1269
f 1269 1237 1270
f 1270 1238 1273
f 1253 1264 1268
f 1264 1265 1266
f 1264 1266 1268
f 1253 1268 1278
f 1253 1278 1301
f 1266 1267 1268
f 1268 1269 1270
f 1268 1270 1274
f 1271 1240 1239
f 1271 1272 1240
f 1273 1238 1241
f 1274 1241 1242
f 1275 1242 1243
f 1276 1243 1244
f 1277 1244 1245
f 1278 1245 1246
f 1279 1246 1247
f 1281 1247 1249
f 1280 1249 1248
f 1313 1248 1297
f 1282 1298 1250
f 1273 1241 1274
f 1274 1242 1275
f 1275 1243 1276
f 1276 1244 1277
f 1277 1245 1278
f 1278 1246 1279
f 1279 1247 1281
f 1280 1248 1313
f 1280 1281 1249
f 1270 1273 1274
f 1268 1274 1278
f 1274 1275 1276
f 1274 1276 1278
f 1276 1277 1278
f 1278 1279 1281
f 1280 1313 1281
f 1313 1278 1281
f 1282 1314 1298
f 1299 1284 1283
f 1300 1285 1284
f 1301 1286 1285
f 1302 1287 1286
f 1303 1290 1287
f 1304 1289 1288
f 1305 1291 1289
f 1306 1288 1290
f 1307 1292 1291
f 1308 1295 1292
f 1309 1294 1293
f 1310 1296 1294
f 1311 1293 1295
f 1299 1300 1284
f 1300 1301 1285
f 1301 1302 1286
f 1303 1287 1302
f 1303 1306 1290
f 1216 1135 1301
f 1138 1301 1137
f 1137 1301 1135
f 1262 1261 1301
f 1262 1301 1136
f 1136 1301 1138
f 1217 1301 1299
f 1299 1301 1300
f 1301 1303 1302
f 1301 1304 1303
f 1305 1289 1304
f 1305 1307 1291
f 1304 1288 1306
f 1307 1308 1292
f 1311 1295 1308
f 1311 1309 1293
f 1310 1294 1309
f 1301 1311 1304
f 1301 1278 1311
f 1305 1304 1307
f 1304 1311 1307
f 1303 1304 1306
f 1311 1308 1307
f 1311 1310 1309
f 1313 1310 1311
f 1312 1297 1296
f 1312 1296 1310
f 1313 1297 1312
f 1313 1311 1278
f 1313 1312 1310
f 1315 1341 1316
f 1351 1317 1318
f 1328 996 1319
f 1329 1319 1320
f 1330 1320 1321
f 1331 1321 1322
f 1332 1322 1323
f 1333 1323 1324
f 1334 1324 1325
f 1346 1326 1339
f 1335 1325 1326
f 1328 1319 1329
f 1329 1320 1330
f 1330 1321 1331
f 1331 1322 1332
f 1332 1323 1333
f 1333 1324 1334
f 1335 1326 1346
f 1334 1325 1335
f 1012 1328 1329
f 1329 1330 1331
f 1329 1333 1345
f 1329 1331 1333
f 1331 1332 1333
f 1333 1335 1345
f 1333 1334 1335
f 1336 1340 1327
f 1350 1327 1349
f 1336 1327 1350
f 1315 1340 1341
f 1039 1337 1021
f 1345 1339 1338
f 1344 1338 1337
f 1344 1337 1039
f 1344 1345 1338
f 1346 1339 1345
f 1344 1039 1345
f 1335 1346 1345
f 1042 1343 1024
f 1347 1023 1342
f 1041 1023 1347
f 1041 1348 1042
f 1042 1348 1343
f 1041 1347 1348
f 1336 1341 1340
f 1336 1347 1341
f 1336 1350 1347
f 1350 1355 1347
f 1347 1342 1341
f 1347 1355 1348
f 1348 1355 1360
f 1360 1355 1356
f 1350 1349 1351
f 1351 1318 1352
f 1350 1351 1352
f 1350 1352 1355
f 1355 1352 1353
f 1272 1358 1240
f 1360 1239 1357
f 1271 1239 1360
f 1271 1361 1272
f 1272 1361 1358
f 1271 1360 1361
f 1362 1250 1359
f 1282 1250 1362
f 1282 1368 1314
f 1282 1362 1368
f 1348 1357 1343
f 1348 1360 1357
f 1360 1356 1368
f 1361 1359 1358
f 1361 1362 1359
f 1360 1368 1361
f 1361 1368 1362
f 1314 1368 1298
f 1368 1363 1298
f 1368 1364 1363
f 1369 1365 1364
f 1370 1366 1365
f 1371 1367 1366
f 1368 1369 1364
f 1369 1370 1365
f 1370 1371 1366
f 1371 1372 1367
f 1368 1371 1369
f 1369 1371 1370
f 1368 1418 1371
f 1371 1416 1372
f 1388 1354 1373
f 1356 1354 1388
f 1368 1356 1388
f 1390 1374 1375
f 1391 1375 1376
f 1392 1376 1377
f 1393 1377 1378
f 1394 1378 1379
f 1395 1379 1380
f 1396 1380 1381
f 1389 1374 1390
f 1390 1375 1391
f 1391 1376 1392
f 1392 1377 1393
f 1368 1388 1389
f 1368 1389 1390
f 1390 1391 1392
f 1390 1392 1394
f 1368 1390 1426
f 1393 1378 1394
f 1394 1379 1395
f 1395 1380 1396
f 1392 1393 1394
f 1390 1394 1398
f 1394 1395 1396
f 1398 1394 1396
f 1397 1381 1382
f 1398 1382 1383
f 1399 1383 1384
f 1400 1384 1385
f 1401 1385 1386
f 1402 1386 1387
f 1397 1396 1381
f 1397 1382 1398
f 1398 1383 1399
f 1397 1398 1396
f 1390 1398 1685
f 1398 1399 1400
f 1399 1384 1400
f 1400 1385 1401
f 1401 1386 1402
f 1398 1400 1402
f 1400 1401 1402
f 1398 1402 1685
f 1372 1403 1367
f 1416 1404 1403
f 1417 1405 1404
f 1418 1406 1405
f 1419 1407 1406
f 1420 1408 1407
f 1421 1409 1408
f 1422 1410 1409
f 1372 1416 1403
f 1416 1417 1404
f 1417 1418 1405
f 1418 1419 1406
f 1371 1418 1416
f 1416 1418 1417
f 1418 1420 1419
f 1419 1420 1407
f 1420 1421 1408
f 1421 1422 1409
f 1422 1423 1410
f 1368 1426 1418
f 1418 1422 1420
f 1420 1422 1421
f 1418 1426 1422
f 1423 1411 1410
f 1424 1412 1411
f 1425 1413 1412
f 1426 1414 1413
f 1427 1415 1414
f 1428 1695 1415
f 1423 1424 1411
f 1424 1425 1412
f 1425 1426 1413
f 1422 1424 1423
f 1422 1426 1424
f 1424 1426 1425
f 1426 1427 1414
f 1427 1428 1415
f 1428 1709 1695
f 1426 1428 1427
f 1426 1710 1428
f 1356 1763 1354
f 1355 1353 1764
f 1355 1765 1356
f 1764 1353 1762
f 1356 1765 1763
f 1355 1764 1765
f 1389 1772 1374
f 1388 1373 1774
f 1388 1775 1389
f 1682 1387 1669
f 1683 1669 1670
f 1684 1670 1671
f 1685 1671 1672
f 1686 1672 1673
f 1687 1673 1674
f 1402 1387 1682
f 1682 1669 1683
f 1683 1670 1684
f 1402 1682 1683
f 1402 1683 1685
f 1683 1684 1685
f 1390 1732 1426
f 1390 1685 1732
f 1684 1671 1685
f 1685 1672 1686
f 1686 1673 1687
f 1685 1686 1687
f 1685 1687 1689
f 1688 1674 1675
f 1689 1675 1676
f 1690 1676 1677
f 1691 1677 1678
f 1692 1678 1679
f 1693 1679 1680
f 1694 1680 1681
f 1728 1681 1723
f 1687 1674 1688
f 1688 1675 1689
f 1689 1676 1690
f 1690 1677 1691
f 1687 1688 1689
f 1685 1689 1693
f 1689 1690 1691
f 1691 1678 1692
f 1692 1679 1693
f 1693 1680 1694
f 1694 1681 1728
f 1689 1691 1693
f 1685 1693 1732
f 1691 1692 1693
f 1693 1694 1728
f 1709 1696 1695
f 1710 1697 1696
f 1711 1698 1697
f 1714 1701 1700
f 1712 1699 1698
f 1713 1700 1699
f 1709 1710 1696
f 1428 1710 1709
f 1426 1714 1710
f 1710 1711 1697
f 1711 1712 1698
f 1710 1712 1711
f 1714 1715 1701
f 1426 1722 1714
f 1712 1713 1699
f 1713 1714 1700
f 1710 1714 1712
f 1712 1714 1713
f 1715 1702 1701
f 1716 1703 1702
f 1717 1704 1703
f 1718 1705 1704
f 1719 1706 1705
f 1720 1707 1706
f 1721 1708 1707
f 1722 1733 1708
f 1715 1716 1702
f 1716 1717 1703
f 1717 1718 1704
f 1714 1716 1715
f 1714 1718 1716
f 1426 1732 1722
f 1716 1718 1717
f 1714 1722 1718
f 1718 1719 1705
f 1719 1720 1706
f 1720 1721 1707
f 1721 1722 1708
f 1718 1720 1719
f 1718 1722 1720
f 1720 1722 1721
f 1774 1373 1771
f 1389 1775 1772
f 1388 1774 1775
f 1729 1723 1724
f 1730 1724 1725
f 1731 1725 1726
f 1732 1726 1727
f 1732 1727 1773
f 1728 1723 1729
f 1729 1724 1730
f 1730 1725 1731
f 1731 1726 1732
f 1693 1728 1730
f 1693 1730 1732
f 1728 1729 1730
f 1730 1731 1732
f 1732 1778 1751
f 1732 1773 1776
f 1732 1776 1778
f 1745 1734 1733
f 1746 1736 1734
f 1747 1743 1735
f 1748 1737 1736
f 1749 1738 1737
f 1750 1735 1738
f 1752 1739 1740
f 1753 1740 1741
f 1756 1741 1744
f 1754 1744 1742
f 1755 1742 1743
f 1745 1733 1722
f 1745 1746 1734
f 1746 1748 1736
f 1747 1735 1750
f 1755 1743 1747
f 1749 1737 1748
f 1749 1750 1738
f 1745 1722 1746
f 1746 1722 1749
f 1746 1749 1748
f 1732 1754 1722
f 1732 1751 1754
f 1754 1747 1749
f 1754 1755 1747
f 1754 1749 1722
f 1749 1747 1750
f 1751 1739 1752
f 1752 1740 1753
f 1753 1741 1756
f 1754 1742 1755
f 1756 1744 1754
f 1751 1752 1753
f 1751 1753 1754
f 1753 1756 1754
f 1751 1777 1739
f 1751 1778 1777
f 1765 1762 1763
f 1764 1762 1765
f 1775 1771 1772
f 1774 1771 1775
f 1778 1773 1777
f 1776 1773 1778

