# https://github.com/mikedh/trimesh
v 0.60000002 0.60000002 0.00000000
v 0.00000000 0.60000002 0.60000002
v 0.60000002 0.00000000 0.60000002
v 0.00000000 0.60000002 4.40000010
v 0.60000002 0.00000000 4.40000010
v 0.60000002 0.60000002 5.00000000
v 0.19999985 29.62500000 4.59999990
v 0.19999985 29.97500038 4.59999990
v 0.19999985 32.22499847 4.59999990
v 0.19999985 32.57500076 4.59999990
v 0.19999985 34.82500076 4.59999990
v 1.85000002 29.79999924 4.59999990
v 1.85000002 29.97500038 4.59999990
v 2.29999995 29.79999924 4.59999990
v 2.29999995 29.95407104 4.59999990
v 2.36348248 29.91859627 4.59999990
v 2.42904830 29.88753891 4.59999990
v 2.49641657 29.86103058 4.59999990
v 1.85000002 32.22499847 4.59999990
v 1.85000002 32.57500076 4.59999990
v 1.85000002 34.82500076 4.59999990
v 2.29999995 32.22499847 4.59999990
v 2.29999995 32.57500076 4.59999990
v 2.29999995 34.82500076 4.59999990
v 0.60000002 29.62500000 5.00000000
v 0.60000002 29.97500038 5.00000000
v 0.60000002 32.22499847 5.00000000
v 0.60000002 32.57500076 5.00000000
v 0.60000002 34.82500076 5.00000000
v 1.85000002 29.97500038 5.00000000
v 2.29999995 30.29090500 5.00000000
v 2.33251238 30.27218819 5.00000000
v 2.37125587 30.25328445 5.00000000
v 2.41106439 30.23714828 5.00000000
v 2.45176768 30.22385216 5.00000000
v 2.49319124 30.21344948 5.00000000
v 1.85000002 29.79999924 5.50000000
v 1.85000002 30.47237968 5.50000000
v 2.29999995 29.79999924 5.50000000
v 2.29999995 29.95407104 5.50000000
v 2.29999995 30.29090500 5.50000000
v 2.33251238 30.27218819 5.50000000
v 2.36348248 29.91859627 5.50000000
v 2.42904830 29.88753891 5.50000000
v 2.49641657 29.86103058 5.50000000
v 2.37125587 30.25328445 5.50000000
v 2.41106439 30.23714828 5.50000000
v 2.45176768 30.22385216 5.50000000
v 2.49319124 30.21344948 5.50000000
v 1.85000002 32.22499847 5.00000000
v 1.85000002 32.57500076 5.00000000
v 1.85000002 34.82500076 5.00000000
v 2.29999995 31.50909615 5.00000000
v 2.33251238 31.52781105 5.00000000
v 2.37125587 31.54671478 5.00000000
v 2.41106439 31.56285095 5.00000000
v 2.45176768 31.57614899 5.00000000
v 2.49319124 31.58654976 5.00000000
v 2.29999995 31.94592857 5.00000000
v 2.29999995 32.22499847 5.00000000
v 2.29999995 32.57500076 5.00000000
v 2.36348248 31.98140335 5.00000000
v 2.42904830 32.01246262 5.00000000
v 2.49641657 32.03897095 5.00000000
v 2.29999995 34.82500076 5.00000000
v 1.85000002 31.42762184 5.50000000
v 2.29999995 31.50909615 5.50000000
v 2.33251238 31.52781105 5.50000000
v 2.37125587 31.54671478 5.50000000
v 2.41106439 31.56285095 5.50000000
v 2.45176768 31.57614899 5.50000000
v 2.49319124 31.58654976 5.50000000
v 2.29999995 31.94592857 5.50000000
v 2.36348248 31.98140335 5.50000000
v 2.42904830 32.01246262 5.50000000
v 2.49641657 32.03897095 5.50000000
v 2.56529903 29.83918571 4.59999990
v 2.63540053 29.82209778 4.59999990
v 2.70642114 29.80983925 4.59999990
v 2.77805662 29.80246162 4.59999990
v 2.84999990 29.79999924 4.59999990
v 2.92194343 29.80246162 4.59999990
v 2.99357891 29.80983925 4.59999990
v 3.06459928 29.82209778 4.59999990
v 3.13470101 29.83918571 4.59999990
v 3.20358348 29.86103058 4.59999990
v 3.27095175 29.88753891 4.59999990
v 3.33651757 29.91859627 4.59999990
v 3.40000010 29.95407104 4.59999990
v 3.43219352 29.97500038 4.59999990
v 2.53515792 30.20598793 5.00000000
v 2.57748795 30.20149803 5.00000000
v 2.61999989 30.20000076 5.00000000
v 2.66251206 30.20149803 5.00000000
v 2.70484209 30.20598793 5.00000000
v 2.74680877 30.21344948 5.00000000
v 2.78823233 30.22385216 5.00000000
v 2.82893562 30.23714828 5.00000000
v 2.86874413 30.25328445 5.00000000
v 2.90748763 30.27218819 5.00000000
v 2.94499993 30.29378128 5.00000000
v 2.98112059 30.31797218 5.00000000
v 3.01569486 30.34465218 5.00000000
v 3.04857469 30.37371254 5.00000000
v 3.07961941 30.40502548 5.00000000
v 3.10869598 30.43845749 5.00000000
v 3.13567972 30.47386742 5.00000000
v 3.16045523 30.51110077 5.00000000
v 3.18291640 30.54999924 5.00000000
v 3.20296717 30.59039879 5.00000000
v 3.43219352 29.97500038 5.00000000
v 3.46112728 29.99381065 5.00000000
v 3.51963758 30.03764343 5.00000000
v 3.57528043 30.08538437 5.00000000
v 3.62781739 30.13682747 5.00000000
v 3.67702389 30.19175148 5.00000000
v 3.72268867 30.24992371 5.00000000
v 2.56529903 29.83918571 5.50000000
v 2.63540053 29.82209778 5.50000000
v 2.53515792 30.20598793 5.50000000
v 2.57748795 30.20149803 5.50000000
v 2.61999989 30.20000076 5.50000000
v 2.70642114 29.80983925 5.50000000
v 2.77805662 29.80246162 5.50000000
v 2.66251206 30.20149803 5.50000000
v 2.70484209 30.20598793 5.50000000
v 2.74680877 30.21344948 5.50000000
v 2.78823233 30.22385216 5.50000000
v 2.84999990 29.79999924 5.50000000
v 2.92194343 29.80246162 5.50000000
v 2.82893562 30.23714828 5.50000000
v 2.86874413 30.25328445 5.50000000
v 2.90748763 30.27218819 5.50000000
v 2.94499993 30.29378128 5.50000000
v 2.99357891 29.80983925 5.50000000
v 3.06459928 29.82209778 5.50000000
v 2.98112059 30.31797218 5.50000000
v 3.01569486 30.34465218 5.50000000
v 3.04857469 30.37371254 5.50000000
v 3.07961941 30.40502548 5.50000000
v 3.10869598 30.43845749 5.50000000
v 3.13470101 29.83918571 5.50000000
v 3.20358348 29.86103058 5.50000000
v 3.27095175 29.88753891 5.50000000
v 3.13567972 30.47386742 5.50000000
v 3.16045523 30.51110077 5.50000000
v 3.18291640 30.54999924 5.50000000
v 3.20296717 30.59039879 5.50000000
v 3.33651757 29.91859627 5.50000000
v 3.40000010 29.95407104 5.50000000
v 3.46112728 29.99381065 5.50000000
v 3.51963758 30.03764343 5.50000000
v 3.57528043 30.08538437 5.50000000
v 3.62781739 30.13682747 5.50000000
v 3.67702389 30.19175148 5.50000000
v 3.72268867 30.24992371 5.50000000
v 2.53515792 31.59401131 5.00000000
v 2.57748795 31.59850121 5.00000000
v 2.61999989 31.60000038 5.00000000
v 2.66251206 31.59850121 5.00000000
v 2.70484209 31.59401131 5.00000000
v 2.74680877 31.58654976 5.00000000
v 2.78823233 31.57614899 5.00000000
v 2.56529903 32.06081390 5.00000000
v 2.63540053 32.07790375 5.00000000
v 2.70642114 32.09016037 5.00000000
v 2.77805662 32.09753799 5.00000000
v 2.82893562 31.56285095 5.00000000
v 2.86874413 31.54671478 5.00000000
v 2.90748763 31.52781105 5.00000000
v 2.94499993 31.50621796 5.00000000
v 2.98112059 31.48202896 5.00000000
v 3.01569486 31.45534706 5.00000000
v 3.04857469 31.42628860 5.00000000
v 3.07961941 31.39497566 5.00000000
v 3.10869598 31.36154175 5.00000000
v 2.84999990 32.09999847 5.00000000
v 2.92194343 32.09753799 5.00000000
v 2.99357891 32.09016037 5.00000000
v 3.06459928 32.07790375 5.00000000
v 3.22052169 30.63212204 5.00000000
v 3.23550463 30.67499161 5.00000000
v 3.24785185 30.71882629 5.00000000
v 3.25751042 30.76343727 5.00000000
v 3.26443911 30.80863190 5.00000000
v 3.26860833 30.85421753 5.00000000
v 3.22052169 31.16787910 5.00000000
v 3.23550463 31.12500763 5.00000000
v 3.26999998 30.89999962 5.00000000
v 3.26860833 30.94578171 5.00000000
v 3.26443911 30.99136925 5.00000000
v 3.25751042 31.03656387 5.00000000
v 3.24785185 31.08117294 5.00000000
v 3.16045523 31.28889847 5.00000000
v 3.13567972 31.32613373 5.00000000
v 3.18291640 31.25000000 5.00000000
v 3.20296717 31.20960236 5.00000000
v 3.13470101 32.06081390 5.00000000
v 3.20358348 32.03897095 5.00000000
v 3.27095175 32.01246262 5.00000000
v 3.33651757 31.98140335 5.00000000
v 3.40000010 31.94592857 5.00000000
v 3.67702389 31.70824814 5.00000000
v 3.72268867 31.65007591 5.00000000
v 3.46112728 31.90619087 5.00000000
v 3.51963758 31.86235619 5.00000000
v 3.57528043 31.81461525 5.00000000
v 3.62781739 31.76317215 5.00000000
v 2.53515792 31.59401131 5.50000000
v 2.57748795 31.59850121 5.50000000
v 2.61999989 31.60000038 5.50000000
v 2.66251206 31.59850121 5.50000000
v 2.70484209 31.59401131 5.50000000
v 2.74680877 31.58654976 5.50000000
v 2.78823233 31.57614899 5.50000000
v 2.56529903 32.06081390 5.50000000
v 2.63540053 32.07790375 5.50000000
v 2.70642114 32.09016037 5.50000000
v 2.77805662 32.09753799 5.50000000
v 2.82893562 31.56285095 5.50000000
v 2.86874413 31.54671478 5.50000000
v 2.90748763 31.52781105 5.50000000
v 2.94499993 31.50621796 5.50000000
v 2.98112059 31.48202896 5.50000000
v 3.01569486 31.45534706 5.50000000
v 3.04857469 31.42628860 5.50000000
v 3.07961941 31.39497566 5.50000000
v 3.10869598 31.36154175 5.50000000
v 2.84999990 32.09999847 5.50000000
v 2.92194343 32.09753799 5.50000000
v 2.99357891 32.09016037 5.50000000
v 3.06459928 32.07790375 5.50000000
v 3.22052169 30.63212204 5.50000000
v 3.23550463 30.67499161 5.50000000
v 3.24785185 30.71882629 5.50000000
v 3.25751042 30.76343727 5.50000000
v 3.26443911 30.80863190 5.50000000
v 3.26860833 30.85421753 5.50000000
v 3.22052169 31.16787910 5.50000000
v 3.23550463 31.12500763 5.50000000
v 3.26999998 30.89999962 5.50000000
v 3.26860833 30.94578171 5.50000000
v 3.26443911 30.99136925 5.50000000
v 3.25751042 31.03656387 5.50000000
v 3.24785185 31.08117294 5.50000000
v 3.16045523 31.28889847 5.50000000
v 3.13567972 31.32613373 5.50000000
v 3.18291640 31.25000000 5.50000000
v 3.20296717 31.20960236 5.50000000
v 3.13470101 32.06081390 5.50000000
v 3.20358348 32.03897095 5.50000000
v 3.27095175 32.01246262 5.50000000
v 3.33651757 31.98140335 5.50000000
v 3.40000010 31.94592857 5.50000000
v 3.67702389 31.70824814 5.50000000
v 3.72268867 31.65007591 5.50000000
v 3.46112728 31.90619087 5.50000000
v 3.51963758 31.86235619 5.50000000
v 3.57528043 31.81461525 5.50000000
v 3.62781739 31.76317215 5.50000000
v 3.76461649 30.31109428 5.00000000
v 3.80262804 30.37500000 5.00000000
v 3.83656001 30.44136810 5.00000000
v 3.86626744 30.50991440 5.00000000
v 3.89162326 30.58034515 5.00000000
v 3.76461649 30.31109428 5.50000000
v 3.80262804 30.37500000 5.50000000
v 3.83656001 30.44136810 5.50000000
v 3.86626744 30.50991440 5.50000000
v 3.89162326 30.58034515 5.50000000
v 3.76461649 31.58890533 5.00000000
v 3.80262804 31.52499962 5.00000000
v 3.86626744 31.39008522 5.00000000
v 3.89162326 31.31965446 5.00000000
v 3.83656001 31.45863152 5.00000000
v 3.91251850 30.65235901 5.00000000
v 3.92886376 30.72564697 5.00000000
v 3.94058943 30.79989433 5.00000000
v 3.94764471 30.87478638 5.00000000
v 3.94058943 31.10010529 5.00000000
v 3.95000005 30.95000076 5.00000000
v 3.94764471 31.02521324 5.00000000
v 3.91251850 31.24764252 5.00000000
v 3.92886376 31.17435455 5.00000000
v 3.76461649 31.58890533 5.50000000
v 3.80262804 31.52499962 5.50000000
v 3.86626744 31.39008522 5.50000000
v 3.89162326 31.31965446 5.50000000
v 3.83656001 31.45863152 5.50000000
v 3.91251850 30.65235901 5.50000000
v 3.92886376 30.72564697 5.50000000
v 3.94058943 30.79989433 5.50000000
v 3.94764471 30.87478638 5.50000000
v 3.94058943 31.10010529 5.50000000
v 3.95000005 30.95000076 5.50000000
v 3.94764471 31.02521324 5.50000000
v 3.91251850 31.24764252 5.50000000
v 3.92886376 31.17435455 5.50000000
v 6.03184509 29.97500038 4.59999990
v 6.08530140 29.95525551 4.59999990
v 6.17414808 29.92878723 4.59999990
v 6.26653099 29.90733337 4.59999990
v 6.36205482 29.89098740 4.59999990
v 6.46031046 29.87981987 4.59999990
v 6.56087685 29.87387466 4.59999990
v 6.66332388 29.87318230 4.59999990
v 6.76721287 29.87774277 4.59999990
v 6.87209845 29.88753700 4.59999990
v 6.97753143 29.90252304 4.59999990
v 7.08306122 29.92263603 4.59999990
v 7.18823481 29.94779205 4.59999990
v 7.28261232 29.97500038 4.59999990
v 6.71738720 32.22499847 4.59999990
v 6.81176519 32.25220871 4.59999990
v 6.91693878 32.27736282 4.59999990
v 7.02246857 32.29747772 4.59999990
v 7.12790155 32.31246185 4.59999990
v 7.23278713 32.32225800 4.59999990
v 7.33667612 32.32681656 4.59999990
v 7.43912315 32.32612610 4.59999990
v 5.41381836 30.60320473 5.00000000
v 5.46558046 30.46098900 5.00000000
v 5.43635130 30.53087807 5.00000000
v 5.54359722 30.32970619 5.00000000
v 5.50137997 30.39383698 5.00000000
v 5.59205055 30.26887703 5.00000000
v 5.64653349 30.21160507 5.00000000
v 5.70681143 30.15813828 5.00000000
v 5.77262735 30.10870361 5.00000000
v 5.84369946 30.06351471 5.00000000
v 5.91972256 30.02276421 5.00000000
v 6.00037146 29.98662567 5.00000000
v 6.03184509 29.97500038 5.00000000
v 5.41381836 30.60320473 5.50000000
v 5.46558046 30.46098900 5.50000000
v 5.43635130 30.53087807 5.50000000
v 5.54359722 30.32970619 5.50000000
v 5.50137997 30.39383698 5.50000000
v 5.59205055 30.26887703 5.50000000
v 5.64653349 30.21160507 5.50000000
v 5.70681143 30.15813828 5.50000000
v 5.77262735 30.10870361 5.50000000
v 5.84369946 30.06351471 5.50000000
v 5.91972256 30.02276421 5.50000000
v 6.00037146 29.98662567 5.50000000
v 6.08530140 29.95525551 5.50000000
v 6.17414808 29.92878723 5.50000000
v 5.38919592 30.75392151 5.00000000
v 5.38721228 30.83166504 5.00000000
v 5.39807701 30.67765808 5.00000000
v 5.39213514 30.91055870 5.00000000
v 5.40394258 30.99026299 5.00000000
v 5.42258501 31.07043839 5.00000000
v 5.44798183 31.15073776 5.00000000
v 5.48002481 31.23082161 5.00000000
v 5.51857662 31.31034660 5.00000000
v 5.56347227 31.38896942 5.00000000
v 5.61451912 31.46635437 5.00000000
v 5.67149878 31.54217148 5.00000000
v 5.73416758 31.61609459 5.00000000
v 5.80225658 31.68780708 5.00000000
v 5.87547445 31.75700378 5.00000000
v 5.95350790 31.82338524 5.00000000
v 6.03602266 31.88667107 5.00000000
v 6.12266493 31.94658661 5.00000000
v 6.21306419 32.00288010 5.00000000
v 5.38919592 30.75392151 5.50000000
v 5.38721228 30.83166504 5.50000000
v 5.39807701 30.67765808 5.50000000
v 5.39213514 30.91055870 5.50000000
v 5.40394258 30.99026299 5.50000000
v 5.42258501 31.07043839 5.50000000
v 5.44798183 31.15073776 5.50000000
v 5.48002481 31.23082161 5.50000000
v 5.51857662 31.31034660 5.50000000
v 5.56347227 31.38896942 5.50000000
v 5.61451912 31.46635437 5.50000000
v 5.67149878 31.54217148 5.50000000
v 5.73416758 31.61609459 5.50000000
v 5.80225658 31.68780708 5.50000000
v 5.87547445 31.75700378 5.50000000
v 5.95350790 31.82338524 5.50000000
v 6.03602266 31.88667107 5.50000000
v 6.12266493 31.94658661 5.50000000
v 6.21306419 32.00288010 5.50000000
v 7.28261232 29.97500038 5.00000000
v 7.29260254 29.97788048 5.00000000
v 7.39571714 30.01277542 5.00000000
v 7.49713755 30.05232620 5.00000000
v 6.26653099 29.90733337 5.50000000
v 6.36205482 29.89098740 5.50000000
v 6.46031046 29.87981987 5.50000000
v 6.56087685 29.87387466 5.50000000
v 6.66332388 29.87318230 5.50000000
v 6.76721287 29.87774277 5.50000000
v 6.87209845 29.88753700 5.50000000
v 6.97753143 29.90252304 5.50000000
v 7.08306122 29.92263603 5.50000000
v 7.18823481 29.94779205 5.50000000
v 7.29260254 29.97788048 5.50000000
v 7.39571714 30.01277542 5.50000000
v 7.49713755 30.05232620 5.50000000
v 6.30683374 32.05530167 5.00000000
v 6.40357113 32.10363770 5.00000000
v 6.50286245 32.14767456 5.00000000
v 6.60428286 32.18722534 5.00000000
v 6.71738720 32.22499847 5.00000000
v 6.70739746 32.22211838 5.00000000
v 6.30683374 32.05530167 5.50000000
v 6.40357113 32.10363770 5.50000000
v 6.50286245 32.14767456 5.50000000
v 6.60428286 32.18722534 5.50000000
v 6.70739746 32.22211838 5.50000000
v 6.81176519 32.25220871 5.50000000
v 6.91693878 32.27736282 5.50000000
v 7.02246857 32.29747772 5.50000000
v 7.12790155 32.31246185 5.50000000
v 7.23278713 32.32225800 5.50000000
v 7.33667612 32.32681656 5.50000000
v 7.43912315 32.32612610 5.50000000
v 7.53968954 32.32018280 4.59999990
v 7.63794518 32.30901337 4.59999990
v 7.73346901 32.29266739 4.59999990
v 7.91469860 32.24474335 4.59999990
v 7.96815825 32.22499847 4.59999990
v 7.82585192 32.27121353 4.59999990
v 8.11294460 32.22499847 4.59999990
v 8.11294460 32.57500076 4.59999990
v 8.11294460 34.82500076 4.59999990
v 8.61294460 32.22499847 4.59999990
v 8.61294460 32.57500076 4.59999990
v 8.61294460 34.82500076 4.59999990
v 9.38705540 32.22499847 4.59999990
v 9.38705540 32.57500076 4.59999990
v 9.88705540 32.22499847 4.59999990
v 9.88705540 32.57500076 4.59999990
v 9.38705540 34.82500076 4.59999990
v 9.88705540 34.82500076 4.59999990
v 7.59642887 30.09636307 5.00000000
v 7.69316626 30.14469719 5.00000000
v 7.78693581 30.19712067 5.00000000
v 7.87733507 30.25341225 5.00000000
v 7.96397734 30.31332970 5.00000000
v 8.04649258 30.37661362 5.00000000
v 8.12452507 30.44299698 5.00000000
v 8.19774342 30.51219368 5.00000000
v 8.26583290 30.58390617 5.00000000
v 7.59642887 30.09636307 5.50000000
v 7.69316626 30.14469719 5.50000000
v 7.78693581 30.19712067 5.50000000
v 7.87733507 30.25341225 5.50000000
v 7.96397734 30.31332970 5.50000000
v 8.04649258 30.37661362 5.50000000
v 8.12452507 30.44299698 5.50000000
v 8.19774342 30.51219368 5.50000000
v 8.26583290 30.58390617 5.50000000
v 7.96815825 32.22499847 5.00000000
v 7.99962854 32.21337509 5.00000000
v 8.08027744 32.17723846 5.00000000
v 8.11294460 32.15972519 5.00000000
v 8.11294460 32.22499847 5.00000000
v 8.11294460 32.57500076 5.00000000
v 8.11294460 34.82500076 5.00000000
v 8.32850075 30.65782928 5.00000000
v 8.38548088 30.73364639 5.00000000
v 8.43652821 30.81103134 5.00000000
v 8.48142338 30.88965416 5.00000000
v 8.51997471 30.96917725 5.00000000
v 8.55201817 31.04926109 5.00000000
v 8.56806564 31.10000038 5.00000000
v 8.61294460 31.10000038 5.00000000
v 8.61294460 32.22499847 5.00000000
v 8.61294460 32.57500076 5.00000000
v 8.61294460 34.82500076 5.00000000
v 7.53968954 32.32018280 5.50000000
v 7.63794518 32.30901337 5.50000000
v 7.73346901 32.29266739 5.50000000
v 7.91469860 32.24474335 5.50000000
v 7.82585192 32.27121353 5.50000000
v 7.99962854 32.21337509 5.50000000
v 8.08027744 32.17723846 5.50000000
v 8.11294460 32.15972519 5.50000000
v 8.32850075 30.65782928 5.50000000
v 8.38548088 30.73364639 5.50000000
v 8.43652821 30.81103134 5.50000000
v 8.48142338 30.88965416 5.50000000
v 8.51997471 30.96917725 5.50000000
v 8.55201817 31.04926109 5.50000000
v 8.56806564 31.10000038 5.50000000
v 8.61294460 31.10000038 5.50000000
v 9.38705540 31.10000038 5.00000000
v 9.38705540 32.22499847 5.00000000
v 9.38705540 32.57500076 5.00000000
v 9.88705540 31.10000038 5.00000000
v 9.88705540 32.22499847 5.00000000
v 9.88705540 32.57500076 5.00000000
v 9.38705540 34.82500076 5.00000000
v 9.88705540 34.82500076 5.00000000
v 9.38705540 31.10000038 5.50000000
v 9.88705540 31.10000038 5.50000000
v 0.60000002 69.40000153 0.00000000
v 0.00000000 69.40000153 0.60000002
v 0.60000002 70.00000000 0.60000002
v 0.19999985 35.17499924 4.59999990
v 0.19999985 37.42499924 4.59999990
v 0.19999985 37.77500153 4.59999990
v 0.19999985 40.02500153 4.59999990
v 0.19999985 40.37500000 4.59999990
v 1.85000002 35.00000000 4.59999990
v 2.29999995 35.00000000 4.59999990
v 0.60000002 35.17499924 5.00000000
v 0.60000002 37.42499924 5.00000000
v 0.60000002 37.77500153 5.00000000
v 0.60000002 40.02500153 5.00000000
v 0.60000002 40.37500000 5.00000000
v 1.85000002 35.00000000 5.50000000
v 2.29999995 35.00000000 5.50000000
v 0.00000000 69.40000153 4.40000010
v 0.60000002 70.00000000 4.40000010
v 0.60000002 69.40000153 5.00000000
v 4.78749990 56.50000000 4.59999990
v 4.78749990 60.34999847 4.59999990
v 4.78749990 56.50000000 5.00000000
v 4.78749990 61.65000153 4.59999990
v 4.78749990 64.19999695 4.59999990
v 4.78749990 65.50000000 4.59999990
v 4.78749990 65.50000000 5.00000000
v 5.84999990 40.02500153 4.59999990
v 5.84999990 40.37500000 4.59999990
v 6.30000019 40.02500153 4.59999990
v 6.30000019 40.37500000 4.59999990
v 7.16848135 40.37500000 4.59999990
v 7.18291664 40.34999847 4.59999990
v 7.26443911 40.09136963 4.59999990
v 7.25751066 40.13656235 4.59999990
v 7.24785185 40.18117523 4.59999990
v 7.20296717 40.30960083 4.59999990
v 7.22052193 40.26787949 4.59999990
v 7.23550463 40.22500610 4.59999990
v 7.26923990 40.02500153 4.59999990
v 7.26860809 40.04578400 4.59999990
v 5.84999990 38.90000153 5.00000000
v 5.84999990 38.90000153 5.50000000
v 5.84999990 40.02500153 5.00000000
v 5.84999990 40.37500000 5.00000000
v 5.84999990 39.57238007 5.50000000
v 5.84999990 40.52762222 5.50000000
v 6.30000019 38.90000153 5.00000000
v 6.30000019 39.05406952 5.00000000
v 6.36348248 39.01859665 5.00000000
v 6.33251238 39.37218857 5.00000000
v 6.37125587 39.35328293 5.00000000
v 6.42904806 38.98753738 5.00000000
v 6.41106415 39.33715057 5.00000000
v 6.45176744 39.32385254 5.00000000
v 6.49641657 38.96102905 5.00000000
v 6.49319124 39.31344986 5.00000000
v 6.53515816 39.30598831 5.00000000
v 6.56529903 38.93918610 5.00000000
v 6.63540077 38.92209625 5.00000000
v 6.57748795 39.30149841 5.00000000
v 6.61999989 39.29999924 5.00000000
v 6.70642138 38.90983963 5.00000000
v 6.66251183 39.30149841 5.00000000
v 6.70484209 39.30598831 5.00000000
v 6.77805662 38.90246201 5.00000000
v 6.74680853 39.31344986 5.00000000
v 6.78823233 39.32385254 5.00000000
v 6.84999990 38.90000153 5.00000000
v 6.82893562 39.33715057 5.00000000
v 6.86874437 39.35328293 5.00000000
v 6.92194366 38.90246201 5.00000000
v 6.90748787 39.37218857 5.00000000
v 6.99357891 38.90983963 5.00000000
v 7.06459951 38.92209625 5.00000000
v 7.13470078 38.93918610 5.00000000
v 7.20358324 38.96102905 5.00000000
v 7.27095175 38.98753738 5.00000000
v 7.33651733 39.01859665 5.00000000
v 7.40000010 39.05406952 5.00000000
v 7.46112728 39.09381104 5.00000000
v 6.30000019 38.90000153 5.50000000
v 6.30000019 39.05406952 5.50000000
v 6.36348248 39.01859665 5.50000000
v 6.33251238 39.37218857 5.50000000
v 6.37125587 39.35328293 5.50000000
v 6.42904806 38.98753738 5.50000000
v 6.41106415 39.33715057 5.50000000
v 6.45176744 39.32385254 5.50000000
v 6.49641657 38.96102905 5.50000000
v 6.49319124 39.31344986 5.50000000
v 6.53515816 39.30598831 5.50000000
v 6.56529903 38.93918610 5.50000000
v 6.63540077 38.92209625 5.50000000
v 6.57748795 39.30149841 5.50000000
v 6.61999989 39.29999924 5.50000000
v 6.70642138 38.90983963 5.50000000
v 6.66251183 39.30149841 5.50000000
v 6.70484209 39.30598831 5.50000000
v 6.77805662 38.90246201 5.50000000
v 6.74680853 39.31344986 5.50000000
v 6.78823233 39.32385254 5.50000000
v 6.84999990 38.90000153 5.50000000
v 6.82893562 39.33715057 5.50000000
v 6.86874437 39.35328293 5.50000000
v 6.92194366 38.90246201 5.50000000
v 6.90748787 39.37218857 5.50000000
v 6.99357891 38.90983963 5.50000000
v 7.06459951 38.92209625 5.50000000
v 7.13470078 38.93918610 5.50000000
v 7.20358324 38.96102905 5.50000000
v 7.27095175 38.98753738 5.50000000
v 7.33651733 39.01859665 5.50000000
v 7.40000010 39.05406952 5.50000000
v 7.46112728 39.09381104 5.50000000
v 6.30000019 39.39090347 5.00000000
v 6.30000019 40.02500153 5.00000000
v 6.30000019 40.37500000 5.00000000
v 6.30000019 40.60909653 5.00000000
v 6.33251238 40.62781143 5.00000000
v 6.37125587 40.64671707 5.00000000
v 6.30000019 41.04592896 5.00000000
v 6.36348248 41.08140182 5.00000000
v 6.41106415 40.66284943 5.00000000
v 6.45176744 40.67614746 5.00000000
v 6.49319124 40.68655014 5.00000000
v 6.53515816 40.69401169 5.00000000
v 6.42904806 41.11246109 5.00000000
v 6.49641657 41.13896942 5.00000000
v 6.57748795 40.69850159 5.00000000
v 6.61999989 40.70000076 5.00000000
v 6.66251183 40.69850159 5.00000000
v 6.70484209 40.69401169 5.00000000
v 6.56529903 41.16081619 5.00000000
v 6.63540077 41.17790222 5.00000000
v 6.70642138 41.19016266 5.00000000
v 6.74680853 40.68655014 5.00000000
v 6.78823233 40.67614746 5.00000000
v 6.82893562 40.66284943 5.00000000
v 6.86874437 40.64671707 5.00000000
v 6.77805662 41.19753647 5.00000000
v 6.84999990 41.20000076 5.00000000
v 6.94500017 39.39378357 5.00000000
v 6.98112059 39.41797256 5.00000000
v 7.01569510 39.44465256 5.00000000
v 7.04857492 39.47371292 5.00000000
v 7.07961941 39.50502396 5.00000000
v 7.10869598 39.53845978 5.00000000
v 7.13567972 39.57386780 5.00000000
v 7.16045523 39.61109924 5.00000000
v 7.18291664 39.65000153 5.00000000
v 7.10869598 40.46154022 5.00000000
v 7.13567972 40.42613220 5.00000000
v 7.16045523 40.38890076 5.00000000
v 7.16848135 40.37500000 5.00000000
v 6.90748787 40.62781143 5.00000000
v 6.94500017 40.60621643 5.00000000
v 6.98112059 40.58202744 5.00000000
v 7.01569510 40.55534744 5.00000000
v 6.92194366 41.19753647 5.00000000
v 6.99357891 41.19016266 5.00000000
v 7.04857492 40.52628708 5.00000000
v 7.07961941 40.49497604 5.00000000
v 7.06459951 41.17790222 5.00000000
v 7.13470078 41.16081619 5.00000000
v 7.20296717 39.69039917 5.00000000
v 7.22052193 39.73212051 5.00000000
v 7.23550463 39.77499390 5.00000000
v 7.24785185 39.81882477 5.00000000
v 7.25751066 39.86343765 5.00000000
v 7.26443911 39.90863037 5.00000000
v 7.26860809 39.95421600 5.00000000
v 7.26923990 40.02500153 5.00000000
v 7.26999998 40.00000000 5.00000000
v 7.20358324 41.13896942 5.00000000
v 7.27095175 41.11246109 5.00000000
v 7.33651733 41.08140182 5.00000000
v 7.46112728 41.00619125 5.00000000
v 7.40000010 41.04592896 5.00000000
v 6.30000019 39.39090347 5.50000000
v 6.30000019 40.60909653 5.50000000
v 6.33251238 40.62781143 5.50000000
v 6.37125587 40.64671707 5.50000000
v 6.30000019 41.04592896 5.50000000
v 6.36348248 41.08140182 5.50000000
v 6.41106415 40.66284943 5.50000000
v 6.45176744 40.67614746 5.50000000
v 6.49319124 40.68655014 5.50000000
v 6.53515816 40.69401169 5.50000000
v 6.42904806 41.11246109 5.50000000
v 6.49641657 41.13896942 5.50000000
v 6.57748795 40.69850159 5.50000000
v 6.61999989 40.70000076 5.50000000
v 6.66251183 40.69850159 5.50000000
v 6.70484209 40.69401169 5.50000000
v 6.56529903 41.16081619 5.50000000
v 6.63540077 41.17790222 5.50000000
v 6.70642138 41.19016266 5.50000000
v 6.74680853 40.68655014 5.50000000
v 6.78823233 40.67614746 5.50000000
v 6.82893562 40.66284943 5.50000000
v 6.86874437 40.64671707 5.50000000
v 6.77805662 41.19753647 5.50000000
v 6.84999990 41.20000076 5.50000000
v 6.94500017 39.39378357 5.50000000
v 6.98112059 39.41797256 5.50000000
v 7.01569510 39.44465256 5.50000000
v 7.04857492 39.47371292 5.50000000
v 7.07961941 39.50502396 5.50000000
v 7.10869598 39.53845978 5.50000000
v 7.13567972 39.57386780 5.50000000
v 7.16045523 39.61109924 5.50000000
v 7.18291664 39.65000153 5.50000000
v 7.10869598 40.46154022 5.50000000
v 7.13567972 40.42613220 5.50000000
v 7.16045523 40.38890076 5.50000000
v 7.18291664 40.34999847 5.50000000
v 6.90748787 40.62781143 5.50000000
v 6.94500017 40.60621643 5.50000000
v 6.98112059 40.58202744 5.50000000
v 7.01569510 40.55534744 5.50000000
v 6.92194366 41.19753647 5.50000000
v 6.99357891 41.19016266 5.50000000
v 7.04857492 40.52628708 5.50000000
v 7.07961941 40.49497604 5.50000000
v 7.06459951 41.17790222 5.50000000
v 7.13470078 41.16081619 5.50000000
v 7.20296717 39.69039917 5.50000000
v 7.22052193 39.73212051 5.50000000
v 7.23550463 39.77499390 5.50000000
v 7.24785185 39.81882477 5.50000000
v 7.25751066 39.86343765 5.50000000
v 7.26443911 39.90863037 5.50000000
v 7.26443911 40.09136963 5.50000000
v 7.25751066 40.13656235 5.50000000
v 7.24785185 40.18117523 5.50000000
v 7.20296717 40.30960083 5.50000000
v 7.22052193 40.26787949 5.50000000
v 7.23550463 40.22500610 5.50000000
v 7.26860809 39.95421600 5.50000000
v 7.26999998 40.00000000 5.50000000
v 7.26860809 40.04578400 5.50000000
v 7.20358324 41.13896942 5.50000000
v 7.27095175 41.11246109 5.50000000
v 7.33651733 41.08140182 5.50000000
v 7.46112728 41.00619125 5.50000000
v 7.40000010 41.04592896 5.50000000
v 5.84999990 44.09999847 5.00000000
v 5.84999990 44.09999847 5.50000000
v 6.30000019 44.09999847 5.00000000
v 6.30000019 44.09999847 5.50000000
v 8.11294460 35.17499924 4.59999990
v 8.11294460 37.42499924 4.59999990
v 8.11294460 37.77500153 4.59999990
v 8.61294460 35.17499924 4.59999990
v 8.61294460 37.42499924 4.59999990
v 8.61294460 37.77500153 4.59999990
v 7.94921732 40.02500153 4.59999990
v 7.94999981 40.04999924 4.59999990
v 7.94764471 40.12521362 4.59999990
v 7.92886400 40.27435303 4.59999990
v 7.90458012 40.37500000 4.59999990
v 7.91251850 40.34764099 4.59999990
v 7.94058943 40.20010376 4.59999990
v 9.38705540 35.17499924 4.59999990
v 9.88705540 35.17499924 4.59999990
v 9.38705540 37.42499924 4.59999990
v 9.38705540 37.77500153 4.59999990
v 9.88705540 37.42499924 4.59999990
v 9.88705540 37.77500153 4.59999990
v 9.38705540 40.02500153 4.59999990
v 9.38705540 40.20000076 4.59999990
v 9.43193436 40.20000076 4.59999990
v 9.44798183 40.25074005 4.59999990
v 9.48002529 40.33082199 4.59999990
v 9.50144100 40.37500000 4.59999990
v 8.11294460 35.17499924 5.00000000
v 7.51963758 39.13764191 5.00000000
v 7.57528019 39.18538284 5.00000000
v 7.62781763 39.23682785 5.00000000
v 7.67702389 39.29175186 5.00000000
v 7.72268867 39.34992599 5.00000000
v 8.11294460 37.42499924 5.00000000
v 8.11294460 37.77500153 5.00000000
v 8.61294460 35.17499924 5.00000000
v 8.61294460 37.42499924 5.00000000
v 8.61294460 37.77500153 5.00000000
v 7.51963758 39.13764191 5.50000000
v 7.57528019 39.18538284 5.50000000
v 7.62781763 39.23682785 5.50000000
v 7.67702389 39.29175186 5.50000000
v 7.72268867 39.34992599 5.50000000
v 7.76461649 39.41109467 5.00000000
v 7.80262804 39.47499847 5.00000000
v 7.51963758 40.96235657 5.00000000
v 7.57528019 40.91461563 5.00000000
v 7.62781763 40.86317444 5.00000000
v 7.67702389 40.80824661 5.00000000
v 7.72268867 40.75007629 5.00000000
v 7.76461649 40.68890762 5.00000000
v 7.80262804 40.62500000 5.00000000
v 7.83656025 39.54136658 5.00000000
v 7.86626768 39.60991287 5.00000000
v 7.89162302 39.68034363 5.00000000
v 7.91251850 39.75235748 5.00000000
v 7.92886400 39.82564545 5.00000000
v 7.94058943 39.89989471 5.00000000
v 7.94764471 39.97478485 5.00000000
v 7.94921732 40.02500153 5.00000000
v 7.90458012 40.37500000 5.00000000
v 7.89162302 40.41965485 5.00000000
v 8.11294460 39.40000153 5.00000000
v 7.83656025 40.55863190 5.00000000
v 7.86626768 40.49008560 5.00000000
v 8.61294460 39.40000153 5.00000000
v 7.76461649 39.41109467 5.50000000
v 7.80262804 39.47499847 5.50000000
v 7.51963758 40.96235657 5.50000000
v 7.57528019 40.91461563 5.50000000
v 7.62781763 40.86317444 5.50000000
v 7.67702389 40.80824661 5.50000000
v 7.72268867 40.75007629 5.50000000
v 7.76461649 40.68890762 5.50000000
v 7.80262804 40.62500000 5.50000000
v 7.83656025 39.54136658 5.50000000
v 7.86626768 39.60991287 5.50000000
v 7.89162302 39.68034363 5.50000000
v 7.91251850 39.75235748 5.50000000
v 7.92886400 39.82564545 5.50000000
v 7.94058943 39.89989471 5.50000000
v 7.94764471 39.97478485 5.50000000
v 7.94999981 40.04999924 5.50000000
v 7.94764471 40.12521362 5.50000000
v 7.92886400 40.27435303 5.50000000
v 7.89162302 40.41965485 5.50000000
v 7.91251850 40.34764099 5.50000000
v 7.94058943 40.20010376 5.50000000
v 8.11294460 39.40000153 5.50000000
v 7.83656025 40.55863190 5.50000000
v 7.86626768 40.49008560 5.50000000
v 8.61294460 39.40000153 5.50000000
v 9.38705540 35.17499924 5.00000000
v 9.88705540 35.17499924 5.00000000
v 9.38705540 37.42499924 5.00000000
v 9.38705540 37.77500153 5.00000000
v 9.88705540 37.42499924 5.00000000
v 9.88705540 37.77500153 5.00000000
v 9.88705540 39.14027405 5.00000000
v 9.91972256 39.12276459 5.00000000
v 9.88705540 39.14027405 5.50000000
v 9.91972256 39.12276459 5.50000000
v 9.38705540 40.02500153 5.00000000
v 9.50144100 40.37500000 5.00000000
v 9.51857662 40.41034698 5.00000000
v 9.56347179 40.48896790 5.00000000
v 9.61451912 40.56635284 5.00000000
v 9.67149925 40.64216995 5.00000000
v 9.73416710 40.71609497 5.00000000
v 9.80225658 40.78780746 5.00000000
v 9.87547493 40.85700226 5.00000000
v 9.95350742 40.92338562 5.00000000
v 9.38705540 40.20000076 5.50000000
v 9.43193436 40.20000076 5.50000000
v 9.44798183 40.25074005 5.50000000
v 9.48002529 40.33082199 5.50000000
v 9.51857662 40.41034698 5.50000000
v 9.56347179 40.48896790 5.50000000
v 9.61451912 40.56635284 5.50000000
v 9.67149925 40.64216995 5.50000000
v 9.73416710 40.71609497 5.50000000
v 9.80225658 40.78780746 5.50000000
v 9.87547493 40.85700226 5.50000000
v 9.95350742 40.92338562 5.50000000
v 9.85000038 48.00000000 5.00000000
v 9.85000038 48.00000000 5.50000000
v 9.85000038 48.67237854 5.50000000
v 9.85000038 49.62762070 5.50000000
v 6.08750010 56.50000000 4.59999990
v 6.08750010 60.34999847 4.59999990
v 6.08750010 56.50000000 5.00000000
v 6.08750010 60.34999847 5.00000000
v 6.08750010 61.65000153 4.59999990
v 6.08750010 64.19999695 4.59999990
v 6.08750010 65.50000000 4.59999990
v 6.08750010 61.65000153 5.00000000
v 6.08750010 64.19999695 5.00000000
v 9.85000038 53.20000076 5.00000000
v 9.85000038 53.20000076 5.50000000
v 19.39999962 0.60000002 0.00000000
v 19.39999962 0.00000000 0.60000002
v 20.00000000 0.60000002 0.60000002
v 19.39999962 0.00000000 4.40000010
v 20.00000000 0.60000002 4.40000010
v 19.39999962 0.60000002 5.00000000
v 19.79999924 29.62500000 4.59999990
v 19.79999924 29.97500038 4.59999990
v 19.79999924 32.22499847 4.59999990
v 19.79999924 32.57500076 4.59999990
v 19.79999924 34.82500076 4.59999990
v 19.39999962 29.62500000 5.00000000
v 19.39999962 29.97500038 5.00000000
v 19.39999962 32.22499847 5.00000000
v 19.39999962 32.57500076 5.00000000
v 19.39999962 34.82500076 5.00000000
v 19.39999962 69.40000153 0.00000000
v 19.39999962 70.00000000 0.60000002
v 20.00000000 69.40000153 0.60000002
v 12.49855900 40.02500153 4.59999990
v 10.00037193 39.08662415 5.00000000
v 10.08530140 39.05525589 5.00000000
v 10.17414761 39.02878571 5.00000000
v 10.26653099 39.00733185 5.00000000
v 10.36205482 38.99098587 5.00000000
v 10.46030998 38.97982025 5.00000000
v 10.56087685 38.97387695 5.00000000
v 10.66332436 38.97318268 5.00000000
v 10.76721287 38.97774124 5.00000000
v 10.87209797 38.98753738 5.00000000
v 10.97753143 39.00252151 5.00000000
v 11.08306122 39.02263641 5.00000000
v 11.18823433 39.04779053 5.00000000
v 10.00037193 39.08662415 5.50000000
v 10.08530140 39.05525589 5.50000000
v 10.17414761 39.02878571 5.50000000
v 10.26653099 39.00733185 5.50000000
v 10.36205482 38.99098587 5.50000000
v 10.46030998 38.97982025 5.50000000
v 10.56087685 38.97387695 5.50000000
v 10.66332436 38.97318268 5.50000000
v 10.76721287 38.97774124 5.50000000
v 10.87209797 38.98753738 5.50000000
v 10.97753143 39.00252151 5.50000000
v 11.08306122 39.02263641 5.50000000
v 11.18823433 39.04779053 5.50000000
v 10.03602219 40.98667145 5.00000000
v 10.12266541 41.04658890 5.00000000
v 10.21306419 41.10287857 5.00000000
v 10.30683327 41.15530396 5.00000000
v 10.40357113 41.20363617 5.00000000
v 10.50286198 41.24767303 5.00000000
v 10.60428238 41.28722382 5.00000000
v 10.70739746 41.32212067 5.00000000
v 10.81176567 41.35220718 5.00000000
v 10.91693878 41.37736511 5.00000000
v 11.02246857 41.39747620 5.00000000
v 11.12790203 41.41246414 5.00000000
v 11.23278713 41.42225647 5.00000000
v 10.03602219 40.98667145 5.50000000
v 10.12266541 41.04658890 5.50000000
v 10.21306419 41.10287857 5.50000000
v 10.30683327 41.15530396 5.50000000
v 10.40357113 41.20363617 5.50000000
v 10.50286198 41.24767303 5.50000000
v 10.60428238 41.28722382 5.50000000
v 10.70739746 41.32212067 5.50000000
v 10.81176567 41.35220718 5.50000000
v 10.91693878 41.37736511 5.50000000
v 11.02246857 41.39747620 5.50000000
v 11.12790203 41.41246414 5.50000000
v 11.23278713 41.42225647 5.50000000
v 11.29260254 39.07788086 5.00000000
v 11.39571762 39.11277390 5.00000000
v 11.49713802 39.15232468 5.00000000
v 11.59642887 39.19636154 5.00000000
v 11.69316673 39.24469757 5.00000000
v 11.78693581 39.29712296 5.00000000
v 11.87733459 39.35341263 5.00000000
v 11.29260254 39.07788086 5.50000000
v 11.39571762 39.11277390 5.50000000
v 11.49713802 39.15232468 5.50000000
v 11.59642887 39.19636154 5.50000000
v 11.69316673 39.24469757 5.50000000
v 11.78693581 39.29712296 5.50000000
v 11.87733459 39.35341263 5.50000000
v 11.33667564 41.42681885 5.00000000
v 11.43912315 41.42612457 5.00000000
v 11.53969002 41.42018127 5.00000000
v 11.63794518 41.40901184 5.00000000
v 11.73346901 41.39266586 5.00000000
v 11.82585239 41.37121201 5.00000000
v 11.96397781 39.41333008 5.00000000
v 12.04649258 39.47661591 5.00000000
v 12.12452507 39.54299545 5.00000000
v 11.91469860 41.34474564 5.00000000
v 11.99962807 41.31337357 5.00000000
v 12.08027744 41.27723694 5.00000000
v 12.15630054 41.23648453 5.00000000
v 12.19774342 39.61219406 5.00000000
v 12.26583290 39.68390656 5.00000000
v 12.32850075 39.75782776 5.00000000
v 12.38548088 39.83364487 5.00000000
v 12.43652821 39.91102982 5.00000000
v 12.48142338 39.98965454 5.00000000
v 12.49855900 40.02500153 5.00000000
v 12.22737217 41.19129562 5.00000000
v 12.29318810 41.14186096 5.00000000
v 12.45640278 40.97029114 5.00000000
v 12.49862003 40.90616226 5.00000000
v 12.35346699 41.08839417 5.00000000
v 12.40794945 41.03112411 5.00000000
v 12.39999962 42.54999924 5.00000000
v 12.39999962 43.04999924 5.00000000
v 11.33667564 41.42681885 5.50000000
v 11.43912315 41.42612457 5.50000000
v 11.53969002 41.42018127 5.50000000
v 11.63794518 41.40901184 5.50000000
v 11.73346901 41.39266586 5.50000000
v 11.82585239 41.37121201 5.50000000
v 11.96397781 39.41333008 5.50000000
v 12.04649258 39.47661591 5.50000000
v 12.12452507 39.54299545 5.50000000
v 11.91469860 41.34474564 5.50000000
v 11.99962807 41.31337357 5.50000000
v 12.08027744 41.27723694 5.50000000
v 12.15630054 41.23648453 5.50000000
v 12.19774342 39.61219406 5.50000000
v 12.26583290 39.68390656 5.50000000
v 12.32850075 39.75782776 5.50000000
v 12.38548088 39.83364487 5.50000000
v 12.43652821 39.91102982 5.50000000
v 12.48142338 39.98965454 5.50000000
v 12.22737217 41.19129562 5.50000000
v 12.29318810 41.14186096 5.50000000
v 12.45640278 40.97029114 5.50000000
v 12.49862003 40.90616226 5.50000000
v 12.35346699 41.08839417 5.50000000
v 12.40794945 41.03112411 5.50000000
v 12.39999962 42.54999924 5.50000000
v 12.39999962 43.04999924 5.50000000
v 10.30000019 48.00000000 5.00000000
v 10.36348248 48.11859512 5.00000000
v 10.42904854 48.08753967 5.00000000
v 10.49641705 48.06103134 5.00000000
v 10.56529903 48.03918457 5.00000000
v 10.63540077 48.02209854 5.00000000
v 10.70642090 48.00983810 5.00000000
v 10.77805614 48.00246048 5.00000000
v 10.85000038 48.00000000 5.00000000
v 10.92194366 48.00246048 5.00000000
v 10.99357891 48.00983810 5.00000000
v 11.06459904 48.02209854 5.00000000
v 11.13470078 48.03918457 5.00000000
v 11.20358372 48.06103134 5.00000000
v 10.30000019 48.00000000 5.50000000
v 10.36348248 48.11859512 5.50000000
v 10.42904854 48.08753967 5.50000000
v 10.49641705 48.06103134 5.50000000
v 10.56529903 48.03918457 5.50000000
v 10.63540077 48.02209854 5.50000000
v 10.70642090 48.00983810 5.50000000
v 10.77805614 48.00246048 5.50000000
v 10.85000038 48.00000000 5.50000000
v 10.92194366 48.00246048 5.50000000
v 10.99357891 48.00983810 5.50000000
v 11.06459904 48.02209854 5.50000000
v 11.13470078 48.03918457 5.50000000
v 11.20358372 48.06103134 5.50000000
v 10.30000019 48.15407181 5.00000000
v 10.30000019 48.49090576 5.00000000
v 10.30000019 49.70909500 5.00000000
v 10.30000019 50.14592743 5.00000000
v 10.33251190 48.47219086 5.00000000
v 10.37125587 48.45328522 5.00000000
v 10.41106415 48.43714905 5.00000000
v 10.45176792 48.42385101 5.00000000
v 10.49319172 48.41345215 5.00000000
v 10.53515816 48.40598679 5.00000000
v 10.57748795 48.40149689 5.00000000
v 10.61999989 48.40000153 5.00000000
v 10.33251190 49.72780991 5.00000000
v 10.37125587 49.74671555 5.00000000
v 10.41106415 49.76285172 5.00000000
v 10.36348248 50.18140411 5.00000000
v 10.45176792 49.77614975 5.00000000
v 10.42904854 50.21245956 5.00000000
v 10.49319172 49.78654861 5.00000000
v 10.53515816 49.79401016 5.00000000
v 10.49641705 50.23896790 5.00000000
v 10.57748795 49.79850006 5.00000000
v 10.61999989 49.79999924 5.00000000
v 10.56529903 50.26081467 5.00000000
v 10.66251183 48.40149689 5.00000000
v 10.70484161 48.40598679 5.00000000
v 10.74680901 48.41345215 5.00000000
v 10.78823280 48.42385101 5.00000000
v 10.82893562 48.43714905 5.00000000
v 10.86874390 48.45328522 5.00000000
v 10.90748787 48.47219086 5.00000000
v 10.66251183 49.79850006 5.00000000
v 10.63540077 50.27790451 5.00000000
v 10.70484161 49.79401016 5.00000000
v 10.74680901 49.78654861 5.00000000
v 10.70642090 50.29016113 5.00000000
v 10.77805614 50.29753876 5.00000000
v 10.82893562 49.76285172 5.00000000
v 10.86874390 49.74671555 5.00000000
v 10.90748787 49.72780991 5.00000000
v 10.78823280 49.77614975 5.00000000
v 10.85000038 50.29999924 5.00000000
v 10.92194366 50.29753876 5.00000000
v 10.94499969 48.49378204 5.00000000
v 10.98112106 48.51797104 5.00000000
v 11.01569462 48.54465103 5.00000000
v 11.04857445 48.57371140 5.00000000
v 11.07961941 48.60502625 5.00000000
v 11.10869598 48.63845825 5.00000000
v 11.13567924 48.67386627 5.00000000
v 11.16045570 48.71110153 5.00000000
v 11.18291664 48.75000000 5.00000000
v 11.20296764 48.79039764 5.00000000
v 11.22052193 48.83212280 5.00000000
v 11.23550415 48.87499237 5.00000000
v 11.24785137 48.91882706 5.00000000
v 10.94499969 49.70621872 5.00000000
v 10.98112106 49.68202972 5.00000000
v 11.04857445 49.62628937 5.00000000
v 11.01569462 49.65534592 5.00000000
v 11.07961941 49.59497452 5.00000000
v 10.99357891 50.29016113 5.00000000
v 11.06459904 50.27790451 5.00000000
v 11.16045570 49.48889923 5.00000000
v 11.10869598 49.56154251 5.00000000
v 11.13567924 49.52613449 5.00000000
v 11.18291664 49.45000076 5.00000000
v 11.20296764 49.40960312 5.00000000
v 11.24785137 49.28117371 5.00000000
v 11.23550415 49.32500839 5.00000000
v 11.22052193 49.36787796 5.00000000
v 11.13470078 50.26081467 5.00000000
v 11.20358372 50.23896790 5.00000000
v 10.30000019 48.15407181 5.50000000
v 10.30000019 48.49090576 5.50000000
v 10.30000019 49.70909500 5.50000000
v 10.30000019 50.14592743 5.50000000
v 10.33251190 48.47219086 5.50000000
v 10.37125587 48.45328522 5.50000000
v 10.41106415 48.43714905 5.50000000
v 10.45176792 48.42385101 5.50000000
v 10.49319172 48.41345215 5.50000000
v 10.53515816 48.40598679 5.50000000
v 10.57748795 48.40149689 5.50000000
v 10.61999989 48.40000153 5.50000000
v 10.33251190 49.72780991 5.50000000
v 10.37125587 49.74671555 5.50000000
v 10.41106415 49.76285172 5.50000000
v 10.36348248 50.18140411 5.50000000
v 10.45176792 49.77614975 5.50000000
v 10.42904854 50.21245956 5.50000000
v 10.49319172 49.78654861 5.50000000
v 10.53515816 49.79401016 5.50000000
v 10.49641705 50.23896790 5.50000000
v 10.57748795 49.79850006 5.50000000
v 10.61999989 49.79999924 5.50000000
v 10.56529903 50.26081467 5.50000000
v 10.66251183 48.40149689 5.50000000
v 10.70484161 48.40598679 5.50000000
v 10.74680901 48.41345215 5.50000000
v 10.78823280 48.42385101 5.50000000
v 10.82893562 48.43714905 5.50000000
v 10.86874390 48.45328522 5.50000000
v 10.90748787 48.47219086 5.50000000
v 10.66251183 49.79850006 5.50000000
v 10.63540077 50.27790451 5.50000000
v 10.70484161 49.79401016 5.50000000
v 10.74680901 49.78654861 5.50000000
v 10.70642090 50.29016113 5.50000000
v 10.77805614 50.29753876 5.50000000
v 10.82893562 49.76285172 5.50000000
v 10.86874390 49.74671555 5.50000000
v 10.90748787 49.72780991 5.50000000
v 10.78823280 49.77614975 5.50000000
v 10.85000038 50.29999924 5.50000000
v 10.92194366 50.29753876 5.50000000
v 10.94499969 48.49378204 5.50000000
v 10.98112106 48.51797104 5.50000000
v 11.01569462 48.54465103 5.50000000
v 11.04857445 48.57371140 5.50000000
v 11.07961941 48.60502625 5.50000000
v 11.10869598 48.63845825 5.50000000
v 11.13567924 48.67386627 5.50000000
v 11.16045570 48.71110153 5.50000000
v 11.18291664 48.75000000 5.50000000
v 11.20296764 48.79039764 5.50000000
v 11.22052193 48.83212280 5.50000000
v 11.23550415 48.87499237 5.50000000
v 11.24785137 48.91882706 5.50000000
v 10.94499969 49.70621872 5.50000000
v 10.98112106 49.68202972 5.50000000
v 11.04857445 49.62628937 5.50000000
v 11.01569462 49.65534592 5.50000000
v 11.07961941 49.59497452 5.50000000
v 10.99357891 50.29016113 5.50000000
v 11.06459904 50.27790451 5.50000000
v 11.16045570 49.48889923 5.50000000
v 11.10869598 49.56154251 5.50000000
v 11.13567924 49.52613449 5.50000000
v 11.18291664 49.45000076 5.50000000
v 11.20296764 49.40960312 5.50000000
v 11.24785137 49.28117371 5.50000000
v 11.23550415 49.32500839 5.50000000
v 11.22052193 49.36787796 5.50000000
v 11.13470078 50.26081467 5.50000000
v 11.20358372 50.23896790 5.50000000
v 11.27095222 48.08753967 5.00000000
v 11.33651733 48.11859512 5.00000000
v 12.39999962 45.15000153 5.00000000
v 12.39999962 45.65000153 5.00000000
v 12.39999962 47.75000000 5.00000000
v 11.27095222 48.08753967 5.50000000
v 11.33651733 48.11859512 5.50000000
v 12.39999962 45.15000153 5.50000000
v 12.39999962 45.65000153 5.50000000
v 12.39999962 47.75000000 5.50000000
v 11.39999962 48.15407181 5.00000000
v 11.25751019 48.96343613 5.00000000
v 11.26443958 49.00863266 5.00000000
v 11.26860809 49.05421829 5.00000000
v 11.26860809 49.14578247 5.00000000
v 11.26443958 49.19136810 5.00000000
v 11.27000046 49.09999847 5.00000000
v 11.46112728 48.19380951 5.00000000
v 11.51963711 48.23764420 5.00000000
v 11.25751019 49.23656464 5.00000000
v 11.27095222 50.21245956 5.00000000
v 11.33651733 50.18140411 5.00000000
v 11.39999962 50.14592743 5.00000000
v 11.46112728 50.10618973 5.00000000
v 11.51963711 50.06235504 5.00000000
v 11.57528019 48.28538513 5.00000000
v 11.62781715 48.33682632 5.00000000
v 11.67702389 48.39175415 5.00000000
v 11.72268867 48.44992447 5.00000000
v 11.76461697 48.51109314 5.00000000
v 11.80262756 48.57500076 5.00000000
v 11.83656025 48.64136887 5.00000000
v 11.86626720 48.70991516 5.00000000
v 11.57528019 50.01461411 5.00000000
v 11.62781715 49.96317291 5.00000000
v 11.67702389 49.90824890 5.00000000
v 11.80262756 49.72499847 5.00000000
v 11.86626720 49.59008408 5.00000000
v 11.83656025 49.65863037 5.00000000
v 11.72268867 49.85007477 5.00000000
v 11.76461697 49.78890610 5.00000000
v 11.89162350 48.78034592 5.00000000
v 11.91251850 48.85235977 5.00000000
v 11.92886353 48.92564774 5.00000000
v 11.94058895 48.99989319 5.00000000
v 11.94764519 49.07478714 5.00000000
v 11.94999981 49.15000153 5.00000000
v 11.91251850 49.44764328 5.00000000
v 11.94764519 49.22521210 5.00000000
v 11.94058895 49.30010605 5.00000000
v 11.92886353 49.37435532 5.00000000
v 11.89162350 49.51965714 5.00000000
v 12.39999962 48.25000000 5.00000000
v 11.39999962 48.15407181 5.50000000
v 11.25751019 48.96343613 5.50000000
v 11.26443958 49.00863266 5.50000000
v 11.26860809 49.05421829 5.50000000
v 11.26860809 49.14578247 5.50000000
v 11.26443958 49.19136810 5.50000000
v 11.27000046 49.09999847 5.50000000
v 11.46112728 48.19380951 5.50000000
v 11.51963711 48.23764420 5.50000000
v 11.25751019 49.23656464 5.50000000
v 11.27095222 50.21245956 5.50000000
v 11.33651733 50.18140411 5.50000000
v 11.39999962 50.14592743 5.50000000
v 11.46112728 50.10618973 5.50000000
v 11.51963711 50.06235504 5.50000000
v 11.57528019 48.28538513 5.50000000
v 11.62781715 48.33682632 5.50000000
v 11.67702389 48.39175415 5.50000000
v 11.72268867 48.44992447 5.50000000
v 11.76461697 48.51109314 5.50000000
v 11.80262756 48.57500076 5.50000000
v 11.83656025 48.64136887 5.50000000
v 11.86626720 48.70991516 5.50000000
v 11.57528019 50.01461411 5.50000000
v 11.62781715 49.96317291 5.50000000
v 11.67702389 49.90824890 5.50000000
v 11.80262756 49.72499847 5.50000000
v 11.86626720 49.59008408 5.50000000
v 11.83656025 49.65863037 5.50000000
v 11.72268867 49.85007477 5.50000000
v 11.76461697 49.78890610 5.50000000
v 11.89162350 48.78034592 5.50000000
v 11.91251850 48.85235977 5.50000000
v 11.92886353 48.92564774 5.50000000
v 11.94058895 48.99989319 5.50000000
v 11.94764519 49.07478714 5.50000000
v 11.94999981 49.15000153 5.50000000
v 11.91251850 49.44764328 5.50000000
v 11.94764519 49.22521210 5.50000000
v 11.94058895 49.30010605 5.50000000
v 11.92886353 49.37435532 5.50000000
v 11.89162350 49.51965714 5.50000000
v 12.39999962 48.25000000 5.50000000
v 12.51997471 40.06917953 4.59999990
v 12.55201817 40.14926147 4.59999990
v 12.57741547 40.22956085 4.59999990
v 12.59605694 40.30973816 4.59999990
v 12.60572529 40.37500000 4.59999990
v 13.38705540 40.20000076 4.59999990
v 13.38705540 40.37500000 4.59999990
v 13.88705540 40.20000076 4.59999990
v 13.88705540 40.37500000 4.59999990
v 12.60572529 40.37500000 5.00000000
v 12.60786533 40.38944244 5.00000000
v 12.61278725 40.46833420 5.00000000
v 12.53441906 40.83901215 5.00000000
v 12.56364822 40.76912308 5.00000000
v 12.61080360 40.54607773 5.00000000
v 12.58618164 40.69679642 5.00000000
v 12.60192299 40.62234116 5.00000000
v 13.38705540 40.37500000 5.00000000
v 13.38705540 42.54999924 5.00000000
v 13.38705540 43.04999924 5.00000000
v 12.51997471 40.06917953 5.50000000
v 12.55201817 40.14926147 5.50000000
v 12.57741547 40.22956085 5.50000000
v 12.59605694 40.30973816 5.50000000
v 12.60786533 40.38944244 5.50000000
v 12.61278725 40.46833420 5.50000000
v 12.53441906 40.83901215 5.50000000
v 12.56364822 40.76912308 5.50000000
v 12.61080360 40.54607773 5.50000000
v 12.58618164 40.69679642 5.50000000
v 12.60192299 40.62234116 5.50000000
v 13.38705540 40.20000076 5.50000000
v 13.38705540 42.54999924 5.50000000
v 13.38705540 43.04999924 5.50000000
v 13.88705540 40.37500000 5.00000000
v 13.88705540 42.54999924 5.00000000
v 13.88705540 43.04999924 5.00000000
v 13.88705540 40.20000076 5.50000000
v 13.88705540 42.54999924 5.50000000
v 13.88705540 43.04999924 5.50000000
v 13.38705540 45.15000153 5.00000000
v 13.38705540 45.65000153 5.00000000
v 13.38705540 47.75000000 5.00000000
v 13.38705540 45.15000153 5.50000000
v 13.38705540 45.65000153 5.50000000
v 13.38705540 47.75000000 5.50000000
v 13.38705540 48.25000000 5.00000000
v 13.38705540 49.29999924 5.00000000
v 13.43193436 49.29999924 5.00000000
v 13.44798183 49.35073853 5.00000000
v 13.48002529 49.43082047 5.00000000
v 13.51857662 49.51034546 5.00000000
v 13.56347179 49.58897018 5.00000000
v 13.61451912 49.66635513 5.00000000
v 13.67149925 49.74217224 5.00000000
v 13.73416710 49.81609344 5.00000000
v 13.38705540 48.25000000 5.50000000
v 13.38705540 49.29999924 5.50000000
v 13.43193436 49.29999924 5.50000000
v 13.44798183 49.35073853 5.50000000
v 13.48002529 49.43082047 5.50000000
v 13.51857662 49.51034546 5.50000000
v 13.56347179 49.58897018 5.50000000
v 13.61451912 49.66635513 5.50000000
v 13.67149925 49.74217224 5.50000000
v 13.73416710 49.81609344 5.50000000
v 13.88705540 45.15000153 5.00000000
v 13.88705540 45.65000153 5.00000000
v 13.88705540 47.75000000 5.00000000
v 13.88705540 45.15000153 5.50000000
v 13.88705540 45.65000153 5.50000000
v 13.88705540 47.75000000 5.50000000
v 13.80225658 49.88780594 5.00000000
v 13.87547493 49.95700455 5.00000000
v 13.95350742 50.02338409 5.00000000
v 14.03602219 50.08666992 5.00000000
v 14.12266541 50.14658737 5.00000000
v 14.21306419 50.20287704 5.00000000
v 14.30683327 50.25530243 5.00000000
v 14.40357113 50.30363846 5.00000000
v 14.50286198 50.34767532 5.00000000
v 14.60428238 50.38722610 5.00000000
v 14.70739746 50.42211914 5.00000000
v 14.81176567 50.45220947 5.00000000
v 14.91693878 50.47736359 5.00000000
v 13.80225658 49.88780594 5.50000000
v 13.87547493 49.95700455 5.50000000
v 13.95350742 50.02338409 5.50000000
v 14.03602219 50.08666992 5.50000000
v 14.12266541 50.14658737 5.50000000
v 14.21306419 50.20287704 5.50000000
v 14.30683327 50.25530243 5.50000000
v 14.40357113 50.30363846 5.50000000
v 14.50286198 50.34767532 5.50000000
v 14.60428238 50.38722610 5.50000000
v 14.70739746 50.42211914 5.50000000
v 14.81176567 50.45220947 5.50000000
v 14.91693878 50.47736359 5.50000000
v 11.08749962 60.34999847 4.59999990
v 10.30000019 53.20000076 5.00000000
v 10.30000019 53.20000076 5.50000000
v 11.08749962 60.34999847 5.00000000
v 11.08749962 61.65000153 4.59999990
v 11.78750038 64.19999695 4.59999990
v 11.78750038 65.50000000 4.59999990
v 11.08749962 61.65000153 5.00000000
v 11.78750038 64.19999695 5.00000000
v 11.78750038 65.50000000 5.00000000
v 12.58749962 57.75000000 4.59999990
v 12.58749962 58.59047318 4.59999990
v 12.58749962 59.78452682 4.59999990
v 13.29062462 57.75000000 4.59999990
v 13.29062462 57.86922073 4.59999990
v 13.31130981 57.85942459 4.59999990
v 13.39552116 57.82628632 4.59999990
v 13.29288483 58.44652557 4.59999990
v 13.29062462 58.44764328 4.59999990
v 13.33403301 58.42959976 4.59999990
v 13.37610626 58.41564941 4.59999990
v 13.41892338 58.40473557 4.59999990
v 13.48162365 57.79898071 4.59999990
v 13.56925106 57.77762222 4.59999990
v 13.65802670 57.76229858 4.59999990
v 13.74757099 57.75307846 4.59999990
v 13.46230316 58.39690781 4.59999990
v 13.50605774 58.39219666 4.59999990
v 13.55000019 58.39062500 4.59999990
v 13.59394264 58.39219666 4.59999990
v 13.63769722 58.39690781 4.59999990
v 13.68107605 58.40473557 4.59999990
v 13.72389412 58.41564941 4.59999990
v 13.29288483 59.80347443 4.59999990
v 13.29062462 59.80235672 4.59999990
v 13.33403301 59.82040024 4.59999990
v 13.37610626 59.83435059 4.59999990
v 13.41892338 59.84526443 4.59999990
v 13.29062462 60.50577927 4.59999990
v 13.31130981 60.51557541 4.59999990
v 13.39552116 60.54871368 4.59999990
v 13.46230316 59.85309219 4.59999990
v 13.50605774 59.85780334 4.59999990
v 13.55000019 59.85937500 4.59999990
v 13.59394264 59.85780334 4.59999990
v 13.63769722 59.85309219 4.59999990
v 13.68107605 59.84526443 4.59999990
v 13.72389412 59.83435059 4.59999990
v 13.48162365 60.57601929 4.59999990
v 13.56925106 60.59737778 4.59999990
v 13.65802670 60.61270142 4.59999990
v 13.74757099 60.62192154 4.59999990
v 13.83749962 57.75000000 4.59999990
v 13.92742920 57.75307846 4.59999990
v 14.01697350 57.76229858 4.59999990
v 13.76596737 58.42959976 4.59999990
v 13.80711555 58.44652557 4.59999990
v 13.84716225 58.46635818 4.59999990
v 13.88593769 58.48901367 4.59999990
v 13.92327404 58.51438904 4.59999990
v 13.95901203 58.54238129 4.59999990
v 13.99299812 58.57286835 4.59999990
v 14.02508736 58.60571671 4.59999990
v 14.05514240 58.64079285 4.59999990
v 14.10574913 57.77762222 4.59999990
v 14.19337654 57.79898071 4.59999990
v 14.27947903 57.82628632 4.59999990
v 14.36368942 57.85942459 4.59999990
v 14.08303452 58.67794037 4.59999990
v 14.10864353 58.71700287 4.59999990
v 14.13186073 58.75781250 4.59999990
v 14.15258598 58.80019379 4.59999990
v 14.17073154 58.84396744 4.59999990
v 14.18621826 58.88894272 4.59999990
v 14.19898129 58.93492889 4.59999990
v 14.20896530 58.98173141 4.59999990
v 14.21612740 59.02914429 4.59999990
v 13.76596737 59.82040024 4.59999990
v 13.80711555 59.80347443 4.59999990
v 13.84716225 59.78364182 4.59999990
v 13.88593769 59.76098633 4.59999990
v 14.05514240 59.60920715 4.59999990
v 13.92327404 59.73561096 4.59999990
v 13.95901203 59.70761871 4.59999990
v 13.99299812 59.67713165 4.59999990
v 14.02508736 59.64428329 4.59999990
v 13.83749962 60.62500000 4.59999990
v 13.92742920 60.62192154 4.59999990
v 14.01697350 60.61270142 4.59999990
v 14.08303452 59.57205963 4.59999990
v 14.10864353 59.53299713 4.59999990
v 14.13186073 59.49218750 4.59999990
v 14.19898129 59.31507111 4.59999990
v 14.21612740 59.22085571 4.59999990
v 14.20896530 59.26826859 4.59999990
v 14.15258598 59.44980621 4.59999990
v 14.17073154 59.40603256 4.59999990
v 14.18621826 59.36105728 4.59999990
v 14.22043610 59.07696915 4.59999990
v 14.22187519 59.12500000 4.59999990
v 14.22043610 59.17303085 4.59999990
v 14.10574913 60.59737778 4.59999990
v 14.19337654 60.57601929 4.59999990
v 14.27947903 60.54871368 4.59999990
v 14.36368942 60.51557541 4.59999990
v 14.44564724 57.89824677 4.59999990
v 14.52499962 57.94258881 4.59999990
v 14.60140896 57.99226379 4.59999990
v 14.67454720 58.04705429 4.59999990
v 14.74410057 58.10673141 4.59999990
v 14.80977154 58.17103577 4.59999990
v 14.87127972 58.23968887 4.59999990
v 14.92836094 58.31240463 4.59999990
v 14.98077106 58.38886642 4.59999990
v 14.44564724 60.47675323 4.59999990
v 14.52499962 60.43241119 4.59999990
v 14.60140896 60.38273621 4.59999990
v 14.67454720 60.32794571 4.59999990
v 14.87127972 60.13531113 4.59999990
v 14.92836094 60.06259537 4.59999990
v 14.98077106 59.98613358 4.59999990
v 14.74410057 60.26826859 4.59999990
v 14.80977154 60.20396423 4.59999990
v 12.58749962 57.75000000 5.00000000
v 13.29062462 57.75000000 5.00000000
v 13.29062462 57.86922073 5.00000000
v 13.31130981 57.85942459 5.00000000
v 13.39552116 57.82628632 5.00000000
v 13.29288483 58.44652557 5.00000000
v 13.29062462 58.44764328 5.00000000
v 13.33403301 58.42959976 5.00000000
v 13.37610626 58.41564941 5.00000000
v 13.41892338 58.40473557 5.00000000
v 13.48162365 57.79898071 5.00000000
v 13.56925106 57.77762222 5.00000000
v 13.65802670 57.76229858 5.00000000
v 13.74757099 57.75307846 5.00000000
v 13.46230316 58.39690781 5.00000000
v 13.50605774 58.39219666 5.00000000
v 13.55000019 58.39062500 5.00000000
v 13.59394264 58.39219666 5.00000000
v 13.63769722 58.39690781 5.00000000
v 13.68107605 58.40473557 5.00000000
v 13.72389412 58.41564941 5.00000000
v 13.29062462 59.80235672 5.00000000
v 13.29288483 59.80347443 5.00000000
v 13.33403301 59.82040024 5.00000000
v 13.37610626 59.83435059 5.00000000
v 13.41892338 59.84526443 5.00000000
v 13.29062462 60.50577927 5.00000000
v 13.31130981 60.51557541 5.00000000
v 13.39552116 60.54871368 5.00000000
v 13.46230316 59.85309219 5.00000000
v 13.50605774 59.85780334 5.00000000
v 13.55000019 59.85937500 5.00000000
v 13.59394264 59.85780334 5.00000000
v 13.63769722 59.85309219 5.00000000
v 13.68107605 59.84526443 5.00000000
v 13.72389412 59.83435059 5.00000000
v 13.48162365 60.57601929 5.00000000
v 13.56925106 60.59737778 5.00000000
v 13.65802670 60.61270142 5.00000000
v 13.74757099 60.62192154 5.00000000
v 13.83749962 57.75000000 5.00000000
v 13.92742920 57.75307846 5.00000000
v 14.01697350 57.76229858 5.00000000
v 13.76596737 58.42959976 5.00000000
v 13.80711555 58.44652557 5.00000000
v 13.84716225 58.46635818 5.00000000
v 13.88593769 58.48901367 5.00000000
v 13.92327404 58.51438904 5.00000000
v 13.95901203 58.54238129 5.00000000
v 13.99299812 58.57286835 5.00000000
v 14.02508736 58.60571671 5.00000000
v 14.05514240 58.64079285 5.00000000
v 14.10574913 57.77762222 5.00000000
v 14.19337654 57.79898071 5.00000000
v 14.27947903 57.82628632 5.00000000
v 14.36368942 57.85942459 5.00000000
v 14.08303452 58.67794037 5.00000000
v 14.10864353 58.71700287 5.00000000
v 14.13186073 58.75781250 5.00000000
v 14.15258598 58.80019379 5.00000000
v 14.17073154 58.84396744 5.00000000
v 14.18621826 58.88894272 5.00000000
v 14.19898129 58.93492889 5.00000000
v 14.20896530 58.98173141 5.00000000
v 14.21612740 59.02914429 5.00000000
v 13.76596737 59.82040024 5.00000000
v 13.80711555 59.80347443 5.00000000
v 13.84716225 59.78364182 5.00000000
v 13.88593769 59.76098633 5.00000000
v 14.05514240 59.60920715 5.00000000
v 13.92327404 59.73561096 5.00000000
v 13.95901203 59.70761871 5.00000000
v 13.99299812 59.67713165 5.00000000
v 14.02508736 59.64428329 5.00000000
v 13.83749962 60.62500000 5.00000000
v 13.92742920 60.62192154 5.00000000
v 14.01697350 60.61270142 5.00000000
v 14.08303452 59.57205963 5.00000000
v 14.10864353 59.53299713 5.00000000
v 14.13186073 59.49218750 5.00000000
v 14.19898129 59.31507111 5.00000000
v 14.21612740 59.22085571 5.00000000
v 14.20896530 59.26826859 5.00000000
v 14.15258598 59.44980621 5.00000000
v 14.17073154 59.40603256 5.00000000
v 14.18621826 59.36105728 5.00000000
v 14.22043610 59.07696915 5.00000000
v 14.22187519 59.12500000 5.00000000
v 14.22043610 59.17303085 5.00000000
v 14.10574913 60.59737778 5.00000000
v 14.19337654 60.57601929 5.00000000
v 14.27947903 60.54871368 5.00000000
v 14.36368942 60.51557541 5.00000000
v 14.44564724 57.89824677 5.00000000
v 14.52499962 57.94258881 5.00000000
v 14.60140896 57.99226379 5.00000000
v 14.67454720 58.04705429 5.00000000
v 14.74410057 58.10673141 5.00000000
v 14.80977154 58.17103577 5.00000000
v 14.87127972 58.23968887 5.00000000
v 14.92836094 58.31240463 5.00000000
v 14.98077106 58.38886642 5.00000000
v 14.44564724 60.47675323 5.00000000
v 14.52499962 60.43241119 5.00000000
v 14.60140896 60.38273621 5.00000000
v 14.67454720 60.32794571 5.00000000
v 14.87127972 60.13531113 5.00000000
v 14.92836094 60.06259537 5.00000000
v 14.98077106 59.98613358 5.00000000
v 14.74410057 60.26826859 5.00000000
v 14.80977154 60.20396423 5.00000000
v 12.58749962 64.25000000 4.59999990
v 13.29062462 64.25000000 4.59999990
v 12.58749962 64.25000000 5.00000000
v 13.29062462 64.25000000 5.00000000
v 15.49713802 48.25232697 5.00000000
v 15.49117374 48.25000000 5.00000000
v 15.59642887 48.29636383 5.00000000
v 15.02246857 50.49747849 5.00000000
v 15.12790203 50.51246262 5.00000000
v 15.23278713 50.52225876 5.00000000
v 15.33667564 50.52681732 5.00000000
v 15.43912315 50.52612305 5.00000000
v 15.53969002 50.52017975 5.00000000
v 15.69316673 48.34469604 5.00000000
v 15.78693581 48.39712143 5.00000000
v 15.87733459 48.45341110 5.00000000
v 15.96397781 48.51332855 5.00000000
v 16.04649162 48.57661438 5.00000000
v 16.12452507 48.64299774 5.00000000
v 16.19774437 48.71219254 5.00000000
v 16.22737312 50.29129791 5.00000000
v 15.63794518 50.50901413 5.00000000
v 15.73346901 50.49266815 5.00000000
v 15.82585239 50.47121429 5.00000000
v 15.91469860 50.44474411 5.00000000
v 15.99962807 50.41337585 5.00000000
v 16.08027840 50.37723541 5.00000000
v 16.15630150 50.33648682 5.00000000
v 15.49117374 48.25000000 5.50000000
v 15.49713802 48.25232697 5.50000000
v 15.59642887 48.29636383 5.50000000
v 15.02246857 50.49747849 5.50000000
v 15.12790203 50.51246262 5.50000000
v 15.23278713 50.52225876 5.50000000
v 15.33667564 50.52681732 5.50000000
v 15.43912315 50.52612305 5.50000000
v 15.53969002 50.52017975 5.50000000
v 15.69316673 48.34469604 5.50000000
v 15.78693581 48.39712143 5.50000000
v 15.87733459 48.45341110 5.50000000
v 15.96397781 48.51332855 5.50000000
v 16.04649162 48.57661438 5.50000000
v 16.12452507 48.64299774 5.50000000
v 16.19774437 48.71219254 5.50000000
v 16.22737312 50.29129791 5.50000000
v 15.63794518 50.50901413 5.50000000
v 15.73346901 50.49266815 5.50000000
v 15.82585239 50.47121429 5.50000000
v 15.91469860 50.44474411 5.50000000
v 15.99962807 50.41337585 5.50000000
v 16.08027840 50.37723541 5.50000000
v 16.15630150 50.33648682 5.50000000
v 16.26583290 48.78390503 5.00000000
v 16.32850075 48.85783005 5.00000000
v 16.38548088 48.93364716 5.00000000
v 16.43652725 49.01103210 5.00000000
v 16.48142242 49.08965302 5.00000000
v 16.51997566 49.16917801 5.00000000
v 16.29318810 50.24186325 5.00000000
v 16.35346603 50.18839645 5.00000000
v 16.55201721 49.24925995 5.00000000
v 16.40794945 50.13112259 5.00000000
v 16.45640373 50.07029343 5.00000000
v 16.49861908 50.00616455 5.00000000
v 16.53442001 49.93901062 5.00000000
v 16.57741547 49.32956314 5.00000000
v 16.59605789 49.40973663 5.00000000
v 16.60786438 49.48944092 5.00000000
v 16.61278725 49.56833649 5.00000000
v 16.61080360 49.64608002 5.00000000
v 16.60192299 49.72233963 5.00000000
v 16.56364822 49.86912155 5.00000000
v 16.58618164 49.79679489 5.00000000
v 16.26583290 48.78390503 5.50000000
v 16.32850075 48.85783005 5.50000000
v 16.38548088 48.93364716 5.50000000
v 16.43652725 49.01103210 5.50000000
v 16.48142242 49.08965302 5.50000000
v 16.51997566 49.16917801 5.50000000
v 16.29318810 50.24186325 5.50000000
v 16.35346603 50.18839645 5.50000000
v 16.55201721 49.24925995 5.50000000
v 16.40794945 50.13112259 5.50000000
v 16.45640373 50.07029343 5.50000000
v 16.49861908 50.00616455 5.50000000
v 16.53442001 49.93901062 5.50000000
v 16.57741547 49.32956314 5.50000000
v 16.59605789 49.40973663 5.50000000
v 16.60786438 49.48944092 5.50000000
v 16.61278725 49.56833649 5.50000000
v 16.61080360 49.64608002 5.50000000
v 16.60192299 49.72233963 5.50000000
v 16.56364822 49.86912155 5.50000000
v 16.58618164 49.79679489 5.50000000
v 19.79999924 35.17499924 4.59999990
v 19.79999924 37.42499924 4.59999990
v 19.79999924 37.77500153 4.59999990
v 19.79999924 40.02500153 4.59999990
v 19.79999924 40.37500000 4.59999990
v 17.60000038 42.54999924 5.00000000
v 17.60000038 43.04999924 5.00000000
v 17.60000038 42.54999924 5.50000000
v 17.60000038 43.04999924 5.50000000
v 19.39999962 35.17499924 5.00000000
v 19.39999962 37.42499924 5.00000000
v 19.39999962 37.77500153 5.00000000
v 19.39999962 40.02500153 5.00000000
v 19.39999962 40.37500000 5.00000000
v 17.60000038 45.15000153 5.00000000
v 17.60000038 45.65000153 5.00000000
v 17.60000038 47.75000000 5.00000000
v 17.60000038 45.15000153 5.50000000
v 17.60000038 45.65000153 5.50000000
v 17.60000038 47.75000000 5.50000000
v 17.60000038 48.25000000 5.00000000
v 17.60000038 48.25000000 5.50000000
v 15.02828503 58.46875000 4.59999990
v 15.07069969 58.55170822 4.59999990
v 15.10783482 58.63739395 4.59999990
v 15.13952923 58.72542953 4.59999990
v 15.16564846 58.81544876 4.59999990
v 15.18607998 58.90705872 4.59999990
v 15.20073700 58.99987030 4.59999990
v 15.07069969 59.82329178 4.59999990
v 15.02828503 59.90625000 4.59999990
v 15.10783482 59.73760605 4.59999990
v 15.13952923 59.64957047 4.59999990
v 15.20955563 59.09348297 4.59999990
v 15.21249962 59.18750000 4.59999990
v 15.20955563 59.28151703 4.59999990
v 15.18607998 59.46794128 4.59999990
v 15.16564846 59.55955124 4.59999990
v 15.20073700 59.37512970 4.59999990
v 15.02828503 58.46875000 5.00000000
v 15.07069969 58.55170822 5.00000000
v 15.10783482 58.63739395 5.00000000
v 15.13952923 58.72542953 5.00000000
v 15.16564846 58.81544876 5.00000000
v 15.18607998 58.90705872 5.00000000
v 15.20073700 58.99987030 5.00000000
v 15.07069969 59.82329178 5.00000000
v 15.02828503 59.90625000 5.00000000
v 15.10783482 59.73760605 5.00000000
v 15.13952923 59.64957047 5.00000000
v 15.20955563 59.09348297 5.00000000
v 15.21249962 59.18750000 5.00000000
v 15.20955563 59.28151703 5.00000000
v 15.18607998 59.46794128 5.00000000
v 15.16564846 59.55955124 5.00000000
v 15.20073700 59.37512970 5.00000000
v 19.39999962 70.00000000 4.40000010
v 20.00000000 69.40000153 4.40000010
v 19.39999962 69.40000153 5.00000000
f 1 3 2
f 2 3 5
f 1 2 501
f 2 4 502
f 1 890 3
f 1 501 889
f 2 5 4
f 4 5 6
f 4 6 7
f 6 25 7
f 7 12 8
f 4 7 518
f 8 26 9
f 10 28 11
f 9 20 10
f 9 27 19
f 11 29 21
f 8 12 13
f 8 13 30
f 14 16 15
f 16 14 17
f 17 14 18
f 18 14 77
f 9 19 20
f 10 20 51
f 11 21 509
f 8 30 26
f 26 27 9
f 11 28 29
f 10 51 28
f 26 50 27
f 28 52 29
f 31 32 33
f 31 33 34
f 31 34 35
f 31 35 36
f 31 36 91
f 31 91 92
f 31 92 93
f 27 50 19
f 26 30 50
f 29 52 21
f 28 51 52
f 31 54 53
f 31 55 54
f 31 56 55
f 31 57 56
f 31 58 57
f 31 157 58
f 31 158 157
f 31 159 158
f 60 59 62
f 60 62 63
f 60 63 64
f 60 64 164
f 77 14 78
f 78 14 79
f 79 14 80
f 80 14 81
f 299 89 88
f 90 89 299
f 22 313 23
f 22 60 313
f 24 429 510
f 24 65 429
f 31 93 94
f 31 94 95
f 31 95 96
f 31 96 97
f 31 97 98
f 31 98 99
f 31 99 100
f 31 100 101
f 31 101 102
f 31 102 103
f 31 103 104
f 31 104 105
f 31 105 106
f 31 106 107
f 31 107 108
f 31 108 109
f 31 109 110
f 31 110 181
f 31 181 182
f 31 182 183
f 31 184 185
f 31 183 184
f 31 160 159
f 31 161 160
f 31 162 161
f 31 163 162
f 31 168 163
f 31 169 168
f 31 170 169
f 31 171 170
f 31 172 171
f 31 173 172
f 31 174 173
f 31 175 174
f 60 164 165
f 60 165 166
f 60 166 167
f 60 167 177
f 60 177 178
f 60 178 179
f 60 179 180
f 31 176 175
f 31 195 176
f 31 194 195
f 31 196 194
f 31 187 197
f 31 188 187
f 31 193 188
f 31 186 189
f 31 185 186
f 31 190 191
f 31 189 190
f 31 192 193
f 31 191 192
f 31 197 196
f 111 90 333
f 111 330 112
f 112 329 113
f 113 329 114
f 114 328 115
f 115 327 116
f 116 326 117
f 117 324 261
f 261 325 262
f 262 322 263
f 263 322 264
f 264 323 265
f 265 321 276
f 321 265 323
f 261 324 325
f 324 117 326
f 327 115 328
f 326 116 327
f 262 325 322
f 323 264 322
f 23 462 61
f 60 180 365
f 360 208 203
f 198 365 180
f 199 365 198
f 200 365 199
f 201 365 200
f 360 206 207
f 202 365 201
f 360 207 208
f 205 365 202
f 206 364 205
f 65 61 463
f 276 350 277
f 277 348 278
f 278 349 279
f 281 351 282
f 279 351 281
f 282 352 280
f 280 353 284
f 284 354 283
f 283 355 274
f 274 356 273
f 273 357 275
f 272 358 271
f 275 357 272
f 271 359 204
f 360 203 204
f 350 276 321
f 277 350 348
f 278 348 349
f 279 349 351
f 352 282 351
f 353 280 352
f 354 284 353
f 283 354 355
f 274 355 356
f 273 356 357
f 358 272 357
f 60 365 366
f 60 366 403
f 3 892 5
f 5 892 6
f 6 894 25
f 88 300 299
f 88 301 300
f 88 302 301
f 88 303 302
f 88 304 303
f 88 305 304
f 90 299 333
f 313 314 23
f 23 314 315
f 23 315 316
f 23 316 317
f 23 317 318
f 23 318 319
f 23 319 320
f 23 320 428
f 23 428 462
f 7 25 895
f 7 895 12
f 112 330 329
f 111 331 330
f 111 332 331
f 111 333 332
f 328 114 329
f 60 407 313
f 359 271 358
f 204 359 360
f 206 360 361
f 206 361 362
f 60 403 404
f 60 404 405
f 206 362 363
f 60 405 406
f 206 363 364
f 365 205 364
f 60 406 408
f 60 408 407
f 65 463 429
f 462 463 61
f 895 14 12
f 895 81 14
f 895 82 81
f 895 83 82
f 895 84 83
f 895 85 84
f 895 86 85
f 428 320 421
f 428 421 422
f 428 422 423
f 428 423 426
f 428 426 424
f 428 424 425
f 425 427 428
f 425 457 427
f 895 87 86
f 895 88 87
f 895 305 88
f 430 434 431
f 430 433 434
f 430 472 433
f 431 434 493
f 432 437 765
f 432 474 437
f 427 457 461
f 457 458 461
f 461 458 459
f 461 459 460
f 469 471 470
f 431 493 473
f 472 492 433
f 471 492 472
f 492 471 491
f 437 474 497
f 497 474 473
f 473 493 497
f 2 502 501
f 501 502 503
f 502 519 503
f 501 503 906
f 503 519 906
f 4 518 502
f 504 511 505
f 506 513 507
f 11 509 504
f 7 8 518
f 507 529 508
f 507 514 528
f 508 529 515
f 505 511 512
f 513 514 507
f 513 544 514
f 8 9 518
f 9 10 518
f 10 11 518
f 11 504 518
f 504 505 518
f 505 506 518
f 506 507 518
f 507 508 518
f 508 515 518
f 505 754 506
f 505 512 753
f 504 509 752
f 752 509 510
f 507 528 529
f 504 777 511
f 511 783 512
f 506 784 513
f 513 542 544
f 513 548 542
f 513 559 548
f 513 560 559
f 513 563 560
f 513 566 563
f 513 569 566
f 513 572 569
f 513 574 572
f 514 544 528
f 515 529 545
f 515 545 748
f 515 880 523
f 502 518 519
f 515 520 518
f 515 523 520
f 518 520 519
f 521 522 527
f 521 527 523
f 522 524 527
f 524 525 527
f 525 526 527
f 520 523 527
f 504 752 777
f 505 753 754
f 506 754 784
f 429 752 510
f 532 531 530
f 530 617 540
f 530 540 541
f 530 541 534
f 530 536 539
f 530 539 538
f 530 534 535
f 530 535 536
f 530 533 532
f 530 538 537
f 530 537 533
f 532 655 531
f 511 777 783
f 512 783 753
f 513 784 574
f 548 550 549
f 548 553 550
f 552 616 551
f 554 616 552
f 555 616 554
f 553 548 556
f 556 548 559
f 564 616 555
f 564 555 557
f 561 557 558
f 565 616 564
f 561 562 557
f 564 557 562
f 616 565 567
f 616 567 568
f 616 568 570
f 616 570 571
f 616 571 573
f 784 575 574
f 784 576 575
f 784 577 576
f 618 531 655
f 617 616 647
f 618 620 619
f 618 621 620
f 618 624 621
f 618 625 624
f 618 626 625
f 618 627 626
f 618 630 627
f 618 631 630
f 618 632 631
f 618 633 632
f 616 573 643
f 616 643 644
f 616 644 645
f 616 645 646
f 616 646 647
f 617 647 648
f 617 648 649
f 617 649 650
f 618 663 662
f 618 652 663
f 618 653 652
f 618 654 653
f 618 637 633
f 618 638 637
f 618 639 638
f 618 640 639
f 618 656 640
f 618 657 656
f 618 658 657
f 618 659 658
f 618 662 659
f 623 750 622
f 628 750 623
f 629 750 628
f 634 750 629
f 635 750 634
f 636 750 635
f 641 750 636
f 642 750 641
f 660 750 642
f 661 750 660
f 664 750 661
f 665 750 664
f 617 673 540
f 617 650 651
f 617 666 667
f 617 651 666
f 617 667 668
f 617 668 669
f 617 669 670
f 617 671 672
f 617 670 671
f 617 674 673
f 617 672 674
f 618 655 654
f 677 750 676
f 679 750 677
f 675 750 665
f 676 750 675
f 678 750 679
f 515 748 887
f 750 874 748
f 515 1521 880
f 771 759 758
f 759 772 760
f 760 772 764
f 762 763 775
f 764 774 761
f 761 775 763
f 758 809 771
f 432 765 755
f 755 765 842
f 756 768 757
f 767 768 756
f 756 786 767
f 845 757 768
f 771 772 759
f 764 772 774
f 761 774 775
f 762 775 776
f 762 776 853
f 772 773 774
f 784 578 577
f 784 579 578
f 784 580 579
f 784 581 580
f 784 778 581
f 784 779 778
f 812 780 779
f 812 781 780
f 784 812 779
f 812 782 781
f 812 793 782
f 793 812 794
f 794 812 802
f 802 812 803
f 803 812 804
f 678 935 750
f 810 762 853
f 804 815 805
f 804 812 815
f 852 806 805
f 852 807 806
f 852 808 807
f 852 809 808
f 810 853 811
f 853 814 811
f 795 935 678
f 796 861 795
f 801 856 800
f 800 857 799
f 813 855 801
f 814 855 813
f 799 858 798
f 798 859 797
f 797 860 796
f 852 805 815
f 842 785 755
f 785 844 786
f 842 844 785
f 845 787 757
f 767 786 844
f 852 815 787
f 845 852 787
f 847 849 848
f 847 909 849
f 847 910 909
f 771 809 852
f 853 854 814
f 814 854 855
f 856 801 855
f 857 800 856
f 858 799 857
f 798 858 859
f 797 859 860
f 796 860 861
f 795 861 935
f 750 935 936
f 750 936 937
f 750 937 938
f 750 938 939
f 750 939 1206
f 515 887 1521
f 748 874 887
f 750 1030 874
f 750 1033 1030
f 750 1207 1033
f 521 523 878
f 521 878 522
f 522 878 524
f 878 880 879
f 524 878 879
f 524 879 882
f 523 880 878
f 880 881 879
f 524 884 525
f 525 884 526
f 524 882 883
f 882 885 883
f 524 883 884
f 519 520 1782
f 883 885 886
f 520 527 1407
f 526 1407 527
f 879 1402 882
f 879 881 1398
f 879 1398 1402
f 880 1401 881
f 880 1521 1401
f 881 1401 1398
f 883 1404 884
f 526 884 1407
f 883 886 1403
f 882 1402 1405
f 883 1403 1404
f 884 1404 1407
f 882 1405 885
f 885 1405 886
f 886 1405 1406
f 886 1406 1403
f 1 889 890
f 3 890 892
f 889 891 890
f 890 891 892
f 889 905 891
f 6 892 894
f 895 306 305
f 895 307 306
f 895 308 307
f 895 309 308
f 895 310 309
f 895 311 310
f 895 312 311
f 901 386 312
f 901 387 386
f 901 388 387
f 901 389 388
f 901 439 389
f 901 440 439
f 901 441 440
f 901 442 441
f 901 443 442
f 901 444 443
f 901 445 444
f 901 446 445
f 901 447 446
f 901 464 447
f 901 465 464
f 901 466 465
f 901 467 466
f 901 468 467
f 901 469 468
f 901 471 469
f 901 491 471
f 25 894 900
f 898 436 435
f 897 435 495
f 899 438 498
f 25 900 895
f 903 496 436
f 901 494 491
f 902 495 494
f 904 498 496
f 891 893 892
f 892 893 894
f 893 900 894
f 891 1783 893
f 896 901 312
f 895 896 312
f 897 898 435
f 898 903 436
f 899 1726 438
f 901 902 494
f 903 904 496
f 897 495 902
f 899 498 904
f 893 895 900
f 893 1783 895
f 896 897 902
f 898 899 904
f 896 902 901
f 898 904 903
f 501 905 889
f 501 906 905
f 891 905 907
f 891 907 1783
f 905 906 907
f 906 1783 907
f 847 911 910
f 847 912 911
f 847 913 912
f 940 1206 939
f 941 1206 940
f 942 1206 941
f 943 1206 942
f 944 1206 943
f 946 1002 945
f 945 1206 944
f 947 1002 946
f 975 1002 947
f 976 1001 975
f 977 1001 976
f 978 1001 977
f 979 1001 978
f 980 1001 979
f 984 1001 980
f 985 1001 984
f 986 1001 985
f 975 1001 1002
f 945 1002 1206
f 987 1001 986
f 995 1001 987
f 996 1001 995
f 999 1001 996
f 750 1206 1207
f 1030 1031 1058
f 1030 1032 1031
f 1032 1030 1033
f 1207 1034 1033
f 1034 1207 1035
f 1035 1207 1036
f 1059 1070 1060
f 1063 1059 1062
f 1064 1059 1063
f 1065 1059 1064
f 1066 1059 1065
f 1067 1059 1066
f 1068 1059 1067
f 1069 1059 1068
f 1082 1059 1069
f 1083 1059 1082
f 1059 1083 1084
f 1059 1084 1085
f 1059 1071 1070
f 1059 1072 1071
f 1059 1074 1072
f 1059 1076 1074
f 1059 1077 1076
f 1059 1079 1077
f 1059 1080 1079
f 1059 1089 1080
f 1059 1091 1089
f 1059 1092 1091
f 1059 1098 1092
f 1073 1399 1061
f 1075 1399 1073
f 1078 1399 1075
f 1081 1399 1078
f 1090 1399 1081
f 1093 1399 1090
f 1399 1093 1094
f 1059 1085 1086
f 1059 1086 1087
f 1059 1087 1088
f 1059 1088 1101
f 1059 1101 1102
f 1059 1102 1103
f 1059 1103 1104
f 1059 1104 1105
f 1059 1105 1106
f 1059 1106 1107
f 1059 1107 1108
f 1059 1108 1109
f 1059 1122 1118
f 1059 1123 1122
f 1059 1109 1110
f 1059 1110 1111
f 1059 1111 1112
f 1059 1113 1215
f 1059 1112 1113
f 1059 1121 1123
f 1059 1124 1121
f 1059 1125 1124
f 1059 1223 1126
f 1059 1127 1128
f 1059 1126 1127
f 1059 1128 1125
f 1059 1095 1098
f 1059 1096 1095
f 1059 1097 1096
f 1059 1114 1097
f 1059 1115 1114
f 1059 1117 1115
f 1059 1116 1117
f 1059 1118 1116
f 1059 1216 1217
f 1059 1215 1216
f 1059 1218 1219
f 1059 1220 1218
f 1059 1217 1220
f 1059 1219 1223
f 1399 1094 1099
f 1399 1099 1100
f 1399 1100 1119
f 1399 1119 1120
f 1399 1120 1129
f 1399 1129 1130
f 1399 1130 1224
f 1399 1224 1225
f 1036 1207 1037
f 1037 1207 1038
f 1038 1207 1039
f 1039 1207 1040
f 1040 1207 1041
f 1041 1207 1042
f 1042 1207 1043
f 1043 1207 1204
f 1204 1207 1205
f 1205 1207 1214
f 1214 1207 1221
f 1221 1208 1222
f 1222 1208 1229
f 1229 1208 1230
f 1221 1207 1208
f 1230 1208 1256
f 1399 1225 1351
f 1230 1256 1231
f 1231 1256 1232
f 1232 1256 1233
f 1233 1256 1234
f 1234 1256 1235
f 1235 1256 1236
f 1236 1256 1245
f 1245 1256 1246
f 1246 1256 1247
f 1226 1351 1225
f 1227 1351 1226
f 1228 1351 1227
f 1247 1347 1248
f 1248 1347 1249
f 1249 1347 1250
f 1243 1351 1239
f 1244 1351 1243
f 1237 1351 1228
f 1238 1351 1237
f 1239 1351 1238
f 1253 1347 1254
f 1251 1347 1255
f 1254 1347 1251
f 1240 1351 1244
f 1255 1350 1241
f 1241 1351 1242
f 1242 1351 1240
f 1252 1347 1253
f 1250 1347 1252
f 1399 1351 1352
f 1399 1352 1353
f 1726 766 438
f 1728 770 769
f 1727 769 846
f 1301 1305 1302
f 1302 1305 1303
f 1304 1303 1305
f 1304 1305 1306
f 1304 1306 1317
f 1729 1300 908
f 1729 1301 1300
f 1729 908 994
f 1735 843 766
f 1736 846 843
f 1737 847 770
f 1737 913 847
f 1737 914 913
f 1737 915 914
f 1737 916 915
f 1737 917 916
f 1737 918 917
f 1737 919 918
f 1309 1304 1317
f 1000 1318 999
f 997 1318 1000
f 998 1318 997
f 1312 1318 998
f 1309 1317 1310
f 1317 1311 1310
f 1317 1314 1311
f 1317 1316 1314
f 1313 1318 1312
f 1315 1318 1313
f 1316 1318 1315
f 999 1318 1001
f 1317 1318 1316
f 1737 920 919
f 1737 921 920
f 1737 961 921
f 1737 962 961
f 1737 963 962
f 1737 964 963
f 1737 965 964
f 1737 966 965
f 1737 967 966
f 1737 981 967
f 1737 982 981
f 1737 983 982
f 1737 988 983
f 1737 989 988
f 1737 990 989
f 1737 991 990
f 1737 992 991
f 1737 993 992
f 1737 994 993
f 1206 1002 1340
f 1319 1340 1002
f 1342 1208 1207
f 1341 1342 1207
f 1247 1256 1347
f 1346 1347 1256
f 1255 1347 1349
f 1255 1349 1350
f 1241 1350 1351
f 1399 1353 1354
f 1399 1354 1355
f 1399 1355 1372
f 1399 1372 1373
f 1399 1373 1374
f 1399 1374 1375
f 1399 1375 1376
f 1348 1349 1347
f 519 1782 906
f 1398 1401 1402
f 1521 887 1399
f 1401 1405 1402
f 1521 1399 1522
f 1522 1399 1525
f 1525 1399 1531
f 1531 1399 1532
f 1401 1521 1634
f 1403 1406 1404
f 520 1407 1784
f 1401 1634 1405
f 1405 1634 1406
f 1404 1406 1407
f 1408 1411 1412
f 1408 1432 1409
f 1408 1415 1416
f 1408 1417 1415
f 1408 1418 1417
f 1408 1416 1432
f 1408 1409 1521
f 1409 1410 1521
f 1408 1521 1411
f 1409 1432 1410
f 1410 1432 1436
f 1412 1413 1414
f 1412 1414 1421
f 1408 1419 1418
f 1408 1424 1419
f 1408 1425 1424
f 1408 1412 1455
f 1408 1426 1425
f 1408 1427 1426
f 1408 1428 1427
f 1408 1429 1428
f 1408 1430 1429
f 1408 1453 1430
f 1408 1454 1453
f 1408 1455 1454
f 1414 1420 1421
f 1412 1421 1451
f 1421 1422 1423
f 1421 1423 1451
f 1412 1456 1455
f 1412 1457 1456
f 1412 1458 1457
f 1412 1459 1458
f 1411 1522 1412
f 1412 1523 1413
f 1413 1525 1414
f 1414 1525 1420
f 1415 1526 1416
f 1415 1417 1528
f 1417 1418 1529
f 1418 1419 1530
f 1416 1527 1432
f 1420 1531 1421
f 1421 1532 1422
f 1422 1533 1423
f 1419 1424 1535
f 1424 1425 1536
f 1425 1426 1537
f 1426 1427 1538
f 1427 1428 1539
f 1428 1429 1540
f 1429 1430 1541
f 1431 1436 1432
f 1431 1433 1436
f 1433 1434 1436
f 1434 1435 1436
f 1435 1439 1436
f 1436 1439 1440
f 1436 1438 1437
f 1436 1440 1441
f 1436 1441 1442
f 1436 1442 1443
f 1436 1443 1444
f 1436 1444 1445
f 1436 1445 1475
f 1436 1449 1438
f 1438 1447 1446
f 1438 1449 1447
f 1447 1449 1448
f 1431 1432 1542
f 1431 1543 1433
f 1433 1544 1434
f 1434 1545 1435
f 1435 1546 1439
f 1436 1437 1548
f 1437 1438 1549
f 1439 1550 1440
f 1440 1551 1441
f 1441 1552 1442
f 1442 1553 1443
f 1443 1554 1444
f 1444 1555 1445
f 1445 1556 1475
f 1438 1446 1557
f 1446 1447 1558
f 1447 1448 1559
f 1448 1449 1560
f 1423 1450 1451
f 1412 1451 1505
f 1451 1452 1462
f 1451 1462 1464
f 1462 1463 1464
f 1451 1464 1505
f 1464 1465 1503
f 1412 1761 1459
f 1412 1505 1761
f 1423 1534 1450
f 1450 1561 1451
f 1451 1562 1452
f 1452 1563 1462
f 1430 1453 1564
f 1453 1454 1565
f 1454 1455 1566
f 1455 1456 1567
f 1456 1457 1568
f 1457 1458 1569
f 1458 1459 1570
f 1459 1460 1571
f 1460 1461 1572
f 1462 1573 1463
f 1463 1574 1464
f 1464 1575 1465
f 1461 1466 1577
f 1466 1467 1578
f 1467 1468 1579
f 1468 1469 1580
f 1469 1470 1581
f 1470 1471 1582
f 1471 1472 1583
f 1472 1473 1584
f 1473 1474 1585
f 1474 1496 1607
f 1436 1512 1449
f 1449 1485 1484
f 1449 1499 1485
f 1485 1499 1486
f 1436 1475 1761
f 1477 1478 1761
f 1478 1480 1761
f 1480 1481 1761
f 1475 1476 1761
f 1476 1477 1761
f 1436 1761 1512
f 1449 1512 1499
f 1499 1501 1500
f 1499 1512 1501
f 1501 1512 1502
f 1475 1586 1476
f 1476 1587 1477
f 1477 1588 1478
f 1478 1589 1480
f 1480 1591 1481
f 1481 1592 1482
f 1482 1593 1483
f 1479 1483 1594
f 1449 1484 1595
f 1484 1485 1596
f 1485 1486 1597
f 1479 1590 1487
f 1487 1598 1488
f 1488 1599 1489
f 1489 1600 1493
f 1491 1602 1498
f 1491 1492 1603
f 1490 1601 1492
f 1493 1604 1494
f 1494 1605 1495
f 1490 1495 1606
f 1496 1497 1608
f 1497 1498 1609
f 1486 1499 1610
f 1499 1500 1611
f 1500 1501 1612
f 1501 1502 1613
f 1464 1503 1505
f 1503 1504 1505
f 1459 1761 1460
f 1460 1761 1461
f 1461 1761 1466
f 1466 1761 1467
f 1467 1761 1468
f 1468 1761 1469
f 1469 1761 1470
f 1470 1761 1471
f 1505 1506 1507
f 1471 1761 1472
f 1505 1507 1509
f 1507 1508 1509
f 1505 1509 1749
f 1509 1510 1511
f 1509 1511 1749
f 1505 1749 1761
f 1465 1576 1503
f 1503 1614 1504
f 1504 1615 1505
f 1505 1616 1506
f 1506 1617 1507
f 1507 1618 1508
f 1508 1619 1509
f 1509 1620 1510
f 1510 1621 1511
f 1511 1622 1748
f 1481 1482 1761
f 1482 1483 1761
f 1479 1761 1483
f 1479 1487 1761
f 1487 1488 1761
f 1488 1489 1761
f 1493 1494 1761
f 1489 1493 1761
f 1494 1495 1761
f 1472 1761 1473
f 1473 1761 1474
f 1474 1761 1496
f 1496 1761 1497
f 1497 1761 1498
f 1491 1761 1492
f 1491 1498 1761
f 1490 1492 1761
f 1490 1761 1495
f 1512 1514 1513
f 1512 1519 1514
f 1514 1519 1515
f 1512 1761 1518
f 1516 1519 1518
f 1516 1518 1517
f 1512 1518 1519
f 1516 1520 1519
f 1502 1512 1623
f 1512 1513 1624
f 1513 1514 1625
f 1514 1515 1626
f 1516 1517 1628
f 1517 1518 1629
f 1515 1519 1630
f 1519 1520 1631
f 1516 1627 1520
f 1573 1399 1376
f 1532 1399 1533
f 1533 1399 1534
f 1534 1399 1561
f 1561 1399 1562
f 1562 1399 1563
f 1563 1399 1573
f 1411 1521 1522
f 1410 1634 1521
f 1412 1522 1523
f 1413 1523 1524
f 1413 1524 1525
f 1416 1526 1527
f 1415 1528 1526
f 1417 1529 1528
f 1418 1530 1529
f 1419 1535 1530
f 1420 1525 1531
f 1421 1531 1532
f 1422 1532 1533
f 1423 1533 1534
f 1424 1536 1535
f 1425 1537 1536
f 1426 1538 1537
f 1427 1539 1538
f 1428 1540 1539
f 1429 1541 1540
f 1430 1564 1541
f 1522 1524 1523
f 1522 1525 1524
f 1526 1528 1527
f 1527 1528 1529
f 1527 1529 1530
f 1527 1530 1535
f 1527 1535 1536
f 1527 1536 1537
f 1527 1537 1538
f 1527 1538 1539
f 1527 1539 1540
f 1527 1540 1541
f 1527 1541 1564
f 1527 1564 1565
f 1527 1565 1566
f 1527 1566 1567
f 1527 1567 1568
f 1527 1568 1569
f 1527 1569 1570
f 1432 1527 1542
f 1431 1542 1543
f 1433 1543 1544
f 1434 1544 1545
f 1435 1545 1546
f 1436 1548 1547
f 1437 1549 1548
f 1438 1557 1549
f 1439 1546 1550
f 1440 1550 1551
f 1441 1551 1552
f 1442 1552 1553
f 1443 1553 1554
f 1444 1554 1555
f 1445 1555 1556
f 1446 1558 1557
f 1447 1559 1558
f 1448 1560 1559
f 1527 1543 1542
f 1527 1544 1543
f 1527 1545 1544
f 1527 1546 1545
f 1527 1550 1546
f 1527 1551 1550
f 1527 1552 1551
f 1527 1553 1552
f 1527 1554 1553
f 1527 1555 1554
f 1527 1556 1555
f 1527 1586 1556
f 1527 1587 1586
f 1527 1588 1587
f 1527 1589 1588
f 1527 1591 1589
f 1527 1592 1591
f 1527 1593 1592
f 1573 1376 1377
f 1573 1377 1378
f 1573 1378 1379
f 1573 1379 1380
f 1573 1380 1381
f 1573 1381 1382
f 1573 1382 1383
f 1573 1383 1384
f 1573 1384 1639
f 1573 1639 1640
f 1573 1640 1641
f 1573 1641 1642
f 1573 1642 1643
f 1573 1694 1574
f 1534 1561 1450
f 1451 1561 1562
f 1452 1562 1563
f 1453 1565 1564
f 1454 1566 1565
f 1455 1567 1566
f 1456 1568 1567
f 1457 1569 1568
f 1458 1570 1569
f 1459 1571 1570
f 1460 1572 1571
f 1462 1563 1573
f 1463 1573 1574
f 1464 1574 1575
f 1465 1575 1576
f 1461 1577 1572
f 1466 1578 1577
f 1467 1579 1578
f 1468 1580 1579
f 1469 1581 1580
f 1470 1582 1581
f 1471 1583 1582
f 1472 1584 1583
f 1473 1585 1584
f 1474 1607 1585
f 1527 1570 1571
f 1527 1571 1572
f 1527 1572 1577
f 1527 1577 1578
f 1527 1578 1579
f 1527 1579 1580
f 1527 1580 1581
f 1527 1581 1582
f 1527 1582 1583
f 1527 1583 1584
f 1527 1584 1585
f 1527 1602 1603
f 1527 1603 1601
f 1527 1601 1606
f 1527 1585 1607
f 1527 1607 1608
f 1527 1608 1609
f 1527 1609 1602
f 1556 1586 1475
f 1476 1586 1587
f 1477 1587 1588
f 1478 1588 1589
f 1480 1589 1591
f 1481 1591 1592
f 1482 1592 1593
f 1483 1593 1594
f 1479 1594 1590
f 1449 1595 1560
f 1484 1596 1595
f 1485 1597 1596
f 1486 1610 1597
f 1487 1590 1598
f 1488 1598 1599
f 1489 1599 1600
f 1490 1606 1601
f 1491 1603 1602
f 1492 1601 1603
f 1493 1600 1604
f 1494 1604 1605
f 1495 1605 1606
f 1496 1608 1607
f 1497 1609 1608
f 1498 1602 1609
f 1499 1611 1610
f 1500 1612 1611
f 1501 1613 1612
f 1527 1594 1593
f 1527 1599 1598
f 1527 1590 1594
f 1527 1598 1590
f 1527 1600 1599
f 1527 1604 1600
f 1527 1606 1605
f 1527 1605 1604
f 1503 1576 1614
f 1504 1614 1615
f 1505 1615 1616
f 1506 1616 1617
f 1507 1617 1618
f 1508 1618 1619
f 1509 1619 1620
f 1510 1620 1621
f 1511 1621 1622
f 1502 1623 1613
f 1512 1624 1623
f 1513 1625 1624
f 1514 1626 1625
f 1516 1628 1627
f 1517 1629 1628
f 1518 1773 1629
f 1515 1630 1626
f 1519 1631 1630
f 1520 1627 1631
f 1410 1436 1632
f 1436 1633 1632
f 1410 1632 1634
f 1632 1633 1635
f 1436 1635 1633
f 520 1784 1782
f 1632 1635 1634
f 1436 1547 1635
f 1547 1548 1635
f 1548 1549 1635
f 1549 1557 1635
f 1557 1558 1635
f 1558 1559 1635
f 1559 1560 1635
f 1560 1595 1635
f 1595 1596 1635
f 1596 1597 1635
f 1597 1610 1635
f 1610 1611 1635
f 1406 1784 1407
f 1406 1634 1784
f 1729 1305 1301
f 1729 1307 1305
f 1730 1308 1307
f 1726 1735 766
f 1727 1728 769
f 1728 1737 770
f 1735 1736 843
f 1335 1334 1731
f 1739 1334 1308
f 1727 846 1736
f 1737 1738 994
f 1729 994 1738
f 1739 1731 1334
f 1336 1732 1366
f 1367 1741 1368
f 1637 1746 1636
f 1636 1746 1638
f 1575 1703 1746
f 1366 1732 1740
f 1742 1368 1741
f 1638 1746 1645
f 1645 1746 1646
f 1646 1746 1647
f 1647 1746 1648
f 1648 1746 1649
f 1649 1746 1650
f 1650 1746 1651
f 1651 1746 1684
f 1684 1746 1685
f 1685 1746 1686
f 1686 1746 1687
f 1746 1688 1687
f 1746 1689 1688
f 1746 1692 1689
f 1746 1697 1692
f 1746 1698 1697
f 1746 1699 1698
f 1699 1746 1700
f 1746 1702 1701
f 1746 1701 1700
f 1702 1746 1704
f 1746 1703 1704
f 1739 1770 1746
f 1729 1730 1307
f 1730 1739 1308
f 1726 1727 1736
f 1728 1729 1738
f 895 1783 896
f 1739 1732 1731
f 1739 1740 1732
f 1739 1741 1740
f 1726 1736 1735
f 1728 1738 1737
f 896 1783 897
f 897 1783 898
f 898 1783 899
f 899 1783 1726
f 1726 1783 1727
f 1727 1783 1728
f 1728 1783 1729
f 1729 1783 1730
f 1739 1742 1741
f 1739 1746 1742
f 1730 1784 1739
f 906 1782 1783
f 1511 1748 1749
f 1749 1750 1751
f 1749 1751 1753
f 1749 1753 1761
f 1751 1752 1753
f 1753 1754 1759
f 1748 1765 1749
f 1749 1766 1750
f 1750 1767 1751
f 1751 1768 1752
f 1752 1769 1753
f 1753 1770 1754
f 1754 1771 1759
f 1518 1758 1755
f 1518 1755 1756
f 1518 1761 1758
f 1755 1758 1757
f 1753 1759 1761
f 1759 1760 1761
f 1758 1761 1762
f 1758 1762 1763
f 1761 1764 1762
f 1755 1772 1756
f 1518 1756 1773
f 1755 1757 1774
f 1757 1758 1775
f 1759 1776 1760
f 1760 1777 1761
f 1761 1778 1764
f 1758 1763 1780
f 1762 1779 1763
f 1762 1764 1781
f 1573 1643 1644
f 1573 1644 1653
f 1573 1653 1654
f 1573 1654 1655
f 1573 1655 1656
f 1573 1656 1657
f 1573 1657 1658
f 1573 1658 1659
f 1573 1652 1690
f 1573 1659 1652
f 1573 1690 1691
f 1573 1691 1693
f 1575 1746 1576
f 1576 1746 1614
f 1574 1703 1575
f 1614 1746 1615
f 1615 1746 1616
f 1573 1693 1694
f 1574 1694 1695
f 1574 1695 1696
f 1574 1696 1703
f 1616 1746 1617
f 1617 1746 1618
f 1618 1746 1619
f 1619 1746 1620
f 1620 1746 1621
f 1621 1746 1622
f 1622 1746 1765
f 1765 1746 1766
f 1766 1746 1767
f 1767 1746 1768
f 1768 1746 1769
f 1769 1746 1770
f 1622 1765 1748
f 1749 1765 1766
f 1750 1766 1767
f 1751 1767 1768
f 1752 1768 1769
f 1753 1769 1770
f 1754 1770 1771
f 1759 1771 1776
f 1756 1772 1773
f 1755 1774 1772
f 1757 1775 1774
f 1758 1780 1775
f 1760 1776 1777
f 1761 1777 1778
f 1762 1781 1779
f 1763 1779 1780
f 1764 1778 1781
f 1739 1771 1770
f 1739 1776 1771
f 1739 1777 1776
f 1623 1624 1784
f 1624 1625 1784
f 1625 1626 1784
f 1611 1784 1635
f 1611 1612 1784
f 1612 1613 1784
f 1613 1623 1784
f 1634 1635 1784
f 1626 1630 1784
f 1630 1631 1784
f 1627 1784 1631
f 1627 1628 1784
f 1628 1629 1784
f 1629 1773 1784
f 1772 1784 1773
f 1772 1774 1784
f 1774 1775 1784
f 1779 1781 1784
f 1775 1780 1784
f 1779 1784 1780
f 1777 1784 1778
f 1778 1784 1781
f 1730 1783 1784
f 1739 1784 1777
f 1782 1784 1783
f 30 13 12
f 19 51 20
f 22 23 60
f 24 510 65
f 37 30 12
f 39 12 14
f 40 14 15
f 43 15 16
f 44 16 17
f 45 17 18
f 37 38 30
f 37 12 39
f 39 14 40
f 40 15 43
f 41 32 31
f 43 16 44
f 44 17 45
f 42 33 32
f 46 34 33
f 47 35 34
f 48 36 35
f 37 67 38
f 37 39 40
f 37 42 41
f 37 46 42
f 37 41 67
f 41 42 32
f 42 46 33
f 46 47 34
f 47 48 35
f 48 49 36
f 37 120 49
f 37 121 120
f 37 40 132
f 37 47 46
f 37 48 47
f 37 49 48
f 40 43 44
f 37 122 121
f 37 125 122
f 37 126 125
f 40 44 118
f 37 127 126
f 44 45 118
f 37 128 127
f 37 131 128
f 19 50 51
f 516 509 21
f 516 21 52
f 60 23 61
f 517 65 510
f 38 50 30
f 66 51 50
f 38 66 50
f 66 52 51
f 66 516 52
f 67 31 53
f 68 53 54
f 69 54 55
f 70 55 56
f 71 56 57
f 72 57 58
f 73 62 59
f 73 59 60
f 73 60 61
f 74 63 62
f 75 64 63
f 38 67 66
f 66 67 73
f 66 73 516
f 41 31 67
f 67 53 68
f 68 54 69
f 69 55 70
f 70 56 71
f 71 57 72
f 67 68 73
f 68 69 73
f 73 69 70
f 73 74 62
f 74 75 63
f 75 76 64
f 73 75 74
f 73 216 75
f 75 216 76
f 517 61 65
f 73 517 516
f 73 61 517
f 118 18 77
f 119 77 78
f 123 78 79
f 124 79 80
f 129 80 81
f 130 81 82
f 135 82 83
f 136 83 84
f 142 84 85
f 143 85 86
f 144 86 87
f 149 87 88
f 150 88 89
f 150 89 90
f 150 90 111
f 45 18 118
f 118 77 119
f 49 91 36
f 120 92 91
f 121 93 92
f 122 94 93
f 119 78 123
f 123 79 124
f 124 80 129
f 125 95 94
f 126 96 95
f 127 97 96
f 128 98 97
f 129 81 130
f 130 82 135
f 131 99 98
f 132 100 99
f 133 101 100
f 134 102 101
f 135 83 136
f 136 84 142
f 137 103 102
f 138 104 103
f 139 105 104
f 140 106 105
f 141 107 106
f 49 120 91
f 120 121 92
f 121 122 93
f 122 125 94
f 125 126 95
f 126 127 96
f 127 128 97
f 40 118 129
f 118 119 123
f 37 132 131
f 118 123 129
f 123 124 129
f 40 133 132
f 128 131 98
f 131 132 99
f 132 133 100
f 133 134 101
f 134 137 102
f 137 138 103
f 138 139 104
f 139 140 105
f 140 141 106
f 40 129 150
f 40 150 133
f 129 130 135
f 129 135 142
f 135 136 142
f 133 150 134
f 134 150 137
f 142 85 143
f 143 86 144
f 145 108 107
f 146 109 108
f 147 110 109
f 148 181 110
f 144 87 149
f 149 88 150
f 151 111 112
f 152 112 113
f 153 113 114
f 154 114 115
f 155 115 116
f 156 116 117
f 141 145 107
f 145 146 108
f 146 147 109
f 147 148 110
f 148 233 181
f 150 111 151
f 129 142 150
f 142 143 144
f 142 144 150
f 137 150 138
f 138 150 139
f 139 150 140
f 140 150 141
f 141 150 145
f 145 150 146
f 146 150 147
f 147 150 148
f 148 150 233
f 144 149 150
f 233 150 234
f 234 150 235
f 235 150 236
f 236 150 237
f 237 150 238
f 238 150 241
f 241 150 242
f 151 112 152
f 152 113 153
f 153 114 154
f 154 115 155
f 155 116 156
f 156 117 266
f 150 151 152
f 150 152 154
f 152 153 154
f 150 154 267
f 154 155 156
f 154 156 267
f 150 267 295
f 209 58 157
f 210 157 158
f 211 158 159
f 212 159 160
f 213 160 161
f 214 161 162
f 215 162 163
f 76 164 64
f 216 165 164
f 217 166 165
f 218 167 166
f 219 177 167
f 220 163 168
f 221 168 169
f 222 169 170
f 223 170 171
f 226 173 174
f 224 171 172
f 225 172 173
f 227 174 175
f 228 175 176
f 229 178 177
f 230 179 178
f 231 180 179
f 232 198 180
f 72 58 209
f 209 157 210
f 210 158 211
f 211 159 212
f 212 160 213
f 213 161 214
f 214 162 215
f 215 163 220
f 70 71 254
f 71 72 254
f 72 209 254
f 76 216 164
f 216 217 165
f 217 218 166
f 218 219 167
f 73 229 216
f 216 218 217
f 73 70 254
f 216 229 218
f 218 229 219
f 220 168 221
f 221 169 222
f 222 170 223
f 223 171 224
f 224 172 225
f 226 225 173
f 226 174 227
f 227 175 228
f 247 228 176
f 209 210 254
f 210 211 254
f 211 212 254
f 212 213 254
f 213 214 254
f 214 215 254
f 215 220 254
f 220 221 254
f 221 222 254
f 222 223 254
f 223 224 254
f 219 229 177
f 229 230 178
f 230 231 179
f 231 232 180
f 232 250 198
f 73 254 229
f 229 231 230
f 229 250 231
f 231 250 232
f 233 182 181
f 234 183 182
f 235 184 183
f 236 185 184
f 237 186 185
f 238 189 186
f 240 187 188
f 241 190 189
f 242 191 190
f 243 192 191
f 244 193 192
f 245 188 193
f 246 195 194
f 247 176 195
f 248 194 196
f 249 196 197
f 239 197 187
f 250 199 198
f 251 200 199
f 253 202 201
f 252 201 200
f 254 205 202
f 255 204 203
f 256 271 204
f 257 206 205
f 258 207 206
f 259 208 207
f 260 203 208
f 233 234 182
f 234 235 183
f 235 236 184
f 236 237 185
f 237 238 186
f 238 241 189
f 239 187 240
f 245 240 188
f 243 244 192
f 241 242 190
f 243 191 242
f 244 245 193
f 247 195 246
f 248 246 194
f 249 248 196
f 249 197 239
f 224 225 254
f 226 254 225
f 227 228 254
f 226 227 254
f 249 239 254
f 247 254 228
f 247 246 254
f 248 254 246
f 249 254 248
f 243 242 150
f 243 150 254
f 245 254 240
f 239 240 254
f 243 254 244
f 244 254 245
f 250 251 199
f 251 252 200
f 252 253 201
f 253 254 202
f 229 254 250
f 250 252 251
f 250 254 252
f 252 254 253
f 255 256 204
f 150 295 254
f 260 256 255
f 254 295 286
f 286 256 260
f 254 257 205
f 257 258 206
f 258 259 207
f 260 208 259
f 260 255 203
f 254 258 257
f 254 260 258
f 258 260 259
f 254 286 260
f 266 117 261
f 267 261 262
f 268 262 263
f 269 263 264
f 270 264 265
f 266 261 267
f 267 262 268
f 268 263 269
f 269 264 270
f 270 265 290
f 156 266 267
f 267 268 269
f 267 269 290
f 269 270 290
f 290 265 276
f 285 272 271
f 286 275 272
f 289 273 275
f 288 283 274
f 287 274 273
f 291 276 277
f 292 277 278
f 293 278 279
f 294 282 280
f 298 280 284
f 295 279 281
f 296 281 282
f 297 284 283
f 285 271 256
f 286 272 285
f 286 289 275
f 287 273 289
f 297 283 288
f 287 288 274
f 290 276 291
f 291 277 292
f 292 278 293
f 294 296 282
f 294 280 298
f 293 279 295
f 295 281 296
f 298 284 297
f 267 290 295
f 286 285 256
f 286 297 287
f 286 295 297
f 297 288 287
f 286 287 289
f 290 291 292
f 290 292 295
f 292 293 295
f 294 297 295
f 294 295 296
f 294 298 297
f 333 299 300
f 347 300 301
f 390 301 302
f 346 333 300
f 336 321 323
f 335 323 322
f 337 325 324
f 338 322 325
f 339 324 326
f 336 334 321
f 336 323 335
f 335 322 338
f 338 325 337
f 337 324 339
f 339 326 340
f 336 369 334
f 336 335 338
f 338 337 339
f 336 338 339
f 336 339 343
f 336 343 373
f 340 326 327
f 341 327 328
f 342 328 329
f 344 330 331
f 343 329 330
f 345 331 332
f 346 332 333
f 346 300 347
f 347 301 390
f 341 340 327
f 341 328 342
f 343 330 344
f 342 329 343
f 341 339 340
f 341 343 339
f 341 342 343
f 343 344 345
f 344 331 345
f 345 332 346
f 343 345 347
f 345 346 347
f 343 347 393
f 373 343 401
f 367 349 348
f 368 351 349
f 334 350 321
f 369 348 350
f 370 352 351
f 371 353 352
f 372 354 353
f 373 355 354
f 374 356 355
f 375 357 356
f 376 358 357
f 367 368 349
f 368 370 351
f 334 369 350
f 369 367 348
f 370 371 352
f 371 372 353
f 372 373 354
f 373 374 355
f 374 375 356
f 375 376 357
f 376 377 358
f 336 368 369
f 369 368 367
f 336 373 368
f 368 371 370
f 368 373 371
f 371 373 372
f 373 375 374
f 373 377 375
f 375 377 376
f 377 359 358
f 378 360 359
f 379 361 360
f 380 362 361
f 381 363 362
f 382 364 363
f 383 365 364
f 384 366 365
f 385 403 366
f 377 378 359
f 378 379 360
f 379 380 361
f 373 381 377
f 377 379 378
f 377 381 379
f 379 381 380
f 380 381 362
f 381 382 363
f 373 412 381
f 382 383 364
f 383 384 365
f 384 385 366
f 381 383 382
f 381 385 383
f 383 385 384
f 381 412 385
f 391 302 303
f 392 303 304
f 393 304 305
f 394 305 306
f 395 306 307
f 396 307 308
f 397 308 309
f 398 309 310
f 399 310 311
f 399 311 312
f 399 312 386
f 390 302 391
f 391 303 392
f 392 304 393
f 393 305 394
f 394 306 395
f 395 307 396
f 347 390 391
f 347 391 393
f 391 392 393
f 343 393 401
f 393 394 395
f 393 395 397
f 395 396 397
f 396 308 397
f 397 309 398
f 398 310 399
f 400 386 387
f 401 387 388
f 402 388 389
f 393 397 401
f 397 398 399
f 397 399 401
f 399 386 400
f 400 387 401
f 401 388 402
f 399 400 401
f 401 402 448
f 414 314 313
f 414 315 314
f 414 313 407
f 415 316 315
f 416 317 316
f 417 318 317
f 418 319 318
f 419 320 319
f 420 421 320
f 409 404 403
f 410 405 404
f 411 406 405
f 412 408 406
f 413 407 408
f 385 409 403
f 409 410 404
f 410 411 405
f 385 410 409
f 385 412 410
f 410 412 411
f 411 412 406
f 412 413 408
f 413 414 407
f 412 414 413
f 373 482 412
f 412 416 414
f 414 415 315
f 415 416 316
f 416 417 317
f 417 418 318
f 418 419 319
f 419 420 320
f 373 401 482
f 414 416 415
f 412 420 416
f 416 418 417
f 416 420 418
f 418 420 419
f 412 482 420
f 425 424 457
f 427 462 428
f 472 430 431
f 432 755 474
f 433 493 434
f 495 435 436
f 438 766 498
f 448 389 439
f 449 439 440
f 450 440 441
f 451 441 442
f 452 442 443
f 453 443 444
f 454 444 445
f 402 389 448
f 448 439 449
f 449 440 450
f 401 448 450
f 448 449 450
f 401 450 454
f 450 441 451
f 451 442 452
f 452 443 453
f 453 444 454
f 450 451 452
f 450 452 454
f 452 453 454
f 455 445 446
f 456 446 447
f 454 445 455
f 455 446 456
f 456 447 483
f 454 455 456
f 454 456 484
f 475 422 421
f 476 423 422
f 477 426 423
f 427 461 462
f 479 424 426
f 478 457 424
f 429 463 777
f 472 431 473
f 420 475 421
f 475 476 422
f 476 477 423
f 477 479 426
f 478 458 457
f 479 478 424
f 480 459 458
f 481 460 459
f 482 461 460
f 482 462 461
f 420 476 475
f 420 479 476
f 420 482 479
f 476 479 477
f 401 454 482
f 478 480 458
f 480 481 459
f 482 460 481
f 479 480 478
f 479 482 480
f 480 482 481
f 482 463 462
f 482 777 463
f 482 783 777
f 483 447 464
f 484 464 465
f 485 465 466
f 486 466 467
f 487 467 468
f 488 468 469
f 489 469 470
f 490 470 471
f 490 471 472
f 490 472 473
f 483 464 484
f 484 465 485
f 456 483 484
f 485 466 486
f 486 467 487
f 487 468 488
f 488 469 489
f 489 470 490
f 484 485 487
f 485 486 487
f 487 488 489
f 490 473 474
f 454 484 841
f 454 841 482
f 484 487 841
f 487 489 841
f 489 490 841
f 433 492 493
f 495 436 496
f 437 497 842
f 499 492 491
f 499 493 492
f 500 491 494
f 500 494 495
f 500 495 496
f 499 491 500
f 499 497 493
f 499 842 497
f 499 844 842
f 500 496 498
f 499 500 850
f 516 510 509
f 516 517 510
f 529 528 545
f 531 617 530
f 532 533 655
f 543 544 542
f 582 542 548
f 543 542 582
f 543 582 583
f 543 585 680
f 543 586 585
f 543 588 586
f 543 589 588
f 547 528 544
f 547 545 528
f 543 546 544
f 546 547 544
f 543 681 546
f 546 681 547
f 543 680 681
f 547 681 684
f 547 748 545
f 547 749 748
f 547 684 749
f 684 751 749
f 583 548 549
f 584 549 550
f 585 552 551
f 586 554 552
f 587 550 553
f 590 553 556
f 588 555 554
f 589 557 555
f 593 556 559
f 591 558 557
f 592 561 558
f 594 559 560
f 595 562 561
f 596 564 562
f 597 560 563
f 598 565 564
f 600 563 566
f 599 567 565
f 601 568 567
f 603 566 569
f 602 570 568
f 604 571 570
f 582 548 583
f 583 549 584
f 584 550 587
f 585 586 552
f 586 588 554
f 587 553 590
f 588 589 555
f 589 591 557
f 590 556 593
f 592 558 591
f 543 591 589
f 543 592 591
f 543 595 592
f 583 584 587
f 543 583 605
f 543 596 595
f 543 598 596
f 543 599 598
f 583 587 593
f 543 601 599
f 543 602 601
f 587 590 593
f 543 604 602
f 543 605 604
f 593 559 594
f 592 595 561
f 595 596 562
f 594 560 597
f 596 598 564
f 598 599 565
f 597 563 600
f 599 601 567
f 601 602 568
f 600 566 603
f 603 569 606
f 602 604 570
f 604 605 571
f 583 593 603
f 593 594 597
f 593 597 603
f 583 607 605
f 597 600 603
f 583 603 614
f 583 614 607
f 606 569 572
f 605 573 571
f 608 572 574
f 609 574 575
f 610 575 576
f 611 576 577
f 612 577 578
f 613 578 579
f 614 579 580
f 615 580 581
f 606 572 608
f 605 607 573
f 608 574 609
f 609 575 610
f 610 576 611
f 603 606 608
f 603 608 610
f 608 609 610
f 607 614 705
f 705 614 706
f 603 610 614
f 706 614 707
f 707 614 708
f 708 614 709
f 611 577 612
f 612 578 613
f 613 579 614
f 614 580 615
f 615 581 788
f 610 611 612
f 709 614 710
f 610 612 614
f 612 613 614
f 614 615 788
f 618 617 531
f 734 535 534
f 735 536 535
f 737 533 537
f 738 537 538
f 736 539 536
f 739 538 539
f 742 541 540
f 742 534 541
f 717 655 533
f 742 540 673
f 680 551 616
f 680 616 617
f 681 617 618
f 681 618 619
f 682 619 620
f 683 620 621
f 686 621 624
f 684 623 622
f 685 628 623
f 687 624 625
f 688 625 626
f 689 626 627
f 690 629 628
f 691 634 629
f 692 627 630
f 693 630 631
f 694 631 632
f 695 632 633
f 696 635 634
f 697 636 635
f 699 633 637
f 700 637 638
f 701 638 639
f 702 639 640
f 698 641 636
f 703 642 641
f 704 660 642
f 680 585 551
f 680 617 681
f 681 619 682
f 682 620 683
f 683 621 686
f 684 685 623
f 686 624 687
f 687 625 688
f 688 626 689
f 689 627 692
f 685 690 628
f 690 691 629
f 691 696 634
f 681 682 684
f 682 683 684
f 683 686 684
f 684 690 685
f 684 696 690
f 690 696 691
f 692 630 693
f 693 631 694
f 694 632 695
f 696 697 635
f 697 698 636
f 695 633 699
f 699 637 700
f 700 638 701
f 701 639 702
f 698 703 641
f 703 704 642
f 686 747 684
f 684 704 696
f 696 698 697
f 696 704 698
f 686 687 747
f 687 688 747
f 688 689 747
f 689 692 747
f 692 693 747
f 698 704 703
f 684 747 704
f 684 622 750
f 684 750 751
f 607 643 573
f 705 644 643
f 706 645 644
f 707 646 645
f 708 647 646
f 709 648 647
f 710 649 648
f 711 650 649
f 712 651 650
f 715 652 653
f 716 653 654
f 717 654 655
f 718 640 656
f 719 656 657
f 720 657 658
f 721 658 659
f 722 661 660
f 723 664 661
f 724 659 662
f 725 662 663
f 714 663 652
f 726 665 664
f 727 675 665
f 713 666 651
f 728 667 666
f 729 668 667
f 730 669 668
f 731 670 669
f 732 671 670
f 733 672 671
f 740 674 672
f 741 673 674
f 735 535 734
f 735 736 536
f 738 538 739
f 737 537 738
f 717 533 737
f 736 739 539
f 742 734 534
f 743 676 675
f 744 677 676
f 746 795 678
f 745 679 677
f 747 678 679
f 607 705 643
f 705 706 644
f 706 707 645
f 707 708 646
f 708 709 647
f 709 710 648
f 710 711 649
f 711 712 650
f 712 713 651
f 714 652 715
f 716 715 653
f 716 654 717
f 702 640 718
f 718 656 719
f 720 719 657
f 720 658 721
f 721 659 724
f 704 722 660
f 722 723 661
f 724 662 725
f 714 725 663
f 723 726 664
f 726 727 665
f 727 743 675
f 693 694 747
f 694 695 747
f 695 699 747
f 699 700 747
f 700 701 747
f 704 723 722
f 704 727 723
f 701 702 747
f 702 718 747
f 718 719 747
f 720 747 719
f 720 721 747
f 721 724 747
f 724 725 747
f 723 727 726
f 704 747 727
f 713 728 666
f 728 729 667
f 729 730 668
f 730 731 669
f 731 732 670
f 732 733 671
f 733 740 672
f 740 741 674
f 741 742 673
f 710 614 711
f 711 614 712
f 712 614 713
f 713 614 728
f 728 614 729
f 729 614 730
f 730 614 731
f 731 614 732
f 732 614 733
f 614 740 733
f 614 741 740
f 614 742 741
f 614 734 742
f 735 747 736
f 735 734 747
f 614 747 734
f 743 744 676
f 744 745 677
f 745 747 679
f 747 746 678
f 714 747 725
f 714 715 747
f 717 737 747
f 716 717 747
f 716 747 715
f 737 738 747
f 736 747 739
f 738 739 747
f 727 744 743
f 727 747 744
f 744 747 745
f 747 818 746
f 749 750 748
f 749 751 750
f 429 777 752
f 753 784 754
f 786 756 757
f 758 759 809
f 765 437 842
f 767 845 768
f 846 769 770
f 776 775 853
f 753 783 784
f 755 785 474
f 786 757 787
f 482 838 783
f 788 581 778
f 789 778 779
f 790 779 780
f 791 780 781
f 792 781 782
f 838 784 783
f 838 812 784
f 788 778 789
f 789 779 790
f 790 780 791
f 791 781 792
f 792 782 816
f 614 788 790
f 788 789 790
f 614 790 817
f 790 791 792
f 790 792 817
f 841 474 785
f 482 841 838
f 490 474 841
f 841 785 786
f 841 786 787
f 841 787 815
f 833 759 760
f 837 760 764
f 836 761 763
f 836 763 762
f 834 764 761
f 832 809 759
f 836 762 810
f 816 782 793
f 817 793 794
f 818 796 795
f 819 797 796
f 820 798 797
f 821 799 798
f 822 800 799
f 823 801 800
f 825 794 802
f 826 802 803
f 827 803 804
f 828 804 805
f 829 805 806
f 830 806 807
f 840 811 814
f 831 807 808
f 832 808 809
f 835 810 811
f 832 759 833
f 837 833 760
f 834 761 836
f 837 764 834
f 824 813 801
f 839 814 813
f 816 793 817
f 614 832 747
f 614 817 832
f 792 816 817
f 746 818 795
f 819 796 818
f 819 820 797
f 820 821 798
f 822 799 821
f 822 823 800
f 824 801 823
f 747 820 818
f 819 818 820
f 747 824 820
f 747 832 824
f 822 821 820
f 822 820 824
f 822 824 823
f 817 794 825
f 825 802 826
f 826 803 827
f 827 804 828
f 828 805 829
f 829 806 830
f 840 835 811
f 830 807 831
f 831 808 832
f 836 810 835
f 817 825 826
f 817 826 828
f 826 827 828
f 817 828 832
f 828 829 830
f 828 830 832
f 832 836 824
f 836 835 840
f 830 831 832
f 837 832 833
f 837 834 836
f 837 836 832
f 839 813 824
f 840 814 839
f 840 839 824
f 836 840 824
f 838 815 812
f 838 841 815
f 766 843 498
f 767 844 845
f 846 770 847
f 850 498 843
f 499 862 844
f 499 863 862
f 499 864 863
f 499 850 864
f 500 498 850
f 862 845 844
f 862 852 845
f 850 843 846
f 850 846 847
f 850 847 848
f 851 848 849
f 922 849 909
f 851 850 848
f 851 849 922
f 851 922 850
f 862 772 771
f 862 773 772
f 863 774 773
f 864 775 774
f 862 771 852
f 865 853 775
f 865 854 853
f 862 863 773
f 863 864 774
f 864 865 775
f 866 855 854
f 867 856 855
f 868 857 856
f 869 858 857
f 870 859 858
f 871 860 859
f 872 861 860
f 873 935 861
f 865 866 854
f 866 867 855
f 864 866 865
f 864 868 866
f 867 868 856
f 868 869 857
f 866 868 867
f 864 872 868
f 868 870 869
f 869 870 858
f 870 871 859
f 871 872 860
f 872 873 861
f 868 872 870
f 870 872 871
f 872 948 873
f 864 954 872
f 875 887 874
f 875 876 887
f 876 877 887
f 877 888 887
f 923 909 910
f 924 910 911
f 925 911 912
f 926 912 913
f 927 913 914
f 928 914 915
f 922 909 923
f 923 910 924
f 924 911 925
f 925 912 926
f 850 922 924
f 922 923 924
f 850 924 928
f 924 925 926
f 926 913 927
f 927 914 928
f 928 915 929
f 924 926 928
f 926 927 928
f 850 928 969
f 929 915 916
f 930 916 917
f 931 917 918
f 932 918 919
f 933 919 920
f 934 920 921
f 929 916 930
f 930 917 931
f 931 918 932
f 928 929 930
f 928 930 932
f 930 931 932
f 932 919 933
f 933 920 934
f 934 921 968
f 928 932 969
f 932 933 934
f 932 934 969
f 948 936 935
f 949 937 936
f 950 938 937
f 951 939 938
f 952 940 939
f 953 941 940
f 864 850 969
f 873 948 935
f 948 949 936
f 949 950 937
f 950 951 938
f 872 950 948
f 948 950 949
f 872 954 950
f 950 952 951
f 951 952 939
f 952 953 940
f 953 954 941
f 950 954 952
f 952 954 953
f 954 942 941
f 955 943 942
f 956 944 943
f 957 945 944
f 958 946 945
f 959 947 946
f 954 955 942
f 955 956 943
f 956 957 944
f 864 1015 954
f 954 956 955
f 954 958 956
f 956 958 957
f 864 969 1015
f 957 958 945
f 958 959 946
f 959 960 947
f 954 1004 958
f 958 960 959
f 958 1004 960
f 968 921 961
f 969 961 962
f 970 962 963
f 971 963 964
f 972 964 965
f 973 965 966
f 974 966 967
f 968 961 969
f 969 962 970
f 970 963 971
f 934 968 969
f 969 970 971
f 971 964 972
f 972 965 973
f 973 966 974
f 969 971 973
f 971 972 973
f 969 973 1011
f 974 967 1009
f 973 974 1009
f 960 975 947
f 1003 976 975
f 1004 977 976
f 1005 978 977
f 1006 979 978
f 1007 980 979
f 1008 984 980
f 960 1003 975
f 1003 1004 976
f 1004 1005 977
f 960 1004 1003
f 954 1015 1004
f 1004 1006 1005
f 1005 1006 978
f 1006 1007 979
f 1007 1008 980
f 1004 1008 1006
f 1006 1008 1007
f 1004 1015 1008
f 1009 967 981
f 1010 981 982
f 1011 982 983
f 1016 983 988
f 1012 985 984
f 1013 986 985
f 1014 987 986
f 1015 995 987
f 1017 988 989
f 1018 989 990
f 1019 990 991
f 1020 991 992
f 1021 992 993
f 1320 993 994
f 1022 996 995
f 1023 999 996
f 1027 997 1000
f 1024 998 997
f 1026 1000 999
f 1009 981 1010
f 1010 982 1011
f 1011 983 1016
f 973 1009 1011
f 969 1011 1321
f 1009 1010 1011
f 969 1321 1015
f 1008 1012 984
f 1012 1013 985
f 1013 1014 986
f 1014 1015 987
f 1008 1013 1012
f 1008 1015 1013
f 1013 1015 1014
f 1016 988 1017
f 1017 989 1018
f 1018 990 1019
f 1019 991 1020
f 1020 992 1021
f 1021 993 1320
f 1011 1016 1017
f 1011 1017 1019
f 1017 1018 1019
f 1011 1019 1321
f 1019 1020 1021
f 1019 1021 1321
f 1015 1022 995
f 1022 1023 996
f 1026 999 1023
f 1027 1024 997
f 1025 998 1024
f 1026 1027 1000
f 1015 1023 1022
f 1015 1027 1023
f 1015 1327 1027
f 1015 1321 1327
f 1027 1025 1024
f 1027 1327 1025
f 1026 1023 1027
f 1028 1002 1001
f 1028 1029 1002
f 1044 874 1030
f 1131 1030 1058
f 1046 1031 1032
f 1047 1032 1033
f 1048 1033 1034
f 1049 1034 1035
f 875 874 1044
f 1044 1030 1131
f 875 1044 1131
f 1045 1031 1046
f 1047 1046 1032
f 1047 1033 1048
f 1048 1034 1049
f 1131 1045 1046
f 1048 1131 1046
f 1047 1048 1046
f 1048 1052 1131
f 1050 1035 1036
f 1051 1036 1037
f 1052 1037 1038
f 1053 1038 1039
f 1054 1039 1040
f 1055 1040 1041
f 1056 1041 1042
f 1057 1042 1043
f 1209 1043 1204
f 1049 1035 1050
f 1050 1036 1051
f 1051 1037 1052
f 1052 1038 1053
f 1048 1049 1050
f 1048 1050 1052
f 1050 1051 1052
f 1131 1052 1257
f 1052 1053 1054
f 1053 1039 1054
f 1054 1040 1055
f 1055 1041 1056
f 1056 1042 1057
f 1057 1043 1209
f 1052 1054 1056
f 1054 1055 1056
f 1052 1056 1257
f 1056 1057 1209
f 1132 1062 1059
f 1133 1059 1060
f 1045 1058 1031
f 1135 1063 1062
f 1136 1064 1063
f 1137 1065 1064
f 1138 1066 1065
f 1139 1067 1066
f 1140 1068 1067
f 1141 1069 1068
f 1143 1060 1070
f 1144 1070 1071
f 1145 1071 1072
f 1134 1073 1061
f 1146 1075 1073
f 1147 1072 1074
f 1148 1078 1075
f 1149 1074 1076
f 1150 1076 1077
f 1151 1081 1078
f 1152 1077 1079
f 1153 1079 1080
f 1154 1090 1081
f 1132 1059 1133
f 875 1133 876
f 875 1132 1133
f 875 1135 1132
f 875 1136 1135
f 875 1137 1136
f 875 1138 1137
f 875 1139 1138
f 875 1140 1139
f 1133 1060 1143
f 876 1133 877
f 877 1133 1134
f 1133 1143 1134
f 1131 1058 1045
f 1132 1135 1062
f 1135 1136 1063
f 1137 1064 1136
f 1137 1138 1065
f 1138 1139 1066
f 1139 1140 1067
f 1140 1141 1068
f 1141 1142 1069
f 875 1131 1160
f 875 1141 1140
f 875 1142 1141
f 875 1155 1142
f 875 1156 1155
f 875 1157 1156
f 875 1158 1157
f 875 1159 1158
f 875 1160 1159
f 1143 1070 1144
f 1144 1071 1145
f 1134 1146 1073
f 1145 1072 1147
f 1147 1074 1149
f 1146 1148 1075
f 1149 1076 1150
f 1148 1151 1078
f 1151 1154 1081
f 1150 1077 1152
f 1152 1079 1153
f 1154 1163 1090
f 1143 1144 1134
f 1144 1145 1134
f 1134 1148 1146
f 1134 1154 1148
f 1148 1154 1151
f 1134 1172 1154
f 1134 1061 1399
f 877 1134 888
f 1134 1399 1400
f 1134 1400 888
f 1142 1082 1069
f 1155 1083 1082
f 1156 1084 1083
f 1157 1085 1084
f 1158 1086 1085
f 1159 1087 1086
f 1160 1088 1087
f 1161 1101 1088
f 1162 1080 1089
f 1164 1089 1091
f 1163 1093 1090
f 1165 1091 1092
f 1171 1092 1098
f 1166 1094 1093
f 1169 1095 1096
f 1170 1096 1097
f 1187 1097 1114
f 1168 1098 1095
f 1167 1099 1094
f 1172 1100 1099
f 1174 1102 1101
f 1175 1103 1102
f 1176 1104 1103
f 1177 1105 1104
f 1178 1106 1105
f 1179 1107 1106
f 1180 1108 1107
f 1181 1109 1108
f 1182 1110 1109
f 1183 1111 1110
f 1184 1112 1111
f 1185 1113 1112
f 1188 1114 1115
f 1190 1115 1117
f 1189 1117 1116
f 1191 1116 1118
f 1173 1119 1100
f 1192 1120 1119
f 1193 1129 1120
f 1195 1118 1122
f 1196 1122 1123
f 1194 1123 1121
f 1197 1121 1124
f 1198 1124 1125
f 1200 1128 1127
f 1199 1127 1126
f 1201 1125 1128
f 1202 1130 1129
f 1203 1224 1130
f 1142 1155 1082
f 1155 1156 1083
f 1156 1157 1084
f 1157 1158 1085
f 1158 1159 1086
f 1159 1160 1087
f 1160 1161 1088
f 1161 1174 1101
f 1131 1161 1160
f 1131 1257 1161
f 1153 1080 1162
f 1162 1089 1164
f 1163 1166 1093
f 1164 1091 1165
f 1165 1092 1171
f 1166 1167 1094
f 1168 1095 1169
f 1169 1096 1170
f 1187 1170 1097
f 1171 1098 1168
f 1167 1172 1099
f 1172 1173 1100
f 1154 1166 1163
f 1145 1269 1134
f 1145 1147 1269
f 1154 1172 1166
f 1166 1172 1167
f 1147 1149 1269
f 1149 1150 1269
f 1150 1152 1269
f 1134 1269 1172
f 1152 1153 1269
f 1153 1162 1269
f 1162 1164 1269
f 1172 1192 1173
f 1174 1175 1102
f 1175 1176 1103
f 1176 1177 1104
f 1177 1178 1105
f 1178 1179 1106
f 1179 1180 1107
f 1180 1181 1108
f 1181 1182 1109
f 1182 1183 1110
f 1183 1184 1111
f 1184 1185 1112
f 1185 1186 1113
f 1161 1257 1174
f 1174 1257 1175
f 1175 1257 1176
f 1176 1257 1177
f 1177 1257 1178
f 1178 1257 1179
f 1179 1257 1180
f 1180 1257 1181
f 1181 1257 1182
f 1187 1114 1188
f 1188 1115 1190
f 1190 1117 1189
f 1189 1116 1191
f 1195 1191 1118
f 1173 1192 1119
f 1192 1193 1120
f 1197 1194 1121
f 1196 1195 1122
f 1196 1123 1194
f 1197 1124 1198
f 1201 1198 1125
f 1200 1201 1128
f 1199 1200 1127
f 1202 1129 1193
f 1202 1203 1130
f 1203 1267 1224
f 1164 1165 1269
f 1171 1168 1269
f 1165 1171 1269
f 1202 1192 1172
f 1168 1169 1269
f 1169 1170 1269
f 1187 1269 1170
f 1202 1193 1192
f 1196 1269 1195
f 1197 1269 1194
f 1196 1194 1269
f 1187 1188 1269
f 1188 1190 1269
f 1190 1189 1269
f 1202 1172 1269
f 1189 1191 1269
f 1195 1269 1191
f 1202 1267 1203
f 1210 1204 1205
f 1209 1204 1210
f 1056 1209 1257
f 1209 1210 1257
f 1211 1207 1206
f 1211 1212 1207
f 1213 1256 1208
f 1213 1299 1256
f 1257 1205 1214
f 1186 1215 1113
f 1258 1216 1215
f 1259 1217 1216
f 1260 1220 1217
f 1261 1219 1218
f 1262 1223 1219
f 1263 1218 1220
f 1264 1214 1221
f 1265 1221 1222
f 1272 1222 1229
f 1266 1126 1223
f 1267 1225 1224
f 1268 1226 1225
f 1269 1227 1226
f 1270 1228 1227
f 1271 1237 1228
f 1273 1229 1230
f 1274 1230 1231
f 1275 1231 1232
f 1276 1232 1233
f 1277 1233 1234
f 1278 1234 1235
f 1279 1235 1236
f 1280 1238 1237
f 1281 1239 1238
f 1282 1243 1239
f 1283 1242 1240
f 1284 1255 1241
f 1285 1241 1242
f 1286 1244 1243
f 1287 1240 1244
f 1210 1205 1257
f 1186 1258 1215
f 1258 1259 1216
f 1259 1260 1217
f 1263 1261 1218
f 1261 1262 1219
f 1260 1263 1220
f 1257 1214 1264
f 1264 1221 1265
f 1265 1222 1272
f 1182 1257 1183
f 1257 1184 1183
f 1257 1185 1184
f 1257 1186 1185
f 1257 1258 1186
f 1257 1259 1258
f 1257 1260 1259
f 1257 1263 1260
f 1257 1261 1263
f 1257 1262 1261
f 1257 1269 1262
f 1257 1264 1265
f 1257 1265 1273
f 1266 1223 1262
f 1266 1199 1126
f 1267 1268 1225
f 1268 1269 1226
f 1269 1270 1227
f 1271 1280 1237
f 1271 1228 1270
f 1200 1269 1201
f 1197 1198 1269
f 1201 1269 1198
f 1266 1262 1269
f 1266 1269 1199
f 1199 1269 1200
f 1202 1269 1267
f 1267 1269 1268
f 1269 1271 1270
f 1269 1281 1271
f 1272 1229 1273
f 1273 1230 1274
f 1274 1231 1275
f 1275 1232 1276
f 1276 1233 1277
f 1277 1234 1278
f 1278 1235 1279
f 1279 1236 1288
f 1265 1272 1273
f 1257 1273 1277
f 1273 1274 1275
f 1273 1275 1277
f 1257 1277 1293
f 1257 1293 1269
f 1275 1276 1277
f 1277 1278 1279
f 1277 1279 1289
f 1281 1238 1280
f 1282 1239 1281
f 1282 1286 1243
f 1283 1240 1287
f 1283 1285 1242
f 1284 1241 1285
f 1286 1287 1244
f 1269 1293 1283
f 1271 1281 1280
f 1269 1283 1281
f 1282 1281 1286
f 1281 1283 1286
f 1283 1284 1285
f 1294 1284 1283
f 1283 1287 1286
f 1288 1236 1245
f 1289 1245 1246
f 1290 1246 1247
f 1291 1247 1248
f 1292 1248 1249
f 1293 1249 1250
f 1295 1250 1252
f 1297 1253 1254
f 1296 1252 1253
f 1294 1254 1251
f 1298 1251 1255
f 1288 1245 1289
f 1289 1246 1290
f 1290 1247 1291
f 1291 1248 1292
f 1292 1249 1293
f 1293 1250 1295
f 1279 1288 1289
f 1277 1289 1293
f 1289 1290 1291
f 1289 1291 1293
f 1291 1292 1293
f 1294 1251 1298
f 1295 1252 1296
f 1297 1296 1253
f 1297 1254 1294
f 1298 1255 1284
f 1294 1283 1293
f 1293 1295 1296
f 1294 1293 1296
f 1297 1294 1296
f 1294 1298 1284
f 908 1300 994
f 1306 1305 1317
f 1334 1307 1308
f 1321 1300 1301
f 1322 1301 1302
f 1323 1302 1303
f 1323 1303 1304
f 1320 994 1300
f 1323 1304 1309
f 1337 1305 1307
f 1331 1317 1305
f 1324 1309 1310
f 1325 1310 1311
f 1320 1300 1321
f 1321 1301 1322
f 1322 1302 1323
f 1025 1312 998
f 1326 1313 1312
f 1327 1315 1313
f 1328 1311 1314
f 1330 1314 1316
f 1329 1316 1315
f 1323 1309 1324
f 1324 1310 1325
f 1021 1320 1321
f 1321 1322 1323
f 1321 1325 1327
f 1321 1323 1325
f 1323 1324 1325
f 1326 1312 1025
f 1326 1327 1313
f 1325 1311 1328
f 1328 1314 1330
f 1330 1316 1329
f 1329 1315 1327
f 1326 1025 1327
f 1325 1328 1330
f 1325 1330 1327
f 1330 1329 1327
f 1029 1319 1002
f 1332 1001 1318
f 1028 1001 1332
f 1028 1333 1029
f 1029 1333 1319
f 1028 1332 1333
f 1331 1318 1317
f 1331 1305 1337
f 1331 1337 1332
f 1331 1332 1318
f 1337 1338 1332
f 1332 1338 1333
f 1333 1338 1343
f 1337 1307 1334
f 1337 1334 1338
f 1338 1334 1335
f 1212 1341 1207
f 1343 1206 1340
f 1211 1206 1343
f 1211 1344 1212
f 1212 1344 1341
f 1211 1343 1344
f 1345 1208 1342
f 1213 1208 1345
f 1213 1356 1299
f 1213 1345 1356
f 1333 1340 1319
f 1333 1343 1340
f 1343 1338 1344
f 1344 1338 1339
f 1344 1342 1341
f 1344 1345 1342
f 1344 1339 1363
f 1344 1363 1345
f 1299 1346 1256
f 1299 1356 1346
f 1356 1347 1346
f 1357 1348 1347
f 1358 1349 1348
f 1359 1350 1349
f 1360 1351 1350
f 1361 1352 1351
f 1362 1353 1352
f 1363 1354 1353
f 1364 1355 1354
f 1356 1357 1347
f 1356 1358 1357
f 1356 1359 1358
f 1357 1358 1348
f 1345 1363 1356
f 1356 1363 1359
f 1358 1359 1349
f 1359 1360 1350
f 1360 1361 1351
f 1361 1362 1352
f 1362 1363 1353
f 1363 1364 1354
f 1364 1365 1355
f 1359 1361 1360
f 1359 1363 1361
f 1361 1363 1362
f 1363 1365 1364
f 1363 1386 1365
f 1369 1336 1366
f 1339 1336 1369
f 1371 1367 1368
f 1370 1367 1371
f 1363 1339 1369
f 1363 1369 1370
f 1363 1370 1371
f 1365 1372 1355
f 1385 1373 1372
f 1386 1374 1373
f 1387 1375 1374
f 1388 1376 1375
f 1389 1377 1376
f 1390 1378 1377
f 1391 1379 1378
f 1365 1385 1372
f 1385 1386 1373
f 1386 1387 1374
f 1387 1388 1375
f 1365 1386 1385
f 1363 1390 1386
f 1386 1388 1387
f 1386 1390 1388
f 1388 1389 1376
f 1389 1390 1377
f 1390 1391 1378
f 1391 1392 1379
f 1388 1390 1389
f 1363 1663 1390
f 1390 1392 1391
f 1363 1371 1714
f 1390 1394 1392
f 1392 1380 1379
f 1393 1381 1380
f 1394 1382 1381
f 1395 1383 1382
f 1396 1384 1383
f 1397 1639 1384
f 1392 1393 1380
f 1393 1394 1381
f 1394 1395 1382
f 1392 1394 1393
f 1390 1663 1394
f 1395 1396 1383
f 1396 1397 1384
f 1397 1663 1639
f 1394 1396 1395
f 1394 1663 1396
f 1396 1663 1397
f 888 1399 887
f 888 1400 1399
f 1339 1732 1336
f 1338 1335 1733
f 1338 1734 1339
f 1733 1335 1731
f 1339 1734 1732
f 1338 1733 1734
f 1370 1741 1367
f 1369 1366 1743
f 1369 1744 1370
f 1371 1368 1745
f 1371 1747 1660
f 1661 1637 1636
f 1662 1636 1638
f 1371 1660 1670
f 1363 1714 1663
f 1660 1637 1661
f 1661 1636 1662
f 1371 1670 1707
f 1660 1661 1662
f 1660 1662 1670
f 1371 1707 1714
f 1663 1640 1639
f 1664 1641 1640
f 1665 1642 1641
f 1666 1643 1642
f 1667 1644 1643
f 1668 1653 1644
f 1663 1664 1640
f 1664 1665 1641
f 1665 1666 1642
f 1663 1665 1664
f 1663 1667 1665
f 1666 1667 1643
f 1667 1668 1644
f 1668 1677 1653
f 1665 1667 1666
f 1663 1679 1667
f 1667 1677 1668
f 1669 1638 1645
f 1670 1645 1646
f 1671 1646 1647
f 1672 1647 1648
f 1673 1648 1649
f 1674 1649 1650
f 1660 1746 1637
f 1675 1650 1651
f 1705 1651 1684
f 1676 1690 1652
f 1662 1638 1669
f 1669 1645 1670
f 1670 1646 1671
f 1671 1647 1672
f 1662 1669 1670
f 1670 1671 1672
f 1672 1648 1673
f 1673 1649 1674
f 1674 1650 1675
f 1675 1651 1705
f 1670 1672 1674
f 1672 1673 1674
f 1670 1674 1707
f 1674 1675 1705
f 1683 1676 1652
f 1711 1676 1683
f 1677 1654 1653
f 1678 1655 1654
f 1679 1656 1655
f 1680 1657 1656
f 1681 1658 1657
f 1682 1659 1658
f 1683 1652 1659
f 1677 1678 1654
f 1678 1679 1655
f 1679 1680 1656
f 1667 1679 1677
f 1677 1679 1678
f 1663 1714 1679
f 1679 1681 1680
f 1680 1681 1657
f 1681 1682 1658
f 1682 1683 1659
f 1679 1683 1681
f 1681 1683 1682
f 1714 1683 1679
f 1743 1366 1740
f 1370 1744 1741
f 1369 1743 1744
f 1745 1368 1742
f 1371 1745 1747
f 1706 1684 1685
f 1707 1685 1686
f 1708 1686 1687
f 1709 1687 1688
f 1710 1688 1689
f 1711 1691 1690
f 1712 1693 1691
f 1713 1689 1692
f 1714 1694 1693
f 1715 1695 1694
f 1716 1696 1695
f 1717 1703 1696
f 1718 1692 1697
f 1719 1697 1698
f 1720 1698 1699
f 1721 1699 1700
f 1722 1700 1701
f 1723 1701 1702
f 1724 1704 1703
f 1725 1702 1704
f 1705 1684 1706
f 1706 1685 1707
f 1707 1686 1708
f 1708 1687 1709
f 1709 1688 1710
f 1710 1689 1713
f 1674 1705 1707
f 1705 1706 1707
f 1707 1708 1709
f 1707 1709 1713
f 1709 1710 1713
f 1711 1690 1676
f 1711 1712 1691
f 1712 1714 1693
f 1713 1692 1718
f 1715 1694 1714
f 1715 1716 1695
f 1717 1696 1716
f 1724 1703 1717
f 1711 1683 1714
f 1711 1714 1712
f 1707 1721 1714
f 1707 1713 1721
f 1715 1714 1716
f 1724 1716 1714
f 1721 1724 1714
f 1724 1717 1716
f 1718 1697 1719
f 1719 1698 1720
f 1723 1702 1725
f 1720 1699 1721
f 1721 1700 1722
f 1722 1701 1723
f 1725 1704 1724
f 1713 1718 1719
f 1713 1719 1721
f 1719 1720 1721
f 1721 1723 1724
f 1721 1722 1723
f 1723 1725 1724
f 1660 1747 1746
f 1734 1731 1732
f 1733 1731 1734
f 1744 1740 1741
f 1743 1740 1744
f 1747 1742 1746
f 1745 1742 1747

