# https://github.com/mikedh/trimesh
v 0.60000002 0.60000002 0.00000000
v 0.00000000 0.60000002 0.60000002
v 0.60000002 0.00000000 0.60000002
v 0.00000000 0.60000002 4.40000010
v 0.60000002 0.00000000 4.40000010
v 0.60000002 0.60000002 5.00000000
v 0.19999985 29.62500000 4.59999990
v 0.19999985 29.97500038 4.59999990
v 0.19999985 32.22499847 4.59999990
v 0.19999985 32.57500076 4.59999990
v 0.19999985 34.82500076 4.59999990
v 1.85000002 29.62500000 4.59999990
v 1.85000002 29.97500038 4.59999990
v 2.29999995 29.62500000 4.59999990
v 2.29999995 29.97500038 4.59999990
v 1.85000002 32.22499847 4.59999990
v 1.85000002 32.40000153 4.59999990
v 2.29999995 32.22499847 4.59999990
v 2.29999995 32.40000153 4.59999990
v 0.60000002 29.62500000 5.00000000
v 0.60000002 29.97500038 5.00000000
v 0.60000002 32.22499847 5.00000000
v 0.60000002 32.57500076 5.00000000
v 0.60000002 34.82500076 5.00000000
v 1.85000002 27.20000076 5.00000000
v 1.85000002 29.62500000 5.00000000
v 1.85000002 29.97500038 5.00000000
v 2.29999995 27.20000076 5.00000000
v 2.36348248 27.31859589 5.00000000
v 2.42904830 27.28753853 5.00000000
v 2.49641657 27.26103020 5.00000000
v 2.29999995 27.35407066 5.00000000
v 2.29999995 27.69090462 5.00000000
v 2.33251238 27.67218971 5.00000000
v 2.37125587 27.65328407 5.00000000
v 2.41106439 27.63714981 5.00000000
v 2.49319124 27.61345100 5.00000000
v 2.45176768 27.62385178 5.00000000
v 2.29999995 28.90909576 5.00000000
v 2.33251238 28.92781067 5.00000000
v 2.29999995 29.34593010 5.00000000
v 2.37125587 28.94671631 5.00000000
v 2.41106439 28.96285057 5.00000000
v 2.45176768 28.97614861 5.00000000
v 2.36348248 29.38140297 5.00000000
v 2.49319124 28.98654938 5.00000000
v 2.42904830 29.41246223 5.00000000
v 2.49641657 29.43897057 5.00000000
v 2.29999995 29.62500000 5.00000000
v 2.29999995 29.97500038 5.00000000
v 1.85000002 27.20000076 5.50000000
v 1.85000002 27.87237930 5.50000000
v 1.85000002 28.82762146 5.50000000
v 2.29999995 27.20000076 5.50000000
v 2.36348248 27.31859589 5.50000000
v 2.42904830 27.28753853 5.50000000
v 2.49641657 27.26103020 5.50000000
v 2.29999995 27.35407066 5.50000000
v 2.29999995 27.69090462 5.50000000
v 2.33251238 27.67218971 5.50000000
v 2.37125587 27.65328407 5.50000000
v 2.41106439 27.63714981 5.50000000
v 2.49319124 27.61345100 5.50000000
v 2.45176768 27.62385178 5.50000000
v 2.29999995 28.90909576 5.50000000
v 2.33251238 28.92781067 5.50000000
v 2.29999995 29.34593010 5.50000000
v 2.37125587 28.94671631 5.50000000
v 2.41106439 28.96285057 5.50000000
v 2.45176768 28.97614861 5.50000000
v 2.36348248 29.38140297 5.50000000
v 2.49319124 28.98654938 5.50000000
v 2.42904830 29.41246223 5.50000000
v 2.49641657 29.43897057 5.50000000
v 1.85000002 32.22499847 5.00000000
v 2.29999995 32.22499847 5.00000000
v 1.85000002 32.40000153 5.50000000
v 2.29999995 32.40000153 5.50000000
v 2.56529903 27.23918533 5.00000000
v 2.63540053 27.22209740 5.00000000
v 2.70642114 27.20983887 5.00000000
v 2.77805662 27.20246315 5.00000000
v 2.53515792 27.60598946 5.00000000
v 2.57748795 27.60149956 5.00000000
v 2.61999989 27.60000038 5.00000000
v 2.66251206 27.60149956 5.00000000
v 2.70484209 27.60598946 5.00000000
v 2.74680877 27.61345100 5.00000000
v 2.78823233 27.62385178 5.00000000
v 2.84999990 27.20000076 5.00000000
v 2.92194343 27.20246315 5.00000000
v 2.99357891 27.20983887 5.00000000
v 3.06459928 27.22209740 5.00000000
v 2.82893562 27.63714981 5.00000000
v 2.86874413 27.65328407 5.00000000
v 2.90748763 27.67218971 5.00000000
v 2.94499993 27.69378281 5.00000000
v 2.98112059 27.71797180 5.00000000
v 3.01569486 27.74465179 5.00000000
v 3.04857469 27.77371216 5.00000000
v 3.07961941 27.80502510 5.00000000
v 3.10869598 27.83845711 5.00000000
v 2.53515792 28.99401093 5.00000000
v 2.57748795 28.99850082 5.00000000
v 2.56529903 29.46081543 5.00000000
v 2.61999989 29.00000000 5.00000000
v 2.63540053 29.47790337 5.00000000
v 2.78823233 28.97614861 5.00000000
v 2.66251206 28.99850082 5.00000000
v 2.70484209 28.99401093 5.00000000
v 2.70642114 29.49016190 5.00000000
v 2.74680877 28.98654938 5.00000000
v 2.77805662 29.49753761 5.00000000
v 2.82893562 28.96285057 5.00000000
v 2.86874413 28.94671631 5.00000000
v 2.90748763 28.92781067 5.00000000
v 2.94499993 28.90621758 5.00000000
v 2.84999990 29.50000000 5.00000000
v 2.92194343 29.49753761 5.00000000
v 2.98112059 28.88202858 5.00000000
v 3.01569486 28.85534668 5.00000000
v 3.04857469 28.82628822 5.00000000
v 3.07961941 28.79497528 5.00000000
v 3.10869598 28.76154137 5.00000000
v 2.99357891 29.49016190 5.00000000
v 3.06459928 29.47790337 5.00000000
v 3.13470101 27.23918533 5.00000000
v 3.20358348 27.26103020 5.00000000
v 3.27095175 27.28753853 5.00000000
v 3.33651757 27.31859589 5.00000000
v 3.13567972 27.87386703 5.00000000
v 3.16045523 27.91110039 5.00000000
v 3.18291640 27.95000076 5.00000000
v 3.20296717 27.99039841 5.00000000
v 3.22052169 28.03212166 5.00000000
v 3.23550463 28.07499313 5.00000000
v 3.24785185 28.11882591 5.00000000
v 3.25751042 28.16343689 5.00000000
v 3.26443911 28.20863152 5.00000000
v 3.26860833 28.25421715 5.00000000
v 3.26999998 28.29999924 5.00000000
v 3.25751042 28.43656349 5.00000000
v 3.26860833 28.34578133 5.00000000
v 3.26443911 28.39136887 5.00000000
v 3.40000010 27.35407066 5.00000000
v 3.46112728 27.39381027 5.00000000
v 3.51963758 27.43764305 5.00000000
v 3.57528043 27.48538399 5.00000000
v 3.62781739 27.53682709 5.00000000
v 3.67702389 27.59175301 5.00000000
v 3.72268867 27.64992523 5.00000000
v 3.16045523 28.68889999 5.00000000
v 3.18291640 28.64999962 5.00000000
v 3.20296717 28.60960197 5.00000000
v 3.13567972 28.72613335 5.00000000
v 3.22052169 28.56787872 5.00000000
v 3.23550463 28.52500725 5.00000000
v 3.24785185 28.48117256 5.00000000
v 3.13470101 29.46081543 5.00000000
v 3.20358348 29.43897057 5.00000000
v 3.27095175 29.41246223 5.00000000
v 3.33651757 29.38140297 5.00000000
v 3.40000010 29.34593010 5.00000000
v 3.46112728 29.30619049 5.00000000
v 3.57528043 29.21461487 5.00000000
v 3.51963758 29.26235580 5.00000000
v 3.62781739 29.16317368 5.00000000
v 3.67702389 29.10824776 5.00000000
v 3.72268867 29.05007553 5.00000000
v 2.56529903 27.23918533 5.50000000
v 2.63540053 27.22209740 5.50000000
v 2.70642114 27.20983887 5.50000000
v 2.77805662 27.20246315 5.50000000
v 2.53515792 27.60598946 5.50000000
v 2.57748795 27.60149956 5.50000000
v 2.61999989 27.60000038 5.50000000
v 2.66251206 27.60149956 5.50000000
v 2.70484209 27.60598946 5.50000000
v 2.74680877 27.61345100 5.50000000
v 2.78823233 27.62385178 5.50000000
v 2.84999990 27.20000076 5.50000000
v 2.92194343 27.20246315 5.50000000
v 2.99357891 27.20983887 5.50000000
v 3.06459928 27.22209740 5.50000000
v 2.82893562 27.63714981 5.50000000
v 2.86874413 27.65328407 5.50000000
v 2.90748763 27.67218971 5.50000000
v 2.94499993 27.69378281 5.50000000
v 2.98112059 27.71797180 5.50000000
v 3.01569486 27.74465179 5.50000000
v 3.04857469 27.77371216 5.50000000
v 3.07961941 27.80502510 5.50000000
v 3.10869598 27.83845711 5.50000000
v 2.53515792 28.99401093 5.50000000
v 2.57748795 28.99850082 5.50000000
v 2.56529903 29.46081543 5.50000000
v 2.61999989 29.00000000 5.50000000
v 2.63540053 29.47790337 5.50000000
v 2.78823233 28.97614861 5.50000000
v 2.66251206 28.99850082 5.50000000
v 2.70484209 28.99401093 5.50000000
v 2.70642114 29.49016190 5.50000000
v 2.74680877 28.98654938 5.50000000
v 2.77805662 29.49753761 5.50000000
v 2.82893562 28.96285057 5.50000000
v 2.86874413 28.94671631 5.50000000
v 2.90748763 28.92781067 5.50000000
v 2.94499993 28.90621758 5.50000000
v 2.84999990 29.50000000 5.50000000
v 2.92194343 29.49753761 5.50000000
v 2.98112059 28.88202858 5.50000000
v 3.01569486 28.85534668 5.50000000
v 3.04857469 28.82628822 5.50000000
v 3.07961941 28.79497528 5.50000000
v 3.10869598 28.76154137 5.50000000
v 2.99357891 29.49016190 5.50000000
v 3.06459928 29.47790337 5.50000000
v 3.13470101 27.23918533 5.50000000
v 3.20358348 27.26103020 5.50000000
v 3.27095175 27.28753853 5.50000000
v 3.33651757 27.31859589 5.50000000
v 3.13567972 27.87386703 5.50000000
v 3.16045523 27.91110039 5.50000000
v 3.18291640 27.95000076 5.50000000
v 3.20296717 27.99039841 5.50000000
v 3.22052169 28.03212166 5.50000000
v 3.23550463 28.07499313 5.50000000
v 3.24785185 28.11882591 5.50000000
v 3.25751042 28.16343689 5.50000000
v 3.26443911 28.20863152 5.50000000
v 3.26860833 28.25421715 5.50000000
v 3.26999998 28.29999924 5.50000000
v 3.25751042 28.43656349 5.50000000
v 3.26860833 28.34578133 5.50000000
v 3.26443911 28.39136887 5.50000000
v 3.40000010 27.35407066 5.50000000
v 3.46112728 27.39381027 5.50000000
v 3.51963758 27.43764305 5.50000000
v 3.57528043 27.48538399 5.50000000
v 3.62781739 27.53682709 5.50000000
v 3.67702389 27.59175301 5.50000000
v 3.72268867 27.64992523 5.50000000
v 3.16045523 28.68889999 5.50000000
v 3.18291640 28.64999962 5.50000000
v 3.20296717 28.60960197 5.50000000
v 3.13567972 28.72613335 5.50000000
v 3.22052169 28.56787872 5.50000000
v 3.23550463 28.52500725 5.50000000
v 3.24785185 28.48117256 5.50000000
v 3.13470101 29.46081543 5.50000000
v 3.20358348 29.43897057 5.50000000
v 3.27095175 29.41246223 5.50000000
v 3.33651757 29.38140297 5.50000000
v 3.40000010 29.34593010 5.50000000
v 3.46112728 29.30619049 5.50000000
v 3.57528043 29.21461487 5.50000000
v 3.51963758 29.26235580 5.50000000
v 3.62781739 29.16317368 5.50000000
v 3.67702389 29.10824776 5.50000000
v 3.72268867 29.05007553 5.50000000
v 3.76461649 27.71109390 5.00000000
v 3.80262804 27.77499962 5.00000000
v 3.83656001 27.84136772 5.00000000
v 3.86626744 27.90991402 5.00000000
v 3.89162326 27.98034477 5.00000000
v 3.91251850 28.05235863 5.00000000
v 3.92886376 28.12564659 5.00000000
v 3.94058943 28.19989395 5.00000000
v 3.94764471 28.27478600 5.00000000
v 3.95000005 28.35000038 5.00000000
v 3.94764471 28.42521286 5.00000000
v 3.80262804 28.92499924 5.00000000
v 3.86626744 28.79008675 5.00000000
v 3.83656001 28.85863113 5.00000000
v 3.89162326 28.71965599 5.00000000
v 3.76461649 28.98890495 5.00000000
v 3.94058943 28.50010490 5.00000000
v 3.91251850 28.64764214 5.00000000
v 3.92886376 28.57435417 5.00000000
v 3.76461649 27.71109390 5.50000000
v 3.80262804 27.77499962 5.50000000
v 3.83656001 27.84136772 5.50000000
v 3.86626744 27.90991402 5.50000000
v 3.89162326 27.98034477 5.50000000
v 3.91251850 28.05235863 5.50000000
v 3.92886376 28.12564659 5.50000000
v 3.94058943 28.19989395 5.50000000
v 3.94764471 28.27478600 5.50000000
v 3.95000005 28.35000038 5.50000000
v 3.94764471 28.42521286 5.50000000
v 3.80262804 28.92499924 5.50000000
v 3.86626744 28.79008675 5.50000000
v 3.83656001 28.85863113 5.50000000
v 3.89162326 28.71965599 5.50000000
v 3.76461649 28.98890495 5.50000000
v 3.94058943 28.50010490 5.50000000
v 3.91251850 28.64764214 5.50000000
v 3.92886376 28.57435417 5.50000000
v 6.71739340 29.62500000 4.59999990
v 6.81176519 29.65220833 4.59999990
v 6.91693878 29.67736435 4.59999990
v 7.02246857 29.69747734 4.59999990
v 7.12790155 29.71246338 4.59999990
v 7.23278713 29.72225761 4.59999990
v 7.33667612 29.72681808 4.59999990
v 7.43912315 29.72612381 4.59999990
v 5.46558046 27.86098862 5.00000000
v 5.38919592 28.15392113 5.00000000
v 5.38721228 28.23166466 5.00000000
v 5.41381836 28.00320435 5.00000000
v 5.39807701 28.07765770 5.00000000
v 5.43635130 27.93087769 5.00000000
v 5.39213514 28.31055832 5.00000000
v 5.40394258 28.39026260 5.00000000
v 5.50137997 27.79383659 5.00000000
v 5.54359722 27.72970772 5.00000000
v 5.59205055 27.66887665 5.00000000
v 5.42258501 28.47043800 5.00000000
v 5.44798183 28.55073929 5.00000000
v 5.48002481 28.63082314 5.00000000
v 5.51857662 28.71034622 5.00000000
v 5.56347227 28.78896904 5.00000000
v 5.61451912 28.86635399 5.00000000
v 5.64653349 27.61160469 5.00000000
v 5.70681143 27.55813789 5.00000000
v 5.77262735 27.50870323 5.00000000
v 5.84369946 27.46351433 5.00000000
v 5.91972256 27.42276382 5.00000000
v 6.17414808 27.32878685 5.00000000
v 6.00037146 27.38662529 5.00000000
v 6.08530140 27.35525513 5.00000000
v 5.67149878 28.94217110 5.00000000
v 5.73416758 29.01609421 5.00000000
v 5.80225658 29.08780670 5.00000000
v 5.87547445 29.15700340 5.00000000
v 5.95350790 29.22338676 5.00000000
v 6.03602266 29.28667068 5.00000000
v 6.12266493 29.34658813 5.00000000
v 6.21306419 29.40287781 5.00000000
v 5.46558046 27.86098862 5.50000000
v 5.38919592 28.15392113 5.50000000
v 5.38721228 28.23166466 5.50000000
v 5.41381836 28.00320435 5.50000000
v 5.39807701 28.07765770 5.50000000
v 5.43635130 27.93087769 5.50000000
v 5.39213514 28.31055832 5.50000000
v 5.40394258 28.39026260 5.50000000
v 5.50137997 27.79383659 5.50000000
v 5.54359722 27.72970772 5.50000000
v 5.59205055 27.66887665 5.50000000
v 5.42258501 28.47043800 5.50000000
v 5.44798183 28.55073929 5.50000000
v 5.48002481 28.63082314 5.50000000
v 5.51857662 28.71034622 5.50000000
v 5.56347227 28.78896904 5.50000000
v 5.61451912 28.86635399 5.50000000
v 5.64653349 27.61160469 5.50000000
v 5.70681143 27.55813789 5.50000000
v 5.77262735 27.50870323 5.50000000
v 5.84369946 27.46351433 5.50000000
v 5.91972256 27.42276382 5.50000000
v 6.17414808 27.32878685 5.50000000
v 6.00037146 27.38662529 5.50000000
v 6.08530140 27.35525513 5.50000000
v 5.67149878 28.94217110 5.50000000
v 5.73416758 29.01609421 5.50000000
v 5.80225658 29.08780670 5.50000000
v 5.87547445 29.15700340 5.50000000
v 5.95350790 29.22338676 5.50000000
v 6.03602266 29.28667068 5.50000000
v 6.12266493 29.34658813 5.50000000
v 6.21306419 29.40287781 5.50000000
v 6.26653099 27.30733299 5.00000000
v 6.36205482 27.29098701 5.00000000
v 6.46031046 27.27981949 5.00000000
v 6.56087685 27.27387619 5.00000000
v 6.66332388 27.27318192 5.00000000
v 6.76721287 27.27774239 5.00000000
v 6.87209845 27.28753662 5.00000000
v 6.30683374 29.45530319 5.00000000
v 6.40357113 29.50363731 5.00000000
v 6.50286245 29.54767418 5.00000000
v 6.60428286 29.58722496 5.00000000
v 6.71739340 29.62500000 5.00000000
v 6.70739746 29.62211800 5.00000000
v 6.97753143 27.30252266 5.00000000
v 7.08306122 27.32263565 5.00000000
v 7.18823481 27.34779167 5.00000000
v 7.29260254 27.37788200 5.00000000
v 7.39571714 27.41277504 5.00000000
v 7.49713755 27.45232582 5.00000000
v 6.26653099 27.30733299 5.50000000
v 6.36205482 27.29098701 5.50000000
v 6.46031046 27.27981949 5.50000000
v 6.56087685 27.27387619 5.50000000
v 6.66332388 27.27318192 5.50000000
v 6.76721287 27.27774239 5.50000000
v 6.87209845 27.28753662 5.50000000
v 6.30683374 29.45530319 5.50000000
v 6.40357113 29.50363731 5.50000000
v 6.50286245 29.54767418 5.50000000
v 6.60428286 29.58722496 5.50000000
v 6.70739746 29.62211800 5.50000000
v 6.81176519 29.65220833 5.50000000
v 6.97753143 27.30252266 5.50000000
v 7.08306122 27.32263565 5.50000000
v 7.18823481 27.34779167 5.50000000
v 7.29260254 27.37788200 5.50000000
v 7.39571714 27.41277504 5.50000000
v 7.49713755 27.45232582 5.50000000
v 6.91693878 29.67736435 5.50000000
v 7.02246857 29.69747734 5.50000000
v 7.12790155 29.71246338 5.50000000
v 7.23278713 29.72225761 5.50000000
v 7.33667612 29.72681808 5.50000000
v 7.43912315 29.72612381 5.50000000
v 7.53968954 29.72018051 4.59999990
v 7.63794518 29.70901299 4.59999990
v 7.73346901 29.69266701 4.59999990
v 7.82585192 29.67121315 4.59999990
v 7.91469860 29.64474487 4.59999990
v 7.96815491 29.62500000 4.59999990
v 8.11294460 29.62500000 4.59999990
v 8.11294460 29.97500038 4.59999990
v 8.61294460 29.62500000 4.59999990
v 8.61294460 29.97500038 4.59999990
v 8.11294460 32.22499847 4.59999990
v 8.11294460 32.57500076 4.59999990
v 8.11294460 34.82500076 4.59999990
v 8.61294460 32.22499847 4.59999990
v 8.61294460 32.57500076 4.59999990
v 8.61294460 34.82500076 4.59999990
v 9.38705540 29.62500000 4.59999990
v 9.38705540 29.97500038 4.59999990
v 9.88705540 29.62500000 4.59999990
v 9.88705540 29.97500038 4.59999990
v 9.38705540 32.22499847 4.59999990
v 9.38705540 32.57500076 4.59999990
v 9.88705540 32.22499847 4.59999990
v 9.88705540 32.57500076 4.59999990
v 9.38705540 34.82500076 4.59999990
v 9.88705540 34.82500076 4.59999990
v 7.59642887 27.49636269 5.00000000
v 7.69316626 27.54469681 5.00000000
v 7.78693581 27.59712219 5.00000000
v 7.87733507 27.65341187 5.00000000
v 7.96397734 27.71332932 5.00000000
v 8.04649258 27.77661324 5.00000000
v 8.12452507 27.84299660 5.00000000
v 7.96815491 29.62500000 5.00000000
v 7.99962854 29.61337471 5.00000000
v 8.08027744 29.57723618 5.00000000
v 8.11294460 29.55972672 5.00000000
v 8.11294460 29.62500000 5.00000000
v 8.11294460 29.97500038 5.00000000
v 8.19774342 27.91219330 5.00000000
v 8.26583290 27.98390579 5.00000000
v 8.32850075 28.05782890 5.00000000
v 8.38548088 28.13364601 5.00000000
v 8.43652821 28.21103096 5.00000000
v 8.48142338 28.28965378 5.00000000
v 8.51997471 28.36917686 5.00000000
v 8.55201817 28.44926071 5.00000000
v 8.56806564 28.50000000 5.00000000
v 8.61294460 28.50000000 5.00000000
v 8.61294460 29.62500000 5.00000000
v 8.61294460 29.97500038 5.00000000
v 7.59642887 27.49636269 5.50000000
v 7.69316626 27.54469681 5.50000000
v 7.78693581 27.59712219 5.50000000
v 7.87733507 27.65341187 5.50000000
v 7.96397734 27.71332932 5.50000000
v 8.04649258 27.77661324 5.50000000
v 8.12452507 27.84299660 5.50000000
v 7.53968954 29.72018051 5.50000000
v 7.63794518 29.70901299 5.50000000
v 7.73346901 29.69266701 5.50000000
v 7.82585192 29.67121315 5.50000000
v 7.91469860 29.64474487 5.50000000
v 7.99962854 29.61337471 5.50000000
v 8.08027744 29.57723618 5.50000000
v 8.11294460 29.55972672 5.50000000
v 8.19774342 27.91219330 5.50000000
v 8.26583290 27.98390579 5.50000000
v 8.32850075 28.05782890 5.50000000
v 8.38548088 28.13364601 5.50000000
v 8.43652821 28.21103096 5.50000000
v 8.48142338 28.28965378 5.50000000
v 8.51997471 28.36917686 5.50000000
v 8.55201817 28.44926071 5.50000000
v 8.56806564 28.50000000 5.50000000
v 8.61294460 28.50000000 5.50000000
v 8.11294460 32.22499847 5.00000000
v 8.11294460 32.57500076 5.00000000
v 8.11294460 34.82500076 5.00000000
v 8.61294460 32.22499847 5.00000000
v 8.61294460 32.57500076 5.00000000
v 8.61294460 34.82500076 5.00000000
v 9.38705540 28.50000000 5.00000000
v 9.38705540 29.62500000 5.00000000
v 9.38705540 29.97500038 5.00000000
v 9.88705540 28.50000000 5.00000000
v 9.88705540 29.62500000 5.00000000
v 9.88705540 29.97500038 5.00000000
v 9.38705540 28.50000000 5.50000000
v 9.88705540 28.50000000 5.50000000
v 9.38705540 32.22499847 5.00000000
v 9.38705540 32.57500076 5.00000000
v 9.88705540 32.22499847 5.00000000
v 9.88705540 32.57500076 5.00000000
v 9.38705540 34.82500076 5.00000000
v 9.88705540 34.82500076 5.00000000
v 0.60000002 69.40000153 0.00000000
v 0.00000000 69.40000153 0.60000002
v 0.60000002 70.00000000 0.60000002
v 0.19999985 35.17499924 4.59999990
v 0.19999985 37.42499924 4.59999990
v 0.19999985 37.77500153 4.59999990
v 0.19999985 40.02500153 4.59999990
v 0.19999985 40.37500000 4.59999990
v 0.60000002 35.17499924 5.00000000
v 0.60000002 37.42499924 5.00000000
v 0.60000002 37.77500153 5.00000000
v 0.60000002 40.02500153 5.00000000
v 0.60000002 40.37500000 5.00000000
v 0.00000000 69.40000153 4.40000010
v 0.60000002 70.00000000 4.40000010
v 0.60000002 69.40000153 5.00000000
v 4.78793383 56.50000000 4.59999990
v 4.78793383 56.50000000 5.00000000
v 4.78793383 65.50000000 4.59999990
v 4.78793383 65.50000000 5.00000000
v 5.84999990 37.42499924 4.59999990
v 5.84999990 37.77500153 4.59999990
v 5.84999990 40.02500153 4.59999990
v 5.84999990 40.37500000 4.59999990
v 6.30000019 37.42499924 4.59999990
v 6.30000019 37.77500153 4.59999990
v 7.16847992 37.77500153 4.59999990
v 7.18291664 37.75000000 4.59999990
v 7.20296717 37.70960236 4.59999990
v 7.22052193 37.66787720 4.59999990
v 7.26443911 37.49136734 4.59999990
v 7.25751066 37.53656387 4.59999990
v 7.24785185 37.58117294 4.59999990
v 7.23550463 37.62500763 4.59999990
v 7.26923990 37.42499924 4.59999990
v 7.26860809 37.44578171 4.59999990
v 6.30000019 40.02500153 4.59999990
v 6.30000019 40.37500000 4.59999990
v 5.84999990 36.29999924 5.00000000
v 5.84999990 37.42499924 5.00000000
v 5.84999990 37.77500153 5.00000000
v 5.84999990 36.29999924 5.50000000
v 5.84999990 36.97237778 5.50000000
v 5.84999990 37.92761993 5.50000000
v 5.84999990 40.02500153 5.00000000
v 5.84999990 40.37500000 5.00000000
v 5.84999990 41.50000000 5.00000000
v 5.84999990 41.50000000 5.50000000
v 6.30000019 36.29999924 5.00000000
v 6.30000019 36.45407104 5.00000000
v 6.36348248 36.41859818 5.00000000
v 6.30000019 36.79090500 5.00000000
v 6.33251238 36.77219009 5.00000000
v 6.37125587 36.75328445 5.00000000
v 6.42904806 36.38753891 5.00000000
v 6.49641657 36.36103058 5.00000000
v 6.41106415 36.73714828 5.00000000
v 6.45176744 36.72385025 5.00000000
v 6.49319124 36.71345139 5.00000000
v 6.53515816 36.70598984 5.00000000
v 6.56529903 36.33918381 5.00000000
v 6.63540077 36.32209778 5.00000000
v 6.70642138 36.30983734 5.00000000
v 6.57748795 36.70149994 5.00000000
v 6.61999989 36.70000076 5.00000000
v 6.66251183 36.70149994 5.00000000
v 6.70484209 36.70598984 5.00000000
v 6.77805662 36.30246353 5.00000000
v 6.84999990 36.29999924 5.00000000
v 6.74680853 36.71345139 5.00000000
v 6.78823233 36.72385025 5.00000000
v 6.82893562 36.73714828 5.00000000
v 6.86874437 36.75328445 5.00000000
v 6.30000019 37.42499924 5.00000000
v 6.30000019 37.77500153 5.00000000
v 6.30000019 38.00909424 5.00000000
v 6.33251238 38.02780914 5.00000000
v 6.37125587 38.04671478 5.00000000
v 6.41106415 38.06285095 5.00000000
v 6.45176744 38.07614899 5.00000000
v 6.49319124 38.08654785 5.00000000
v 6.53515816 38.09401321 5.00000000
v 6.30000019 38.44593048 5.00000000
v 6.36348248 38.48140335 5.00000000
v 6.42904806 38.51246262 5.00000000
v 6.49641657 38.53897095 5.00000000
v 6.57748795 38.09850311 5.00000000
v 6.61999989 38.09999847 5.00000000
v 6.66251183 38.09850311 5.00000000
v 6.70484209 38.09401321 5.00000000
v 6.74680853 38.08654785 5.00000000
v 6.78823233 38.07614899 5.00000000
v 6.82893562 38.06285095 5.00000000
v 6.86874437 38.04671478 5.00000000
v 6.56529903 38.56081390 5.00000000
v 6.63540077 38.57790375 5.00000000
v 6.70642138 38.59016037 5.00000000
v 6.77805662 38.59753799 5.00000000
v 6.84999990 38.59999847 5.00000000
v 6.92194366 36.30246353 5.00000000
v 6.99357891 36.30983734 5.00000000
v 6.90748787 36.77219009 5.00000000
v 6.94500017 36.79378128 5.00000000
v 6.98112059 36.81797028 5.00000000
v 7.01569510 36.84465408 5.00000000
v 7.06459951 36.32209778 5.00000000
v 7.13470078 36.33918381 5.00000000
v 7.04857492 36.87371063 5.00000000
v 7.07961941 36.90502548 5.00000000
v 7.10869598 36.93845749 5.00000000
v 7.13567972 36.97386551 5.00000000
v 7.16045523 37.01110077 5.00000000
v 7.18291664 37.04999924 5.00000000
v 7.20358324 36.36103058 5.00000000
v 7.27095175 36.38753891 5.00000000
v 7.33651733 36.41859818 5.00000000
v 7.20296717 37.09039688 5.00000000
v 7.22052193 37.13212204 5.00000000
v 7.23550463 37.17499161 5.00000000
v 7.40000010 36.45407104 5.00000000
v 7.46112728 36.49380875 5.00000000
v 6.94500017 38.00621796 5.00000000
v 6.90748787 38.02780914 5.00000000
v 6.98112059 37.98202896 5.00000000
v 7.01569510 37.95534897 5.00000000
v 7.04857492 37.92628860 5.00000000
v 7.10869598 37.86154175 5.00000000
v 7.07961941 37.89497375 5.00000000
v 7.13567972 37.82613373 5.00000000
v 7.16045523 37.78889847 5.00000000
v 7.16847992 37.77500153 5.00000000
v 6.92194366 38.59753799 5.00000000
v 6.99357891 38.59016037 5.00000000
v 7.06459951 38.57790375 5.00000000
v 7.13470078 38.56081390 5.00000000
v 7.24785185 37.21882629 5.00000000
v 7.25751066 37.26343536 5.00000000
v 7.26443911 37.30863190 5.00000000
v 7.26860809 37.35421753 5.00000000
v 7.26923990 37.42499924 5.00000000
v 7.26999998 37.40000153 5.00000000
v 7.20358324 38.53897095 5.00000000
v 7.27095175 38.51246262 5.00000000
v 7.33651733 38.48140335 5.00000000
v 7.40000010 38.44593048 5.00000000
v 7.46112728 38.40618896 5.00000000
v 6.30000019 36.29999924 5.50000000
v 6.30000019 36.45407104 5.50000000
v 6.36348248 36.41859818 5.50000000
v 6.30000019 36.79090500 5.50000000
v 6.33251238 36.77219009 5.50000000
v 6.37125587 36.75328445 5.50000000
v 6.42904806 36.38753891 5.50000000
v 6.49641657 36.36103058 5.50000000
v 6.41106415 36.73714828 5.50000000
v 6.45176744 36.72385025 5.50000000
v 6.49319124 36.71345139 5.50000000
v 6.53515816 36.70598984 5.50000000
v 6.56529903 36.33918381 5.50000000
v 6.63540077 36.32209778 5.50000000
v 6.70642138 36.30983734 5.50000000
v 6.57748795 36.70149994 5.50000000
v 6.61999989 36.70000076 5.50000000
v 6.66251183 36.70149994 5.50000000
v 6.70484209 36.70598984 5.50000000
v 6.77805662 36.30246353 5.50000000
v 6.84999990 36.29999924 5.50000000
v 6.74680853 36.71345139 5.50000000
v 6.78823233 36.72385025 5.50000000
v 6.82893562 36.73714828 5.50000000
v 6.86874437 36.75328445 5.50000000
v 6.30000019 38.00909424 5.50000000
v 6.33251238 38.02780914 5.50000000
v 6.37125587 38.04671478 5.50000000
v 6.41106415 38.06285095 5.50000000
v 6.45176744 38.07614899 5.50000000
v 6.49319124 38.08654785 5.50000000
v 6.53515816 38.09401321 5.50000000
v 6.30000019 38.44593048 5.50000000
v 6.36348248 38.48140335 5.50000000
v 6.42904806 38.51246262 5.50000000
v 6.49641657 38.53897095 5.50000000
v 6.57748795 38.09850311 5.50000000
v 6.61999989 38.09999847 5.50000000
v 6.66251183 38.09850311 5.50000000
v 6.70484209 38.09401321 5.50000000
v 6.74680853 38.08654785 5.50000000
v 6.78823233 38.07614899 5.50000000
v 6.82893562 38.06285095 5.50000000
v 6.86874437 38.04671478 5.50000000
v 6.56529903 38.56081390 5.50000000
v 6.63540077 38.57790375 5.50000000
v 6.70642138 38.59016037 5.50000000
v 6.77805662 38.59753799 5.50000000
v 6.84999990 38.59999847 5.50000000
v 6.92194366 36.30246353 5.50000000
v 6.99357891 36.30983734 5.50000000
v 6.90748787 36.77219009 5.50000000
v 6.94500017 36.79378128 5.50000000
v 6.98112059 36.81797028 5.50000000
v 7.01569510 36.84465408 5.50000000
v 7.06459951 36.32209778 5.50000000
v 7.13470078 36.33918381 5.50000000
v 7.04857492 36.87371063 5.50000000
v 7.07961941 36.90502548 5.50000000
v 7.10869598 36.93845749 5.50000000
v 7.13567972 36.97386551 5.50000000
v 7.16045523 37.01110077 5.50000000
v 7.18291664 37.04999924 5.50000000
v 7.20358324 36.36103058 5.50000000
v 7.27095175 36.38753891 5.50000000
v 7.33651733 36.41859818 5.50000000
v 7.20296717 37.09039688 5.50000000
v 7.22052193 37.13212204 5.50000000
v 7.23550463 37.17499161 5.50000000
v 7.40000010 36.45407104 5.50000000
v 7.46112728 36.49380875 5.50000000
v 6.94500017 38.00621796 5.50000000
v 6.90748787 38.02780914 5.50000000
v 6.98112059 37.98202896 5.50000000
v 7.01569510 37.95534897 5.50000000
v 7.04857492 37.92628860 5.50000000
v 7.10869598 37.86154175 5.50000000
v 7.07961941 37.89497375 5.50000000
v 7.13567972 37.82613373 5.50000000
v 7.16045523 37.78889847 5.50000000
v 7.18291664 37.75000000 5.50000000
v 6.92194366 38.59753799 5.50000000
v 6.99357891 38.59016037 5.50000000
v 7.06459951 38.57790375 5.50000000
v 7.13470078 38.56081390 5.50000000
v 7.24785185 37.21882629 5.50000000
v 7.25751066 37.26343536 5.50000000
v 7.26443911 37.30863190 5.50000000
v 7.20296717 37.70960236 5.50000000
v 7.22052193 37.66787720 5.50000000
v 7.26443911 37.49136734 5.50000000
v 7.25751066 37.53656387 5.50000000
v 7.24785185 37.58117294 5.50000000
v 7.23550463 37.62500763 5.50000000
v 7.26860809 37.35421753 5.50000000
v 7.26999998 37.40000153 5.50000000
v 7.26860809 37.44578171 5.50000000
v 7.20358324 38.53897095 5.50000000
v 7.27095175 38.51246262 5.50000000
v 7.33651733 38.48140335 5.50000000
v 7.40000010 38.44593048 5.50000000
v 7.46112728 38.40618896 5.50000000
v 6.30000019 40.02500153 5.00000000
v 6.30000019 40.37500000 5.00000000
v 6.30000019 41.50000000 5.00000000
v 6.30000019 41.50000000 5.50000000
v 8.11294460 35.17499924 4.59999990
v 7.94921684 37.42499924 4.59999990
v 7.94999981 37.45000076 4.59999990
v 7.92886400 37.67435455 4.59999990
v 7.94764471 37.52521515 4.59999990
v 7.94058943 37.60010529 4.59999990
v 7.90458012 37.77500153 4.59999990
v 7.91251850 37.74764252 4.59999990
v 8.61294460 35.17499924 4.59999990
v 9.38705540 35.17499924 4.59999990
v 9.88705540 35.17499924 4.59999990
v 9.38705540 37.42499924 4.59999990
v 9.38705540 37.59999847 4.59999990
v 9.43193436 37.59999847 4.59999990
v 9.44798183 37.65073776 4.59999990
v 9.48002529 37.73082352 4.59999990
v 9.50144291 37.77500153 4.59999990
v 7.51963758 36.53764343 5.00000000
v 7.57528019 36.58538437 5.00000000
v 7.62781763 36.63682556 5.00000000
v 7.67702389 36.69175339 5.00000000
v 7.72268867 36.74992371 5.00000000
v 7.76461649 36.81109238 5.00000000
v 7.80262804 36.87500000 5.00000000
v 8.11294460 35.17499924 5.00000000
v 7.83656025 36.94136810 5.00000000
v 7.86626768 37.00991440 5.00000000
v 7.89162302 37.08034515 5.00000000
v 7.91251850 37.15235901 5.00000000
v 8.11294460 36.79999924 5.00000000
v 7.62781763 38.26317215 5.00000000
v 7.67702389 38.20824814 5.00000000
v 7.72268867 38.15007401 5.00000000
v 7.76461649 38.08890533 5.00000000
v 7.80262804 38.02500153 5.00000000
v 7.51963758 38.36235809 5.00000000
v 7.57528019 38.31461716 5.00000000
v 7.92886400 37.22564697 5.00000000
v 7.94058943 37.29989624 5.00000000
v 7.94764471 37.37478638 5.00000000
v 7.94921684 37.42499924 5.00000000
v 7.83656025 37.95863342 5.00000000
v 7.86626768 37.89008713 5.00000000
v 7.90458012 37.77500153 5.00000000
v 7.89162302 37.81965637 5.00000000
v 8.61294460 35.17499924 5.00000000
v 8.61294460 36.79999924 5.00000000
v 7.51963758 36.53764343 5.50000000
v 7.57528019 36.58538437 5.50000000
v 7.62781763 36.63682556 5.50000000
v 7.67702389 36.69175339 5.50000000
v 7.72268867 36.74992371 5.50000000
v 7.76461649 36.81109238 5.50000000
v 7.80262804 36.87500000 5.50000000
v 7.83656025 36.94136810 5.50000000
v 7.86626768 37.00991440 5.50000000
v 7.89162302 37.08034515 5.50000000
v 7.91251850 37.15235901 5.50000000
v 8.11294460 36.79999924 5.50000000
v 7.62781763 38.26317215 5.50000000
v 7.67702389 38.20824814 5.50000000
v 7.72268867 38.15007401 5.50000000
v 7.76461649 38.08890533 5.50000000
v 7.80262804 38.02500153 5.50000000
v 7.51963758 38.36235809 5.50000000
v 7.57528019 38.31461716 5.50000000
v 7.92886400 37.22564697 5.50000000
v 7.94058943 37.29989624 5.50000000
v 7.94764471 37.37478638 5.50000000
v 7.94999981 37.45000076 5.50000000
v 7.92886400 37.67435455 5.50000000
v 7.94764471 37.52521515 5.50000000
v 7.94058943 37.60010529 5.50000000
v 7.83656025 37.95863342 5.50000000
v 7.86626768 37.89008713 5.50000000
v 7.89162302 37.81965637 5.50000000
v 7.91251850 37.74764252 5.50000000
v 8.61294460 36.79999924 5.50000000
v 8.53125000 40.37500000 5.00000000
v 9.38705540 35.17499924 5.00000000
v 9.88705540 35.17499924 5.00000000
v 9.88705540 36.54027176 5.00000000
v 9.91972256 36.52276230 5.00000000
v 9.38705540 37.42499924 5.00000000
v 9.50144291 37.77500153 5.00000000
v 9.51857662 37.81034470 5.00000000
v 9.56347179 37.88896942 5.00000000
v 9.61451912 37.96635437 5.00000000
v 9.67149925 38.04217148 5.00000000
v 9.73416710 38.11609268 5.00000000
v 9.80225658 38.18780518 5.00000000
v 9.87547493 38.25700378 5.00000000
v 9.95350742 38.32338715 5.00000000
v 9.88705540 36.54027176 5.50000000
v 9.91972256 36.52276230 5.50000000
v 9.38705540 37.59999847 5.50000000
v 9.43193436 37.59999847 5.50000000
v 9.44798183 37.65073776 5.50000000
v 9.48002529 37.73082352 5.50000000
v 9.51857662 37.81034470 5.50000000
v 9.56347179 37.88896942 5.50000000
v 9.61451912 37.96635437 5.50000000
v 9.67149925 38.04217148 5.50000000
v 9.73416710 38.11609268 5.50000000
v 9.80225658 38.18780518 5.50000000
v 9.87547493 38.25700378 5.50000000
v 9.95350742 38.32338715 5.50000000
v 9.85000038 45.40000153 5.00000000
v 9.85000038 45.40000153 5.50000000
v 9.85000038 46.07238007 5.50000000
v 9.85000038 47.02762222 5.50000000
v 9.85000038 50.59999847 5.00000000
v 9.85000038 50.59999847 5.50000000
v 5.43793392 56.50000000 4.59999990
v 6.08793402 56.52386093 4.59999990
v 6.08793402 56.50000000 4.59999990
v 6.08793402 57.82677078 4.59999990
v 6.10398960 57.82795334 4.59999990
v 6.27544928 56.53931046 4.59999990
v 6.48310947 56.56137466 4.59999990
v 6.68962717 56.58829117 4.59999990
v 6.89477587 56.62002945 4.59999990
v 7.09833145 56.65655899 4.59999990
v 7.30007172 56.69783783 4.59999990
v 7.49977541 56.74382401 4.59999990
v 6.26913691 57.84364319 4.59999990
v 6.43337488 57.86278534 4.59999990
v 6.59652472 57.88535309 4.59999990
v 6.75840759 57.91133118 4.59999990
v 6.91884661 57.94068527 4.59999990
v 7.07766628 57.97338486 4.59999990
v 7.23469305 58.00939560 4.59999990
v 7.38975477 58.04867172 4.59999990
v 6.08793402 56.50000000 5.00000000
v 6.08793402 56.52386093 5.00000000
v 6.08793402 57.82677078 5.00000000
v 6.10398960 57.82795334 5.00000000
v 6.27544928 56.53931046 5.00000000
v 6.48310947 56.56137466 5.00000000
v 6.68962717 56.58829117 5.00000000
v 6.89477587 56.62002945 5.00000000
v 7.09833145 56.65655899 5.00000000
v 7.30007172 56.69783783 5.00000000
v 7.49977541 56.74382401 5.00000000
v 6.26913691 57.84364319 5.00000000
v 6.43337488 57.86278534 5.00000000
v 6.59652472 57.88535309 5.00000000
v 6.75840759 57.91133118 5.00000000
v 6.91884661 57.94068527 5.00000000
v 7.07766628 57.97338486 5.00000000
v 7.23469305 58.00939560 5.00000000
v 7.38975477 58.04867172 5.00000000
v 5.43793392 65.50000000 4.59999990
v 6.08793402 64.17322540 4.59999990
v 6.10398960 64.17204285 4.59999990
v 6.08793402 65.47613525 4.59999990
v 6.08793402 65.50000000 4.59999990
v 6.26913691 64.15635681 4.59999990
v 6.43337488 64.13721466 4.59999990
v 6.27544928 65.46068573 4.59999990
v 6.48310947 65.43862915 4.59999990
v 6.59652472 64.11464691 4.59999990
v 6.75840759 64.08866882 4.59999990
v 6.68962717 65.41171265 4.59999990
v 6.91884661 64.05931091 4.59999990
v 7.07766628 64.02661896 4.59999990
v 6.89477587 65.37996674 4.59999990
v 7.09833145 65.34343719 4.59999990
v 7.23469305 63.99060440 4.59999990
v 7.38975477 63.95132828 4.59999990
v 7.30007172 65.30216217 4.59999990
v 7.49977541 65.25617981 4.59999990
v 6.08793402 64.17322540 5.00000000
v 6.10398960 64.17204285 5.00000000
v 6.08793402 65.47613525 5.00000000
v 6.08793402 65.50000000 5.00000000
v 6.26913691 64.15635681 5.00000000
v 6.43337488 64.13721466 5.00000000
v 6.27544928 65.46068573 5.00000000
v 6.48310947 65.43862915 5.00000000
v 6.59652472 64.11464691 5.00000000
v 6.75840759 64.08866882 5.00000000
v 6.68962717 65.41171265 5.00000000
v 6.91884661 64.05931091 5.00000000
v 7.07766628 64.02661896 5.00000000
v 6.89477587 65.37996674 5.00000000
v 7.09833145 65.34343719 5.00000000
v 7.23469305 63.99060440 5.00000000
v 7.38975477 63.95132828 5.00000000
v 7.30007172 65.30216217 5.00000000
v 7.49977541 65.25617981 5.00000000
v 7.69722509 56.79446030 4.59999990
v 7.89220381 56.84969711 4.59999990
v 7.54268217 58.09117889 4.59999990
v 7.69330835 58.13686752 4.59999990
v 8.08449841 56.90946960 4.59999990
v 7.84146833 58.18568420 4.59999990
v 7.98699999 58.23757935 4.59999990
v 8.27390003 56.97371674 4.59999990
v 8.12974453 58.29249573 4.59999990
v 8.26954460 58.35037231 4.59999990
v 8.40625000 58.41114426 4.59999990
v 8.46020031 57.04236984 4.59999990
v 8.64319515 57.11534500 4.59999990
v 8.53970814 58.47475052 4.59999990
v 8.66977501 58.54111481 4.59999990
v 8.82268524 57.19256973 4.59999990
v 8.99847507 57.27396011 4.59999990
v 8.79630852 58.61017227 4.59999990
v 8.91916847 58.68183899 4.59999990
v 9.03822231 58.75604248 4.59999990
v 9.17037010 57.35942459 4.59999990
v 9.33818436 57.44886780 4.59999990
v 9.15333939 58.83269882 4.59999990
v 9.26439381 58.91172409 4.59999990
v 9.37126446 58.99303436 4.59999990
v 9.50173378 57.54219437 4.59999990
v 9.66084003 57.63930511 4.59999990
v 9.81532860 57.74008560 4.59999990
v 9.96502972 57.84443283 4.59999990
v 9.47383308 59.07654190 4.59999990
v 9.57198906 59.16214752 4.59999990
v 9.66562462 59.24976730 4.59999990
v 9.75463676 59.33929825 4.59999990
v 9.83892918 59.43064499 4.59999990
v 9.91840935 59.52370834 4.59999990
v 9.99298954 59.61838531 4.59999990
v 7.69722509 56.79446030 5.00000000
v 7.89220381 56.84969711 5.00000000
v 7.54268217 58.09117889 5.00000000
v 7.69330835 58.13686752 5.00000000
v 8.08449841 56.90946960 5.00000000
v 7.84146833 58.18568420 5.00000000
v 7.98699999 58.23757935 5.00000000
v 8.27390003 56.97371674 5.00000000
v 8.12974453 58.29249573 5.00000000
v 8.26954460 58.35037231 5.00000000
v 8.40625000 58.41114426 5.00000000
v 8.46020031 57.04236984 5.00000000
v 8.64319515 57.11534500 5.00000000
v 8.53970814 58.47475052 5.00000000
v 8.66977501 58.54111481 5.00000000
v 8.82268524 57.19256973 5.00000000
v 8.99847507 57.27396011 5.00000000
v 8.79630852 58.61017227 5.00000000
v 8.91916847 58.68183899 5.00000000
v 9.03822231 58.75604248 5.00000000
v 9.17037010 57.35942459 5.00000000
v 9.33818436 57.44886780 5.00000000
v 9.15333939 58.83269882 5.00000000
v 9.26439381 58.91172409 5.00000000
v 9.37126446 58.99303436 5.00000000
v 9.50173378 57.54219437 5.00000000
v 9.66084003 57.63930511 5.00000000
v 9.81532860 57.74008560 5.00000000
v 9.96502972 57.84443283 5.00000000
v 9.47383308 59.07654190 5.00000000
v 9.57198906 59.16214752 5.00000000
v 9.66562462 59.24976730 5.00000000
v 9.75463676 59.33929825 5.00000000
v 9.83892918 59.43064499 5.00000000
v 9.91840935 59.52370834 5.00000000
v 9.99298954 59.61838531 5.00000000
v 7.54268217 63.90882111 4.59999990
v 7.69330835 63.86313248 4.59999990
v 7.69722509 65.20554352 4.59999990
v 7.84146833 63.81431580 4.59999990
v 7.98699999 63.76242065 4.59999990
v 7.89220381 65.15030670 4.59999990
v 8.08449841 65.09053040 4.59999990
v 8.12974453 63.70750427 4.59999990
v 8.26954460 63.64962769 4.59999990
v 8.40625000 63.58885574 4.59999990
v 8.27390003 65.02628326 4.59999990
v 8.53970814 63.52524948 4.59999990
v 8.66977501 63.45888519 4.59999990
v 8.46020031 64.95763397 4.59999990
v 8.64319515 64.88465118 4.59999990
v 8.79630852 63.38982773 4.59999990
v 8.91916847 63.31816101 4.59999990
v 9.03822231 63.24395752 4.59999990
v 9.15333939 63.16730118 4.59999990
v 9.26439381 63.08827591 4.59999990
v 9.37126446 63.00696564 4.59999990
v 8.82268524 64.80742645 4.59999990
v 8.99847507 64.72603607 4.59999990
v 9.17037010 64.64057922 4.59999990
v 9.33818436 64.55113220 4.59999990
v 9.47383308 62.92345810 4.59999990
v 9.57198906 62.83785248 4.59999990
v 9.66562462 62.75023270 4.59999990
v 9.75463676 62.66070175 4.59999990
v 9.83892918 62.56935501 4.59999990
v 9.91840935 62.47629166 4.59999990
v 9.99298954 62.38161469 4.59999990
v 9.50173378 64.45780182 4.59999990
v 9.66084003 64.36069489 4.59999990
v 9.81532860 64.25991058 4.59999990
v 9.96502972 64.15556335 4.59999990
v 7.54268217 63.90882111 5.00000000
v 7.69330835 63.86313248 5.00000000
v 7.69722509 65.20554352 5.00000000
v 7.84146833 63.81431580 5.00000000
v 7.98699999 63.76242065 5.00000000
v 7.89220381 65.15030670 5.00000000
v 8.08449841 65.09053040 5.00000000
v 8.12974453 63.70750427 5.00000000
v 8.26954460 63.64962769 5.00000000
v 8.40625000 63.58885574 5.00000000
v 8.27390003 65.02628326 5.00000000
v 8.53970814 63.52524948 5.00000000
v 8.66977501 63.45888519 5.00000000
v 8.46020031 64.95763397 5.00000000
v 8.64319515 64.88465118 5.00000000
v 8.79630852 63.38982773 5.00000000
v 8.91916847 63.31816101 5.00000000
v 9.03822231 63.24395752 5.00000000
v 9.15333939 63.16730118 5.00000000
v 9.26439381 63.08827591 5.00000000
v 9.37126446 63.00696564 5.00000000
v 8.82268524 64.80742645 5.00000000
v 8.99847507 64.72603607 5.00000000
v 9.17037010 64.64057922 5.00000000
v 9.33818436 64.55113220 5.00000000
v 9.47383308 62.92345810 5.00000000
v 9.57198906 62.83785248 5.00000000
v 9.66562462 62.75023270 5.00000000
v 9.75463676 62.66070175 5.00000000
v 9.83892918 62.56935501 5.00000000
v 9.91840935 62.47629166 5.00000000
v 9.99298954 62.38161469 5.00000000
v 9.50173378 64.45780182 5.00000000
v 9.66084003 64.36069489 5.00000000
v 9.81532860 64.25991058 5.00000000
v 9.96502972 64.15556335 5.00000000
v 19.39999962 0.60000002 0.00000000
v 19.39999962 0.00000000 0.60000002
v 20.00000000 0.60000002 0.60000002
v 19.39999962 0.00000000 4.40000010
v 20.00000000 0.60000002 4.40000010
v 19.39999962 0.60000002 5.00000000
v 19.79999924 29.62500000 4.59999990
v 19.79999924 29.97500038 4.59999990
v 19.79999924 32.22499847 4.59999990
v 19.79999924 32.57500076 4.59999990
v 19.79999924 34.82500076 4.59999990
v 19.39999962 29.62500000 5.00000000
v 19.39999962 29.97500038 5.00000000
v 19.39999962 32.22499847 5.00000000
v 19.39999962 32.57500076 5.00000000
v 19.39999962 34.82500076 5.00000000
v 19.39999962 69.40000153 0.00000000
v 19.39999962 70.00000000 0.60000002
v 20.00000000 69.40000153 0.60000002
v 12.49855709 37.42499924 4.59999990
v 10.00037193 36.48662567 5.00000000
v 10.08530140 36.45525360 5.00000000
v 10.17414761 36.42878723 5.00000000
v 10.26653099 36.40733337 5.00000000
v 10.36205482 36.39098740 5.00000000
v 10.46030998 36.37981796 5.00000000
v 10.56087685 36.37387466 5.00000000
v 10.03602219 38.38666916 5.00000000
v 10.12266541 38.44658661 5.00000000
v 10.21306419 38.50288010 5.00000000
v 10.30683327 38.55530167 5.00000000
v 10.40357113 38.60363770 5.00000000
v 10.50286198 38.64767456 5.00000000
v 10.60428238 38.68722534 5.00000000
v 10.66332436 36.37318039 5.00000000
v 10.76721287 36.37774277 5.00000000
v 10.87209797 36.38753510 5.00000000
v 10.97753143 36.40252304 5.00000000
v 11.08306122 36.42263794 5.00000000
v 11.18823433 36.44779205 5.00000000
v 10.70739746 38.72211838 5.00000000
v 10.81176567 38.75220871 5.00000000
v 10.91693878 38.77736282 5.00000000
v 11.02246857 38.79747772 5.00000000
v 11.12790203 38.81246185 5.00000000
v 11.23278713 38.82225800 5.00000000
v 10.00037193 36.48662567 5.50000000
v 10.08530140 36.45525360 5.50000000
v 10.17414761 36.42878723 5.50000000
v 10.26653099 36.40733337 5.50000000
v 10.36205482 36.39098740 5.50000000
v 10.46030998 36.37981796 5.50000000
v 10.56087685 36.37387466 5.50000000
v 10.03602219 38.38666916 5.50000000
v 10.12266541 38.44658661 5.50000000
v 10.21306419 38.50288010 5.50000000
v 10.30683327 38.55530167 5.50000000
v 10.40357113 38.60363770 5.50000000
v 10.50286198 38.64767456 5.50000000
v 10.60428238 38.68722534 5.50000000
v 10.66332436 36.37318039 5.50000000
v 10.76721287 36.37774277 5.50000000
v 10.87209797 36.38753510 5.50000000
v 10.97753143 36.40252304 5.50000000
v 11.08306122 36.42263794 5.50000000
v 11.18823433 36.44779205 5.50000000
v 10.70739746 38.72211838 5.50000000
v 10.81176567 38.75220871 5.50000000
v 10.91693878 38.77736282 5.50000000
v 11.02246857 38.79747772 5.50000000
v 11.12790203 38.81246185 5.50000000
v 11.23278713 38.82225800 5.50000000
v 11.29260254 36.47788239 5.00000000
v 11.39571762 36.51277542 5.00000000
v 11.49713802 36.55232620 5.00000000
v 11.59642887 36.59636307 5.00000000
v 11.69316673 36.64469528 5.00000000
v 11.78693581 36.69712067 5.00000000
v 11.33667564 38.82681656 5.00000000
v 11.43912315 38.82612610 5.00000000
v 11.53969002 38.82018280 5.00000000
v 11.63794518 38.80901337 5.00000000
v 11.73346901 38.79266739 5.00000000
v 11.82585239 38.77121353 5.00000000
v 11.87733459 36.75341415 5.00000000
v 11.96397781 36.81332779 5.00000000
v 12.04649258 36.87661362 5.00000000
v 12.12452507 36.94299698 5.00000000
v 12.19774342 37.01219177 5.00000000
v 12.26583290 37.08390427 5.00000000
v 12.32850075 37.15782928 5.00000000
v 11.91469860 38.74474335 5.00000000
v 11.99962807 38.71337509 5.00000000
v 12.08027744 38.67723846 5.00000000
v 12.15630054 38.63648605 5.00000000
v 12.38548088 37.23364639 5.00000000
v 12.43652821 37.31103134 5.00000000
v 12.48142338 37.38965607 5.00000000
v 12.49855709 37.42499924 5.00000000
v 12.22737217 38.59129715 5.00000000
v 12.29318810 38.54186249 5.00000000
v 12.35346699 38.48839569 5.00000000
v 12.40794945 38.43112183 5.00000000
v 12.45640278 38.37029266 5.00000000
v 12.49862003 38.30616379 5.00000000
v 11.29260254 36.47788239 5.50000000
v 11.39571762 36.51277542 5.50000000
v 11.49713802 36.55232620 5.50000000
v 11.59642887 36.59636307 5.50000000
v 11.69316673 36.64469528 5.50000000
v 11.78693581 36.69712067 5.50000000
v 11.33667564 38.82681656 5.50000000
v 11.43912315 38.82612610 5.50000000
v 11.53969002 38.82018280 5.50000000
v 11.63794518 38.80901337 5.50000000
v 11.73346901 38.79266739 5.50000000
v 11.82585239 38.77121353 5.50000000
v 11.87733459 36.75341415 5.50000000
v 11.96397781 36.81332779 5.50000000
v 12.04649258 36.87661362 5.50000000
v 12.12452507 36.94299698 5.50000000
v 12.19774342 37.01219177 5.50000000
v 12.26583290 37.08390427 5.50000000
v 12.32850075 37.15782928 5.50000000
v 11.91469860 38.74474335 5.50000000
v 11.99962807 38.71337509 5.50000000
v 12.08027744 38.67723846 5.50000000
v 12.15630054 38.63648605 5.50000000
v 12.38548088 37.23364639 5.50000000
v 12.43652821 37.31103134 5.50000000
v 12.48142338 37.38965607 5.50000000
v 12.22737217 38.59129715 5.50000000
v 12.29318810 38.54186249 5.50000000
v 12.35346699 38.48839569 5.50000000
v 12.40794945 38.43112183 5.50000000
v 12.45640278 38.37029266 5.50000000
v 12.49862003 38.30616379 5.50000000
v 12.39999962 42.54999924 5.00000000
v 12.39999962 43.04999924 5.00000000
v 12.39999962 42.54999924 5.50000000
v 12.39999962 43.04999924 5.50000000
v 10.30000019 45.40000153 5.00000000
v 10.30000019 45.55406952 5.00000000
v 10.30000019 45.89090347 5.00000000
v 10.36348248 45.51859665 5.00000000
v 10.33251190 45.87218857 5.00000000
v 10.37125587 45.85328293 5.00000000
v 10.42904854 45.48753738 5.00000000
v 10.41106415 45.83715057 5.00000000
v 10.45176792 45.82385254 5.00000000
v 10.49641705 45.46102905 5.00000000
v 10.49319172 45.81344986 5.00000000
v 10.53515816 45.80598831 5.00000000
v 10.56529903 45.43918610 5.00000000
v 10.57748795 45.80149841 5.00000000
v 10.61999989 45.79999924 5.00000000
v 10.30000019 47.10909653 5.00000000
v 10.30000019 47.54592896 5.00000000
v 10.33251190 47.12781143 5.00000000
v 10.37125587 47.14671707 5.00000000
v 10.41106415 47.16284943 5.00000000
v 10.45176792 47.17614746 5.00000000
v 10.36348248 47.58140182 5.00000000
v 10.42904854 47.61246109 5.00000000
v 10.49319172 47.18655014 5.00000000
v 10.53515816 47.19401169 5.00000000
v 10.57748795 47.19850159 5.00000000
v 10.61999989 47.20000076 5.00000000
v 10.49641705 47.63896942 5.00000000
v 10.56529903 47.66081619 5.00000000
v 10.63540077 45.42209625 5.00000000
v 10.66251183 45.80149841 5.00000000
v 10.70642090 45.40983963 5.00000000
v 10.77805614 45.40246201 5.00000000
v 10.70484161 45.80598831 5.00000000
v 10.74680901 45.81344986 5.00000000
v 10.85000038 45.40000153 5.00000000
v 10.78823280 45.82385254 5.00000000
v 10.82893562 45.83715057 5.00000000
v 10.92194366 45.40246201 5.00000000
v 10.86874390 45.85328293 5.00000000
v 10.90748787 45.87218857 5.00000000
v 10.99357891 45.40983963 5.00000000
v 10.94499969 45.89378357 5.00000000
v 10.98112106 45.91797256 5.00000000
v 11.06459904 45.42209625 5.00000000
v 11.13470078 45.43918610 5.00000000
v 11.20358372 45.46102905 5.00000000
v 10.66251183 47.19850159 5.00000000
v 10.70484161 47.19401169 5.00000000
v 10.74680901 47.18655014 5.00000000
v 10.63540077 47.67790222 5.00000000
v 10.70642090 47.69016266 5.00000000
v 10.77805614 47.69753647 5.00000000
v 10.78823280 47.17614746 5.00000000
v 10.82893562 47.16284943 5.00000000
v 10.86874390 47.14671707 5.00000000
v 10.90748787 47.12781143 5.00000000
v 10.85000038 47.70000076 5.00000000
v 10.92194366 47.69753647 5.00000000
v 11.01569462 45.94465256 5.00000000
v 11.04857445 45.97371292 5.00000000
v 11.07961941 46.00502396 5.00000000
v 11.04857445 47.02628708 5.00000000
v 11.07961941 46.99497604 5.00000000
v 11.10869598 46.03845978 5.00000000
v 11.13567924 46.07386780 5.00000000
v 11.16045570 46.11109924 5.00000000
v 11.18291664 46.15000153 5.00000000
v 11.20296764 46.19039917 5.00000000
v 11.22052193 46.23212051 5.00000000
v 11.23550415 46.27499390 5.00000000
v 11.24785137 46.31882477 5.00000000
v 11.10869598 46.96154022 5.00000000
v 11.16045570 46.88890076 5.00000000
v 11.13567924 46.92613220 5.00000000
v 11.24785137 46.68117523 5.00000000
v 11.23550415 46.72500610 5.00000000
v 11.18291664 46.84999847 5.00000000
v 11.20296764 46.80960083 5.00000000
v 11.22052193 46.76787949 5.00000000
v 10.94499969 47.10621643 5.00000000
v 10.98112106 47.08202744 5.00000000
v 11.01569462 47.05534744 5.00000000
v 10.99357891 47.69016266 5.00000000
v 11.06459904 47.67790222 5.00000000
v 11.13470078 47.66081619 5.00000000
v 11.20358372 47.63896942 5.00000000
v 10.30000019 45.40000153 5.50000000
v 10.30000019 45.55406952 5.50000000
v 10.30000019 45.89090347 5.50000000
v 10.36348248 45.51859665 5.50000000
v 10.33251190 45.87218857 5.50000000
v 10.37125587 45.85328293 5.50000000
v 10.42904854 45.48753738 5.50000000
v 10.41106415 45.83715057 5.50000000
v 10.45176792 45.82385254 5.50000000
v 10.49641705 45.46102905 5.50000000
v 10.49319172 45.81344986 5.50000000
v 10.53515816 45.80598831 5.50000000
v 10.56529903 45.43918610 5.50000000
v 10.57748795 45.80149841 5.50000000
v 10.61999989 45.79999924 5.50000000
v 10.30000019 47.10909653 5.50000000
v 10.30000019 47.54592896 5.50000000
v 10.33251190 47.12781143 5.50000000
v 10.37125587 47.14671707 5.50000000
v 10.41106415 47.16284943 5.50000000
v 10.45176792 47.17614746 5.50000000
v 10.36348248 47.58140182 5.50000000
v 10.42904854 47.61246109 5.50000000
v 10.49319172 47.18655014 5.50000000
v 10.53515816 47.19401169 5.50000000
v 10.57748795 47.19850159 5.50000000
v 10.61999989 47.20000076 5.50000000
v 10.49641705 47.63896942 5.50000000
v 10.56529903 47.66081619 5.50000000
v 10.63540077 45.42209625 5.50000000
v 10.66251183 45.80149841 5.50000000
v 10.70642090 45.40983963 5.50000000
v 10.77805614 45.40246201 5.50000000
v 10.70484161 45.80598831 5.50000000
v 10.74680901 45.81344986 5.50000000
v 10.85000038 45.40000153 5.50000000
v 10.78823280 45.82385254 5.50000000
v 10.82893562 45.83715057 5.50000000
v 10.92194366 45.40246201 5.50000000
v 10.86874390 45.85328293 5.50000000
v 10.90748787 45.87218857 5.50000000
v 10.99357891 45.40983963 5.50000000
v 10.94499969 45.89378357 5.50000000
v 10.98112106 45.91797256 5.50000000
v 11.06459904 45.42209625 5.50000000
v 11.13470078 45.43918610 5.50000000
v 11.20358372 45.46102905 5.50000000
v 10.66251183 47.19850159 5.50000000
v 10.70484161 47.19401169 5.50000000
v 10.74680901 47.18655014 5.50000000
v 10.63540077 47.67790222 5.50000000
v 10.70642090 47.69016266 5.50000000
v 10.77805614 47.69753647 5.50000000
v 10.78823280 47.17614746 5.50000000
v 10.82893562 47.16284943 5.50000000
v 10.86874390 47.14671707 5.50000000
v 10.90748787 47.12781143 5.50000000
v 10.85000038 47.70000076 5.50000000
v 10.92194366 47.69753647 5.50000000
v 11.01569462 45.94465256 5.50000000
v 11.04857445 45.97371292 5.50000000
v 11.07961941 46.00502396 5.50000000
v 11.04857445 47.02628708 5.50000000
v 11.07961941 46.99497604 5.50000000
v 11.10869598 46.03845978 5.50000000
v 11.13567924 46.07386780 5.50000000
v 11.16045570 46.11109924 5.50000000
v 11.18291664 46.15000153 5.50000000
v 11.20296764 46.19039917 5.50000000
v 11.22052193 46.23212051 5.50000000
v 11.23550415 46.27499390 5.50000000
v 11.24785137 46.31882477 5.50000000
v 11.10869598 46.96154022 5.50000000
v 11.16045570 46.88890076 5.50000000
v 11.13567924 46.92613220 5.50000000
v 11.24785137 46.68117523 5.50000000
v 11.23550415 46.72500610 5.50000000
v 11.18291664 46.84999847 5.50000000
v 11.20296764 46.80960083 5.50000000
v 11.22052193 46.76787949 5.50000000
v 10.94499969 47.10621643 5.50000000
v 10.98112106 47.08202744 5.50000000
v 11.01569462 47.05534744 5.50000000
v 10.99357891 47.69016266 5.50000000
v 11.06459904 47.67790222 5.50000000
v 11.13470078 47.66081619 5.50000000
v 11.20358372 47.63896942 5.50000000
v 10.30000019 50.59999847 5.00000000
v 10.30000019 50.59999847 5.50000000
v 11.27095222 45.48753738 5.00000000
v 11.33651733 45.51859665 5.00000000
v 11.39999962 45.55406952 5.00000000
v 11.46112728 45.59381104 5.00000000
v 11.51963711 45.63764191 5.00000000
v 11.57528019 45.68538284 5.00000000
v 11.62781715 45.73682785 5.00000000
v 11.67702389 45.79175186 5.00000000
v 11.72268867 45.84992599 5.00000000
v 11.76461697 45.91109467 5.00000000
v 11.25751019 46.36343765 5.00000000
v 11.26443958 46.40863037 5.00000000
v 11.26860809 46.45421600 5.00000000
v 11.26860809 46.54578400 5.00000000
v 11.26443958 46.59136963 5.00000000
v 11.27000046 46.50000000 5.00000000
v 11.25751019 46.63656235 5.00000000
v 11.39999962 47.54592896 5.00000000
v 11.27095222 47.61246109 5.00000000
v 11.33651733 47.58140182 5.00000000
v 11.46112728 47.50619125 5.00000000
v 11.51963711 47.46235657 5.00000000
v 11.80262756 45.97499847 5.00000000
v 11.83656025 46.04136658 5.00000000
v 11.86626720 46.10991287 5.00000000
v 11.86626720 46.99008560 5.00000000
v 11.57528019 47.41461563 5.00000000
v 11.62781715 47.36317444 5.00000000
v 11.67702389 47.30824661 5.00000000
v 11.72268867 47.25007629 5.00000000
v 11.76461697 47.18890762 5.00000000
v 11.80262756 47.12500000 5.00000000
v 11.83656025 47.05863190 5.00000000
v 12.39999962 45.15000153 5.00000000
v 12.39999962 45.65000153 5.00000000
v 11.89162350 46.18034363 5.00000000
v 11.91251850 46.25235748 5.00000000
v 11.92886353 46.32564545 5.00000000
v 11.94058895 46.39989471 5.00000000
v 11.94764519 46.47478485 5.00000000
v 11.94999981 46.54999924 5.00000000
v 11.94764519 46.62521362 5.00000000
v 11.94058895 46.70010376 5.00000000
v 11.91251850 46.84764099 5.00000000
v 11.89162350 46.91965485 5.00000000
v 11.92886353 46.77435303 5.00000000
v 11.27095222 45.48753738 5.50000000
v 11.33651733 45.51859665 5.50000000
v 11.39999962 45.55406952 5.50000000
v 11.46112728 45.59381104 5.50000000
v 11.51963711 45.63764191 5.50000000
v 11.57528019 45.68538284 5.50000000
v 11.62781715 45.73682785 5.50000000
v 11.67702389 45.79175186 5.50000000
v 11.72268867 45.84992599 5.50000000
v 11.76461697 45.91109467 5.50000000
v 11.25751019 46.36343765 5.50000000
v 11.26443958 46.40863037 5.50000000
v 11.26860809 46.45421600 5.50000000
v 11.26860809 46.54578400 5.50000000
v 11.26443958 46.59136963 5.50000000
v 11.27000046 46.50000000 5.50000000
v 11.25751019 46.63656235 5.50000000
v 11.39999962 47.54592896 5.50000000
v 11.27095222 47.61246109 5.50000000
v 11.33651733 47.58140182 5.50000000
v 11.46112728 47.50619125 5.50000000
v 11.51963711 47.46235657 5.50000000
v 11.80262756 45.97499847 5.50000000
v 11.83656025 46.04136658 5.50000000
v 11.86626720 46.10991287 5.50000000
v 11.86626720 46.99008560 5.50000000
v 11.57528019 47.41461563 5.50000000
v 11.62781715 47.36317444 5.50000000
v 11.67702389 47.30824661 5.50000000
v 11.72268867 47.25007629 5.50000000
v 11.76461697 47.18890762 5.50000000
v 11.80262756 47.12500000 5.50000000
v 11.83656025 47.05863190 5.50000000
v 12.39999962 45.15000153 5.50000000
v 12.39999962 45.65000153 5.50000000
v 11.89162350 46.18034363 5.50000000
v 11.91251850 46.25235748 5.50000000
v 11.92886353 46.32564545 5.50000000
v 11.94058895 46.39989471 5.50000000
v 11.94764519 46.47478485 5.50000000
v 11.94999981 46.54999924 5.50000000
v 11.94764519 46.62521362 5.50000000
v 11.94058895 46.70010376 5.50000000
v 11.91251850 46.84764099 5.50000000
v 11.89162350 46.91965485 5.50000000
v 11.92886353 46.77435303 5.50000000
v 12.51997471 37.46917725 4.59999990
v 12.55201817 37.54926300 4.59999990
v 12.57741547 37.62956238 4.59999990
v 12.59605694 37.70973587 4.59999990
v 12.60572624 37.77500153 4.59999990
v 13.38705540 37.59999847 4.59999990
v 13.38705540 37.77500153 4.59999990
v 13.38705540 40.02500153 4.59999990
v 13.38705540 40.37500000 4.59999990
v 13.88705540 37.59999847 4.59999990
v 13.88705540 37.77500153 4.59999990
v 13.88705540 40.02500153 4.59999990
v 13.88705540 40.37500000 4.59999990
v 12.53441906 38.23900986 5.00000000
v 12.56364822 38.16912079 5.00000000
v 12.60572624 37.77500153 5.00000000
v 12.60786533 37.78944016 5.00000000
v 12.61278725 37.86833572 5.00000000
v 12.61080360 37.94607925 5.00000000
v 12.58618164 38.09679413 5.00000000
v 12.60192299 38.02234268 5.00000000
v 13.38705540 37.77500153 5.00000000
v 12.51997471 37.46917725 5.50000000
v 12.55201817 37.54926300 5.50000000
v 12.57741547 37.62956238 5.50000000
v 12.59605694 37.70973587 5.50000000
v 12.53441906 38.23900986 5.50000000
v 12.56364822 38.16912079 5.50000000
v 12.60786533 37.78944016 5.50000000
v 12.61278725 37.86833572 5.50000000
v 12.61080360 37.94607925 5.50000000
v 12.58618164 38.09679413 5.50000000
v 12.60192299 38.02234268 5.50000000
v 13.38705540 37.59999847 5.50000000
v 13.38705540 40.02500153 5.00000000
v 13.38705540 40.37500000 5.00000000
v 13.38705540 42.54999924 5.00000000
v 13.38705540 43.04999924 5.00000000
v 13.38705540 42.54999924 5.50000000
v 13.38705540 43.04999924 5.50000000
v 13.88705540 37.77500153 5.00000000
v 13.88705540 37.59999847 5.50000000
v 13.88705540 40.02500153 5.00000000
v 13.88705540 40.37500000 5.00000000
v 13.88705540 42.54999924 5.00000000
v 13.88705540 43.04999924 5.00000000
v 13.88705540 42.54999924 5.50000000
v 13.88705540 43.04999924 5.50000000
v 13.38705540 45.15000153 5.00000000
v 13.38705540 45.65000153 5.00000000
v 13.38705540 46.70000076 5.00000000
v 13.43193436 46.70000076 5.00000000
v 13.44798183 46.75074005 5.00000000
v 13.48002529 46.83082199 5.00000000
v 13.51857662 46.91034698 5.00000000
v 13.56347179 46.98896790 5.00000000
v 13.61451912 47.06635284 5.00000000
v 13.67149925 47.14216995 5.00000000
v 13.73416710 47.21609497 5.00000000
v 13.38705540 45.15000153 5.50000000
v 13.38705540 45.65000153 5.50000000
v 13.38705540 46.70000076 5.50000000
v 13.43193436 46.70000076 5.50000000
v 13.44798183 46.75074005 5.50000000
v 13.48002529 46.83082199 5.50000000
v 13.51857662 46.91034698 5.50000000
v 13.56347179 46.98896790 5.50000000
v 13.61451912 47.06635284 5.50000000
v 13.67149925 47.14216995 5.50000000
v 13.73416710 47.21609497 5.50000000
v 13.88705540 45.15000153 5.00000000
v 13.80225658 47.28780746 5.00000000
v 13.87547493 47.35700226 5.00000000
v 13.95350742 47.42338562 5.00000000
v 14.03602219 47.48667145 5.00000000
v 14.12266541 47.54658890 5.00000000
v 14.21306419 47.60287857 5.00000000
v 14.30683327 47.65530396 5.00000000
v 14.40357113 47.70363617 5.00000000
v 14.50286198 47.74767303 5.00000000
v 14.60428238 47.78722382 5.00000000
v 14.70739746 47.82212067 5.00000000
v 14.81176567 47.85220718 5.00000000
v 14.91693878 47.87736511 5.00000000
v 13.88705540 45.15000153 5.50000000
v 13.80225658 47.28780746 5.50000000
v 13.87547493 47.35700226 5.50000000
v 13.95350742 47.42338562 5.50000000
v 14.03602219 47.48667145 5.50000000
v 14.12266541 47.54658890 5.50000000
v 14.21306419 47.60287857 5.50000000
v 14.30683327 47.65530396 5.50000000
v 14.40357113 47.70363617 5.50000000
v 14.50286198 47.74767303 5.50000000
v 14.60428238 47.78722382 5.50000000
v 14.70739746 47.82212067 5.50000000
v 14.81176567 47.85220718 5.50000000
v 14.91693878 47.87736511 5.50000000
v 10.10978127 57.95223236 4.59999990
v 10.24942303 58.06336594 4.59999990
v 10.38380432 58.17770767 4.59999990
v 10.51277733 58.29513550 4.59999990
v 10.06258965 59.71457291 4.59999990
v 10.12713146 59.81216812 4.59999990
v 10.18654728 59.91106033 4.59999990
v 10.24076939 60.01114655 4.59999990
v 10.28973961 60.11231232 4.59999990
v 10.33340549 60.21444702 4.59999990
v 10.37171745 60.31744003 4.59999990
v 10.40463448 60.42118073 4.59999990
v 10.43212032 60.52555466 4.59999990
v 10.45414543 60.63044739 4.59999990
v 10.47068596 60.73574448 4.59999990
v 10.48172188 60.84133148 4.59999990
v 10.48724365 60.94709015 4.59999990
v 10.48724365 61.05290985 4.59999990
v 10.48172188 61.15866852 4.59999990
v 10.63620186 58.41551971 4.59999990
v 10.75394154 58.53873444 4.59999990
v 10.86586761 58.66463852 4.59999990
v 10.97185898 58.79309464 4.59999990
v 11.07179928 58.92396545 4.59999990
v 11.16557789 59.05710602 4.59999990
v 11.25309467 59.19237137 4.59999990
v 11.33425236 59.32961273 4.59999990
v 11.40896225 59.46868134 4.59999990
v 11.47714329 59.60942459 4.59999990
v 11.53872013 59.75168610 4.59999990
v 11.59362602 59.89531708 4.59999990
v 11.64179993 60.04015350 4.59999990
v 11.68319130 60.18603897 4.59999990
v 11.71775341 60.33281326 4.59999990
v 11.74544811 60.48031998 4.59999990
v 11.76624584 60.62839127 4.59999990
v 11.78012371 60.77687454 4.59999990
v 11.78706646 60.92559814 4.59999990
v 11.78706646 61.07440186 4.59999990
v 11.78012371 61.22312546 4.59999990
v 10.10978127 57.95223236 5.00000000
v 10.24942303 58.06336594 5.00000000
v 10.38380432 58.17770767 5.00000000
v 10.51277733 58.29513550 5.00000000
v 10.06258965 59.71457291 5.00000000
v 10.12713146 59.81216812 5.00000000
v 10.18654728 59.91106033 5.00000000
v 10.24076939 60.01114655 5.00000000
v 10.28973961 60.11231232 5.00000000
v 10.33340549 60.21444702 5.00000000
v 10.37171745 60.31744003 5.00000000
v 10.40463448 60.42118073 5.00000000
v 10.43212032 60.52555466 5.00000000
v 10.45414543 60.63044739 5.00000000
v 10.47068596 60.73574448 5.00000000
v 10.48172188 60.84133148 5.00000000
v 10.48724365 60.94709015 5.00000000
v 10.48724365 61.05290985 5.00000000
v 10.48172188 61.15866852 5.00000000
v 10.63620186 58.41551971 5.00000000
v 10.75394154 58.53873444 5.00000000
v 10.86586761 58.66463852 5.00000000
v 10.97185898 58.79309464 5.00000000
v 11.07179928 58.92396545 5.00000000
v 11.16557789 59.05710602 5.00000000
v 11.25309467 59.19237137 5.00000000
v 11.33425236 59.32961273 5.00000000
v 11.40896225 59.46868134 5.00000000
v 11.47714329 59.60942459 5.00000000
v 11.53872013 59.75168610 5.00000000
v 11.59362602 59.89531708 5.00000000
v 11.64179993 60.04015350 5.00000000
v 11.68319130 60.18603897 5.00000000
v 11.71775341 60.33281326 5.00000000
v 11.74544811 60.48031998 5.00000000
v 11.76624584 60.62839127 5.00000000
v 11.78012371 60.77687454 5.00000000
v 11.78706646 60.92559814 5.00000000
v 11.78706646 61.07440186 5.00000000
v 11.78012371 61.22312546 5.00000000
v 10.06258965 62.28542709 4.59999990
v 10.12713146 62.18783188 4.59999990
v 10.18654728 62.08893967 4.59999990
v 10.24076939 61.98885345 4.59999990
v 10.28973961 61.88768768 4.59999990
v 10.33340549 61.78555298 4.59999990
v 10.37171745 61.68255997 4.59999990
v 10.45414543 61.36955261 4.59999990
v 10.43212032 61.47444534 4.59999990
v 10.40463448 61.57881927 4.59999990
v 10.47068596 61.26425552 4.59999990
v 10.10978127 64.04776764 4.59999990
v 10.24942303 63.93663406 4.59999990
v 10.38380432 63.82229233 4.59999990
v 10.51277733 63.70486450 4.59999990
v 10.86586761 63.33536148 4.59999990
v 10.97185898 63.20690536 4.59999990
v 11.07179928 63.07603455 4.59999990
v 11.16557789 62.94289398 4.59999990
v 10.63620186 63.58448029 4.59999990
v 10.75394154 63.46126556 4.59999990
v 11.53872013 62.24831390 4.59999990
v 11.25309467 62.80762863 4.59999990
v 11.33425236 62.67038727 4.59999990
v 11.40896225 62.53131866 4.59999990
v 11.47714329 62.39057541 4.59999990
v 11.71775341 61.66718674 4.59999990
v 11.59362602 62.10468292 4.59999990
v 11.64179993 61.95984650 4.59999990
v 11.68319130 61.81396103 4.59999990
v 11.74544811 61.51968002 4.59999990
v 11.76624584 61.37160873 4.59999990
v 10.06258965 62.28542709 5.00000000
v 10.12713146 62.18783188 5.00000000
v 10.18654728 62.08893967 5.00000000
v 10.24076939 61.98885345 5.00000000
v 10.28973961 61.88768768 5.00000000
v 10.33340549 61.78555298 5.00000000
v 10.37171745 61.68255997 5.00000000
v 10.45414543 61.36955261 5.00000000
v 10.43212032 61.47444534 5.00000000
v 10.40463448 61.57881927 5.00000000
v 10.47068596 61.26425552 5.00000000
v 10.10978127 64.04776764 5.00000000
v 10.24942303 63.93663406 5.00000000
v 10.38380432 63.82229233 5.00000000
v 10.51277733 63.70486450 5.00000000
v 10.86586761 63.33536148 5.00000000
v 10.97185898 63.20690536 5.00000000
v 11.07179928 63.07603455 5.00000000
v 11.16557789 62.94289398 5.00000000
v 10.63620186 63.58448029 5.00000000
v 10.75394154 63.46126556 5.00000000
v 11.53872013 62.24831390 5.00000000
v 11.25309467 62.80762863 5.00000000
v 11.33425236 62.67038727 5.00000000
v 11.40896225 62.53131866 5.00000000
v 11.47714329 62.39057541 5.00000000
v 11.71775341 61.66718674 5.00000000
v 11.59362602 62.10468292 5.00000000
v 11.64179993 61.95984650 5.00000000
v 11.68319130 61.81396103 5.00000000
v 11.74544811 61.51968002 5.00000000
v 11.76624584 61.37160873 5.00000000
v 12.58706570 57.75000000 4.59999990
v 12.58706570 58.59047318 4.59999990
v 12.58706570 59.78452682 4.59999990
v 13.29019070 57.75000000 4.59999990
v 13.29019070 57.86922073 4.59999990
v 13.31087589 57.85942459 4.59999990
v 13.39508629 57.82628632 4.59999990
v 13.29245090 58.44652557 4.59999990
v 13.29019070 58.44764328 4.59999990
v 13.33359909 58.42959976 4.59999990
v 13.37567234 58.41564941 4.59999990
v 13.41848946 58.40473557 4.59999990
v 13.48118973 57.79898071 4.59999990
v 13.56881714 57.77762222 4.59999990
v 13.65759277 57.76229858 4.59999990
v 13.74713707 57.75307846 4.59999990
v 13.46186829 58.39690781 4.59999990
v 13.50562286 58.39219666 4.59999990
v 13.54956627 58.39062500 4.59999990
v 13.59350872 58.39219666 4.59999990
v 13.63726330 58.39690781 4.59999990
v 13.68064213 58.40473557 4.59999990
v 13.72346020 58.41564941 4.59999990
v 13.29245090 59.80347443 4.59999990
v 13.29019070 59.80235672 4.59999990
v 13.33359909 59.82040024 4.59999990
v 13.37567234 59.83435059 4.59999990
v 13.41848946 59.84526443 4.59999990
v 13.29019070 60.50577927 4.59999990
v 13.31087589 60.51557541 4.59999990
v 13.39508629 60.54871368 4.59999990
v 13.46186829 59.85309219 4.59999990
v 13.50562286 59.85780334 4.59999990
v 13.54956627 59.85937500 4.59999990
v 13.59350872 59.85780334 4.59999990
v 13.63726330 59.85309219 4.59999990
v 13.68064213 59.84526443 4.59999990
v 13.72346020 59.83435059 4.59999990
v 13.48118973 60.57601929 4.59999990
v 13.56881714 60.59737778 4.59999990
v 13.65759277 60.61270142 4.59999990
v 13.74713707 60.62192154 4.59999990
v 13.83706570 57.75000000 4.59999990
v 13.92699528 57.75307846 4.59999990
v 14.01653957 57.76229858 4.59999990
v 13.76553345 58.42959976 4.59999990
v 13.80668163 58.44652557 4.59999990
v 13.84672832 58.46635818 4.59999990
v 13.88550377 58.48901367 4.59999990
v 13.92284012 58.51438904 4.59999990
v 13.95857716 58.54238129 4.59999990
v 13.99256420 58.57286835 4.59999990
v 14.02465343 58.60571671 4.59999990
v 14.05470848 58.64079285 4.59999990
v 14.10531521 57.77762222 4.59999990
v 14.19294262 57.79898071 4.59999990
v 14.27904510 57.82628632 4.59999990
v 14.36325550 57.85942459 4.59999990
v 14.08260059 58.67794037 4.59999990
v 14.10820961 58.71700287 4.59999990
v 14.13142681 58.75781250 4.59999990
v 14.15215206 58.80019379 4.59999990
v 14.17029762 58.84396744 4.59999990
v 14.18578434 58.88894272 4.59999990
v 14.19854736 58.93492889 4.59999990
v 14.20853138 58.98173141 4.59999990
v 14.21569347 59.02914429 4.59999990
v 13.76553345 59.82040024 4.59999990
v 13.80668163 59.80347443 4.59999990
v 13.84672832 59.78364182 4.59999990
v 13.88550377 59.76098633 4.59999990
v 14.05470848 59.60920715 4.59999990
v 13.92284012 59.73561096 4.59999990
v 13.95857716 59.70761871 4.59999990
v 13.99256420 59.67713165 4.59999990
v 14.02465343 59.64428329 4.59999990
v 13.83706570 60.62500000 4.59999990
v 13.92699528 60.62192154 4.59999990
v 14.01653957 60.61270142 4.59999990
v 14.08260059 59.57205963 4.59999990
v 14.10820961 59.53299713 4.59999990
v 14.13142681 59.49218750 4.59999990
v 14.19854736 59.31507111 4.59999990
v 14.21569347 59.22085571 4.59999990
v 14.20853138 59.26826859 4.59999990
v 14.15215206 59.44980621 4.59999990
v 14.17029762 59.40603256 4.59999990
v 14.18578434 59.36105728 4.59999990
v 14.22000217 59.07696915 4.59999990
v 14.22144127 59.12500000 4.59999990
v 14.22000217 59.17303085 4.59999990
v 14.10531521 60.59737778 4.59999990
v 14.19294262 60.57601929 4.59999990
v 14.27904510 60.54871368 4.59999990
v 14.36325550 60.51557541 4.59999990
v 14.44521332 57.89824677 4.59999990
v 14.52456570 57.94258881 4.59999990
v 14.60097504 57.99226379 4.59999990
v 14.67411327 58.04705429 4.59999990
v 14.74366665 58.10673141 4.59999990
v 14.80933762 58.17103577 4.59999990
v 14.87084579 58.23968887 4.59999990
v 14.92792702 58.31240463 4.59999990
v 14.98033714 58.38886642 4.59999990
v 14.44521332 60.47675323 4.59999990
v 14.52456570 60.43241119 4.59999990
v 14.60097504 60.38273621 4.59999990
v 14.67411327 60.32794571 4.59999990
v 14.87084579 60.13531113 4.59999990
v 14.92792702 60.06259537 4.59999990
v 14.98033714 59.98613358 4.59999990
v 14.74366665 60.26826859 4.59999990
v 14.80933762 60.20396423 4.59999990
v 12.58706570 57.75000000 5.00000000
v 13.29019070 57.75000000 5.00000000
v 13.29019070 57.86922073 5.00000000
v 13.31087589 57.85942459 5.00000000
v 13.39508629 57.82628632 5.00000000
v 13.29245090 58.44652557 5.00000000
v 13.29019070 58.44764328 5.00000000
v 13.33359909 58.42959976 5.00000000
v 13.37567234 58.41564941 5.00000000
v 13.41848946 58.40473557 5.00000000
v 13.48118973 57.79898071 5.00000000
v 13.56881714 57.77762222 5.00000000
v 13.65759277 57.76229858 5.00000000
v 13.74713707 57.75307846 5.00000000
v 13.46186829 58.39690781 5.00000000
v 13.50562286 58.39219666 5.00000000
v 13.54956627 58.39062500 5.00000000
v 13.59350872 58.39219666 5.00000000
v 13.63726330 58.39690781 5.00000000
v 13.68064213 58.40473557 5.00000000
v 13.72346020 58.41564941 5.00000000
v 13.29019070 59.80235672 5.00000000
v 13.29245090 59.80347443 5.00000000
v 13.33359909 59.82040024 5.00000000
v 13.37567234 59.83435059 5.00000000
v 13.41848946 59.84526443 5.00000000
v 13.29019070 60.50577927 5.00000000
v 13.31087589 60.51557541 5.00000000
v 13.39508629 60.54871368 5.00000000
v 13.46186829 59.85309219 5.00000000
v 13.50562286 59.85780334 5.00000000
v 13.54956627 59.85937500 5.00000000
v 13.59350872 59.85780334 5.00000000
v 13.63726330 59.85309219 5.00000000
v 13.68064213 59.84526443 5.00000000
v 13.72346020 59.83435059 5.00000000
v 13.48118973 60.57601929 5.00000000
v 13.56881714 60.59737778 5.00000000
v 13.65759277 60.61270142 5.00000000
v 13.74713707 60.62192154 5.00000000
v 13.83706570 57.75000000 5.00000000
v 13.92699528 57.75307846 5.00000000
v 14.01653957 57.76229858 5.00000000
v 13.76553345 58.42959976 5.00000000
v 13.80668163 58.44652557 5.00000000
v 13.84672832 58.46635818 5.00000000
v 13.88550377 58.48901367 5.00000000
v 13.92284012 58.51438904 5.00000000
v 13.95857716 58.54238129 5.00000000
v 13.99256420 58.57286835 5.00000000
v 14.02465343 58.60571671 5.00000000
v 14.05470848 58.64079285 5.00000000
v 14.10531521 57.77762222 5.00000000
v 14.19294262 57.79898071 5.00000000
v 14.27904510 57.82628632 5.00000000
v 14.36325550 57.85942459 5.00000000
v 14.08260059 58.67794037 5.00000000
v 14.10820961 58.71700287 5.00000000
v 14.13142681 58.75781250 5.00000000
v 14.15215206 58.80019379 5.00000000
v 14.17029762 58.84396744 5.00000000
v 14.18578434 58.88894272 5.00000000
v 14.19854736 58.93492889 5.00000000
v 14.20853138 58.98173141 5.00000000
v 14.21569347 59.02914429 5.00000000
v 13.76553345 59.82040024 5.00000000
v 13.80668163 59.80347443 5.00000000
v 13.84672832 59.78364182 5.00000000
v 13.88550377 59.76098633 5.00000000
v 14.05470848 59.60920715 5.00000000
v 13.92284012 59.73561096 5.00000000
v 13.95857716 59.70761871 5.00000000
v 13.99256420 59.67713165 5.00000000
v 14.02465343 59.64428329 5.00000000
v 13.83706570 60.62500000 5.00000000
v 13.92699528 60.62192154 5.00000000
v 14.01653957 60.61270142 5.00000000
v 14.08260059 59.57205963 5.00000000
v 14.10820961 59.53299713 5.00000000
v 14.13142681 59.49218750 5.00000000
v 14.19854736 59.31507111 5.00000000
v 14.21569347 59.22085571 5.00000000
v 14.20853138 59.26826859 5.00000000
v 14.15215206 59.44980621 5.00000000
v 14.17029762 59.40603256 5.00000000
v 14.18578434 59.36105728 5.00000000
v 14.22000217 59.07696915 5.00000000
v 14.22144127 59.12500000 5.00000000
v 14.22000217 59.17303085 5.00000000
v 14.10531521 60.59737778 5.00000000
v 14.19294262 60.57601929 5.00000000
v 14.27904510 60.54871368 5.00000000
v 14.36325550 60.51557541 5.00000000
v 14.44521332 57.89824677 5.00000000
v 14.52456570 57.94258881 5.00000000
v 14.60097504 57.99226379 5.00000000
v 14.67411327 58.04705429 5.00000000
v 14.74366665 58.10673141 5.00000000
v 14.80933762 58.17103577 5.00000000
v 14.87084579 58.23968887 5.00000000
v 14.92792702 58.31240463 5.00000000
v 14.98033714 58.38886642 5.00000000
v 14.44521332 60.47675323 5.00000000
v 14.52456570 60.43241119 5.00000000
v 14.60097504 60.38273621 5.00000000
v 14.67411327 60.32794571 5.00000000
v 14.87084579 60.13531113 5.00000000
v 14.92792702 60.06259537 5.00000000
v 14.98033714 59.98613358 5.00000000
v 14.74366665 60.26826859 5.00000000
v 14.80933762 60.20396423 5.00000000
v 12.58706570 64.25000000 4.59999990
v 13.29019070 64.25000000 4.59999990
v 12.58706570 64.25000000 5.00000000
v 13.29019070 64.25000000 5.00000000
v 15.49713802 45.65232468 5.00000000
v 15.49117374 45.65000153 5.00000000
v 15.59642887 45.69636154 5.00000000
v 15.02246857 47.89747620 5.00000000
v 15.12790203 47.91246414 5.00000000
v 15.23278713 47.92225647 5.00000000
v 15.33667564 47.92681885 5.00000000
v 15.43912315 47.92612457 5.00000000
v 15.53969002 47.92018127 5.00000000
v 15.69316673 45.74469757 5.00000000
v 15.78693581 45.79712296 5.00000000
v 15.87733459 45.85341263 5.00000000
v 15.96397781 45.91333008 5.00000000
v 15.63794518 47.90901184 5.00000000
v 15.73346901 47.89266586 5.00000000
v 15.82585239 47.87121201 5.00000000
v 15.91469860 47.84474564 5.00000000
v 16.04649162 45.97661591 5.00000000
v 16.12452507 46.04299545 5.00000000
v 16.19774437 46.11219406 5.00000000
v 15.99962807 47.81337357 5.00000000
v 16.08027840 47.77723694 5.00000000
v 16.15630150 47.73648453 5.00000000
v 16.22737312 47.69129562 5.00000000
v 15.49117374 45.65000153 5.50000000
v 15.49713802 45.65232468 5.50000000
v 15.59642887 45.69636154 5.50000000
v 15.02246857 47.89747620 5.50000000
v 15.12790203 47.91246414 5.50000000
v 15.23278713 47.92225647 5.50000000
v 15.33667564 47.92681885 5.50000000
v 15.43912315 47.92612457 5.50000000
v 15.53969002 47.92018127 5.50000000
v 15.69316673 45.74469757 5.50000000
v 15.78693581 45.79712296 5.50000000
v 15.87733459 45.85341263 5.50000000
v 15.96397781 45.91333008 5.50000000
v 15.63794518 47.90901184 5.50000000
v 15.73346901 47.89266586 5.50000000
v 15.82585239 47.87121201 5.50000000
v 15.91469860 47.84474564 5.50000000
v 16.04649162 45.97661591 5.50000000
v 16.12452507 46.04299545 5.50000000
v 16.19774437 46.11219406 5.50000000
v 15.99962807 47.81337357 5.50000000
v 16.08027840 47.77723694 5.50000000
v 16.15630150 47.73648453 5.50000000
v 16.22737312 47.69129562 5.50000000
v 16.26583290 46.18390656 5.00000000
v 16.32850075 46.25782776 5.00000000
v 16.38548088 46.33364487 5.00000000
v 16.43652725 46.41102982 5.00000000
v 16.48142242 46.48965454 5.00000000
v 16.51997566 46.56917953 5.00000000
v 16.55201721 46.64926147 5.00000000
v 16.29318810 47.64186096 5.00000000
v 16.35346603 47.58839417 5.00000000
v 16.40794945 47.53112411 5.00000000
v 16.45640373 47.47029114 5.00000000
v 16.49861908 47.40616226 5.00000000
v 16.53442001 47.33901215 5.00000000
v 16.57741547 46.72956085 5.00000000
v 16.59605789 46.80973816 5.00000000
v 16.60786438 46.88944244 5.00000000
v 16.61278725 46.96833420 5.00000000
v 16.56364822 47.26912308 5.00000000
v 16.58618164 47.19679642 5.00000000
v 16.61080360 47.04607773 5.00000000
v 16.60192299 47.12234116 5.00000000
v 16.26583290 46.18390656 5.50000000
v 16.32850075 46.25782776 5.50000000
v 16.38548088 46.33364487 5.50000000
v 16.43652725 46.41102982 5.50000000
v 16.48142242 46.48965454 5.50000000
v 16.51997566 46.56917953 5.50000000
v 16.55201721 46.64926147 5.50000000
v 16.29318810 47.64186096 5.50000000
v 16.35346603 47.58839417 5.50000000
v 16.40794945 47.53112411 5.50000000
v 16.45640373 47.47029114 5.50000000
v 16.49861908 47.40616226 5.50000000
v 16.53442001 47.33901215 5.50000000
v 16.57741547 46.72956085 5.50000000
v 16.59605789 46.80973816 5.50000000
v 16.60786438 46.88944244 5.50000000
v 16.61278725 46.96833420 5.50000000
v 16.56364822 47.26912308 5.50000000
v 16.58618164 47.19679642 5.50000000
v 16.61080360 47.04607773 5.50000000
v 16.60192299 47.12234116 5.50000000
v 19.79999924 35.17499924 4.59999990
v 19.79999924 37.42499924 4.59999990
v 19.79999924 37.77500153 4.59999990
v 19.79999924 40.02500153 4.59999990
v 19.79999924 40.37500000 4.59999990
v 17.60000038 42.54999924 5.00000000
v 17.60000038 43.04999924 5.00000000
v 17.60000038 42.54999924 5.50000000
v 17.60000038 43.04999924 5.50000000
v 19.39999962 35.17499924 5.00000000
v 19.39999962 37.42499924 5.00000000
v 19.39999962 37.77500153 5.00000000
v 19.39999962 40.02500153 5.00000000
v 19.39999962 40.37500000 5.00000000
v 17.60000038 45.15000153 5.00000000
v 17.60000038 45.65000153 5.00000000
v 17.60000038 45.15000153 5.50000000
v 17.60000038 45.65000153 5.50000000
v 15.02785110 58.46875000 4.59999990
v 15.07026577 58.55170822 4.59999990
v 15.10739994 58.63739395 4.59999990
v 15.13909531 58.72542953 4.59999990
v 15.16521358 58.81544876 4.59999990
v 15.18564606 58.90705872 4.59999990
v 15.20030308 58.99987030 4.59999990
v 15.07026577 59.82329178 4.59999990
v 15.02785110 59.90625000 4.59999990
v 15.10739994 59.73760605 4.59999990
v 15.13909531 59.64957047 4.59999990
v 15.20912170 59.09348297 4.59999990
v 15.21206570 59.18750000 4.59999990
v 15.20912170 59.28151703 4.59999990
v 15.18564606 59.46794128 4.59999990
v 15.16521358 59.55955124 4.59999990
v 15.20030308 59.37512970 4.59999990
v 15.02785110 58.46875000 5.00000000
v 15.07026577 58.55170822 5.00000000
v 15.10739994 58.63739395 5.00000000
v 15.13909531 58.72542953 5.00000000
v 15.16521358 58.81544876 5.00000000
v 15.18564606 58.90705872 5.00000000
v 15.20030308 58.99987030 5.00000000
v 15.07026577 59.82329178 5.00000000
v 15.02785110 59.90625000 5.00000000
v 15.10739994 59.73760605 5.00000000
v 15.13909531 59.64957047 5.00000000
v 15.20912170 59.09348297 5.00000000
v 15.21206570 59.18750000 5.00000000
v 15.20912170 59.28151703 5.00000000
v 15.18564606 59.46794128 5.00000000
v 15.16521358 59.55955124 5.00000000
v 15.20030308 59.37512970 5.00000000
v 19.39999962 70.00000000 4.40000010
v 20.00000000 69.40000153 4.40000010
v 19.39999962 69.40000153 5.00000000
f 1 3 2
f 2 3 5
f 1 2 513
f 2 4 514
f 1 1101 3
f 1 513 1100
f 2 5 4
f 4 5 6
f 4 6 7
f 6 20 7
f 6 26 20
f 6 25 26
f 7 13 8
f 7 20 12
f 4 7 526
f 8 21 9
f 10 23 11
f 9 17 10
f 9 22 16
f 7 12 13
f 8 13 27
f 9 16 17
f 8 27 21
f 21 22 9
f 11 23 24
f 21 75 22
f 20 26 12
f 28 29 32
f 28 30 29
f 33 34 35
f 33 35 36
f 33 36 38
f 33 38 37
f 33 37 83
f 33 83 84
f 33 84 85
f 33 40 39
f 33 42 40
f 49 41 45
f 33 43 42
f 33 44 43
f 33 46 44
f 33 103 46
f 33 104 103
f 33 106 104
f 49 45 47
f 49 47 48
f 49 48 105
f 22 75 16
f 21 27 75
f 11 24 429
f 10 17 428
f 14 299 15
f 14 49 299
f 428 17 19
f 18 427 19
f 18 76 427
f 33 85 86
f 33 86 87
f 33 87 88
f 33 88 89
f 33 89 94
f 33 94 95
f 33 95 96
f 33 96 97
f 33 97 98
f 33 98 99
f 33 99 100
f 33 100 101
f 33 123 122
f 33 101 102
f 33 102 131
f 33 131 132
f 33 132 133
f 33 133 134
f 33 124 123
f 33 155 124
f 33 152 155
f 33 153 152
f 33 134 135
f 33 135 136
f 33 136 137
f 33 138 139
f 33 137 138
f 33 140 141
f 33 139 140
f 33 143 144
f 33 141 143
f 33 156 154
f 33 158 157
f 33 157 156
f 33 154 153
f 33 142 158
f 33 144 142
f 33 109 106
f 33 110 109
f 33 112 110
f 33 108 112
f 33 114 108
f 49 105 107
f 49 107 111
f 33 115 114
f 33 116 115
f 33 117 116
f 33 120 117
f 33 121 120
f 33 122 121
f 49 125 126
f 49 111 113
f 49 113 118
f 49 118 119
f 49 119 125
f 10 494 23
f 23 495 24
f 15 455 50
f 49 126 338
f 159 338 126
f 160 338 159
f 161 338 160
f 162 338 161
f 163 338 162
f 168 334 167
f 165 336 166
f 167 335 165
f 164 338 163
f 166 337 164
f 267 308 268
f 268 309 269
f 269 313 270
f 270 313 271
f 315 267 316
f 311 267 310
f 308 267 311
f 268 308 309
f 269 309 313
f 314 271 313
f 310 267 312
f 312 267 307
f 307 267 315
f 271 314 277
f 277 318 279
f 279 319 278
f 278 320 275
f 272 323 276
f 274 322 272
f 275 321 273
f 273 322 274
f 276 332 169
f 169 333 168
f 318 277 314
f 319 279 318
f 320 278 319
f 321 275 320
f 273 321 322
f 323 272 322
f 49 338 339
f 49 339 380
f 50 493 76
f 3 1103 5
f 5 1103 6
f 6 1105 25
f 299 300 15
f 15 300 301
f 15 301 302
f 15 302 303
f 15 303 304
f 15 304 305
f 15 305 306
f 15 306 424
f 15 424 455
f 10 428 494
f 11 429 765
f 427 428 19
f 316 267 317
f 317 267 324
f 324 267 325
f 325 267 326
f 326 267 327
f 327 267 328
f 49 384 299
f 332 276 323
f 333 169 332
f 334 168 333
f 49 380 381
f 335 167 334
f 336 165 335
f 337 166 336
f 338 164 337
f 49 381 382
f 49 382 383
f 49 383 385
f 49 385 384
f 24 495 429
f 23 494 495
f 76 493 427
f 455 493 50
f 1105 28 25
f 1105 30 28
f 1105 31 30
f 1105 79 31
f 1105 80 79
f 1105 81 80
f 1105 82 81
f 1105 90 82
f 1105 91 90
f 1105 92 91
f 1105 93 92
f 1105 127 93
f 1105 128 127
f 1105 129 128
f 1105 130 129
f 1105 145 130
f 1105 146 145
f 1105 147 146
f 1105 148 147
f 1105 149 148
f 1105 150 149
f 1105 151 150
f 1105 261 151
f 1105 262 261
f 1105 263 262
f 1105 264 263
f 1105 265 264
f 1105 266 265
f 1105 267 266
f 1105 328 267
f 424 306 417
f 424 417 418
f 424 418 419
f 424 419 420
f 424 420 421
f 424 421 422
f 422 423 424
f 422 450 423
f 425 434 426
f 425 433 434
f 425 466 433
f 426 434 501
f 430 438 431
f 430 437 438
f 430 496 437
f 431 438 508
f 441 774 432
f 432 498 441
f 423 450 454
f 450 451 454
f 454 451 452
f 454 452 453
f 426 501 467
f 466 500 433
f 466 465 499
f 466 499 500
f 508 497 431
f 437 496 507
f 507 496 467
f 467 501 507
f 441 498 511
f 498 497 511
f 508 511 497
f 2 514 513
f 513 514 515
f 514 527 515
f 513 515 1117
f 515 527 1117
f 4 526 514
f 516 521 517
f 518 523 519
f 7 8 526
f 517 534 518
f 517 522 533
f 519 536 520
f 519 524 535
f 517 521 522
f 523 524 519
f 521 552 522
f 518 553 523
f 523 557 524
f 520 558 525
f 8 9 526
f 9 10 526
f 10 11 526
f 11 516 526
f 516 517 526
f 517 518 526
f 518 519 526
f 519 520 526
f 520 525 526
f 525 559 528
f 11 765 516
f 517 533 534
f 518 534 553
f 519 535 536
f 520 536 558
f 516 789 521
f 521 561 551
f 521 551 552
f 522 552 533
f 523 553 557
f 521 573 561
f 521 574 573
f 521 575 574
f 521 580 575
f 521 581 580
f 521 612 581
f 521 613 612
f 524 557 535
f 525 558 559
f 528 559 763
f 514 526 527
f 525 528 526
f 526 528 527
f 528 843 530
f 529 532 530
f 529 531 532
f 528 530 532
f 528 532 940
f 528 940 943
f 528 943 944
f 528 944 947
f 528 950 951
f 528 951 954
f 528 947 950
f 516 765 789
f 537 539 538
f 537 586 547
f 537 547 548
f 537 548 543
f 537 540 539
f 537 542 541
f 537 541 540
f 537 545 546
f 537 546 542
f 537 543 544
f 537 544 545
f 643 538 539
f 521 789 613
f 561 563 562
f 561 567 563
f 566 564 565
f 569 564 566
f 570 564 569
f 567 561 568
f 568 561 573
f 578 564 570
f 576 571 572
f 578 570 571
f 579 564 578
f 586 564 621
f 576 577 571
f 578 571 577
f 564 579 582
f 564 582 583
f 564 583 584
f 564 584 585
f 564 585 614
f 564 614 615
f 564 615 616
f 564 616 617
f 564 617 620
f 564 620 621
f 586 621 622
f 586 622 623
f 586 623 624
f 538 643 587
f 587 589 588
f 587 590 589
f 587 591 590
f 587 592 591
f 587 593 592
f 587 594 593
f 587 599 594
f 587 600 599
f 587 601 600
f 587 602 601
f 761 595 596
f 761 596 597
f 761 597 598
f 761 598 607
f 761 607 608
f 761 608 609
f 587 603 602
f 587 604 603
f 587 605 604
f 587 606 605
f 587 635 606
f 587 634 635
f 587 636 634
f 587 637 636
f 587 638 637
f 587 640 638
f 587 639 640
f 587 641 639
f 587 642 641
f 761 609 610
f 761 610 611
f 761 611 644
f 586 624 625
f 789 618 613
f 789 619 618
f 789 626 619
f 586 652 547
f 586 629 630
f 586 625 629
f 586 630 631
f 586 631 648
f 586 648 649
f 586 650 651
f 586 649 650
f 586 653 652
f 586 651 653
f 587 643 642
f 843 762 550
f 843 763 762
f 528 763 843
f 530 843 898
f 843 899 898
f 843 902 899
f 843 903 902
f 843 904 903
f 843 905 904
f 776 767 766
f 767 777 769
f 769 777 770
f 771 772 780
f 770 779 768
f 768 780 772
f 766 805 776
f 550 549 1517
f 549 761 1516
f 432 774 773
f 844 773 774
f 776 777 767
f 770 777 779
f 768 779 780
f 771 780 781
f 771 781 849
f 777 778 779
f 843 550 1517
f 789 627 626
f 789 628 627
f 789 632 628
f 789 633 632
f 789 782 633
f 789 783 782
f 794 784 783
f 794 785 784
f 789 794 783
f 794 786 785
f 794 787 786
f 787 794 788
f 788 794 790
f 790 794 791
f 791 794 792
f 761 644 1141
f 792 811 793
f 792 794 811
f 848 793 811
f 808 771 849
f 848 802 793
f 848 803 802
f 848 804 803
f 848 805 804
f 808 849 809
f 849 807 809
f 806 851 799
f 807 851 806
f 799 852 798
f 798 853 797
f 797 854 796
f 796 855 795
f 795 856 801
f 645 1133 644
f 646 1132 645
f 647 1131 646
f 654 1130 647
f 655 1130 654
f 656 1129 655
f 658 1127 657
f 657 1128 656
f 800 1127 658
f 801 857 800
f 844 810 773
f 848 811 810
f 844 848 810
f 776 805 848
f 849 850 807
f 807 850 851
f 852 799 851
f 853 798 852
f 854 797 853
f 796 854 855
f 795 855 856
f 801 856 857
f 800 857 1127
f 657 1127 1128
f 656 1128 1129
f 655 1129 1130
f 647 1130 1131
f 646 1131 1132
f 645 1132 1133
f 761 1141 1142
f 845 847 846
f 845 1120 847
f 845 1121 1120
f 644 1133 1140
f 644 1140 1141
f 761 1142 1143
f 761 1143 1144
f 761 1144 1145
f 761 1145 1178
f 761 1178 1179
f 761 1179 1180
f 761 1180 1181
f 761 1181 1182
f 843 1241 872
f 843 906 905
f 843 907 906
f 843 908 907
f 843 992 908
f 843 993 992
f 843 996 993
f 843 999 996
f 843 1003 999
f 843 1004 1003
f 843 1007 1004
f 843 872 876
f 843 1008 1007
f 843 1012 1008
f 843 1013 1012
f 843 1017 1013
f 843 1018 1017
f 843 1019 1018
f 843 876 1667
f 843 1020 1019
f 843 1647 1020
f 843 1648 1647
f 843 1649 1648
f 843 1650 1649
f 843 1666 1650
f 843 1667 1666
f 529 878 879
f 529 530 878
f 530 880 878
f 878 880 879
f 529 879 886
f 879 880 898
f 879 899 883
f 529 882 881
f 529 890 882
f 529 891 890
f 529 892 891
f 529 893 892
f 529 894 893
f 881 882 901
f 882 890 909
f 529 881 918
f 881 900 918
f 879 883 884
f 879 884 886
f 884 885 886
f 529 886 967
f 883 902 884
f 884 903 885
f 885 904 886
f 886 887 888
f 886 888 956
f 888 889 956
f 886 905 887
f 887 906 888
f 888 907 889
f 529 895 894
f 529 896 895
f 529 897 896
f 529 958 897
f 529 959 958
f 529 961 959
f 529 962 961
f 890 891 910
f 891 892 911
f 892 893 912
f 893 894 913
f 529 964 962
f 529 965 964
f 529 966 965
f 529 969 966
f 529 970 969
f 894 895 914
f 895 896 915
f 896 897 916
f 897 958 994
f 530 898 880
f 879 898 899
f 899 902 883
f 881 901 900
f 882 909 901
f 900 901 909
f 884 902 903
f 885 903 904
f 886 904 905
f 887 905 906
f 888 906 907
f 889 907 908
f 890 910 909
f 891 911 910
f 892 912 911
f 893 913 912
f 900 909 910
f 900 910 911
f 900 911 912
f 900 912 913
f 900 913 914
f 900 914 915
f 894 914 913
f 895 915 914
f 896 916 915
f 897 994 916
f 900 915 916
f 900 916 994
f 900 994 995
f 900 995 997
f 900 997 998
f 900 998 1000
f 900 1000 1001
f 529 917 531
f 529 918 917
f 531 917 940
f 917 918 919
f 917 919 922
f 917 920 921
f 917 924 920
f 917 922 923
f 917 923 926
f 917 921 940
f 918 937 919
f 919 938 922
f 920 939 921
f 920 924 943
f 917 929 930
f 917 926 927
f 917 927 929
f 917 932 924
f 924 928 925
f 924 932 928
f 922 941 923
f 923 942 926
f 924 925 944
f 926 945 927
f 927 946 929
f 925 928 947
f 928 931 950
f 928 932 931
f 917 1042 932
f 932 936 935
f 932 1033 936
f 929 948 930
f 930 949 933
f 931 932 951
f 933 952 934
f 934 953 1028
f 932 935 954
f 935 936 955
f 527 528 2121
f 531 940 532
f 900 937 918
f 900 938 937
f 900 941 938
f 919 937 938
f 938 941 922
f 921 939 940
f 920 943 939
f 939 943 940
f 528 954 955
f 528 955 1066
f 528 1066 1069
f 900 942 941
f 900 945 942
f 900 946 945
f 900 948 946
f 900 949 948
f 900 952 949
f 923 941 942
f 926 942 945
f 924 944 943
f 925 947 944
f 927 945 946
f 929 946 948
f 928 950 947
f 900 953 952
f 900 1064 953
f 900 1065 1064
f 900 1067 1065
f 900 1068 1067
f 900 1071 1068
f 900 1072 1071
f 930 948 949
f 933 949 952
f 931 951 950
f 932 954 951
f 934 952 953
f 953 1064 1028
f 935 955 954
f 886 956 967
f 956 957 960
f 889 908 956
f 956 992 957
f 957 993 960
f 529 967 1628
f 956 960 967
f 529 1628 970
f 958 959 995
f 959 961 997
f 961 962 998
f 962 964 1000
f 960 963 967
f 967 968 971
f 960 996 963
f 963 999 967
f 964 965 1001
f 965 966 1002
f 967 1003 968
f 968 1004 971
f 966 969 1005
f 969 970 1006
f 967 971 976
f 971 972 976
f 967 976 983
f 976 977 981
f 971 1007 972
f 972 1008 976
f 970 973 1009
f 973 974 1010
f 974 975 1011
f 976 1012 977
f 975 978 1014
f 978 979 1015
f 979 980 1016
f 976 981 983
f 981 982 983
f 970 1628 973
f 973 1628 974
f 974 1628 975
f 975 1628 978
f 967 983 1628
f 983 984 1607
f 978 1628 979
f 979 1628 980
f 980 1628 985
f 985 1628 986
f 977 1013 981
f 981 1017 982
f 980 985 1021
f 982 1018 983
f 983 1019 984
f 985 986 1022
f 986 987 1023
f 987 988 1024
f 988 989 1025
f 989 990 1026
f 990 991 1027
f 908 992 956
f 957 992 993
f 958 995 994
f 959 997 995
f 993 996 960
f 961 998 997
f 962 1000 998
f 900 1001 1002
f 900 1002 1005
f 900 1005 1006
f 900 1006 1009
f 900 1009 1010
f 900 1010 1011
f 900 1011 1014
f 963 996 999
f 967 999 1003
f 964 1001 1000
f 965 1002 1001
f 968 1003 1004
f 966 1005 1002
f 969 1006 1005
f 970 1009 1006
f 900 1014 1015
f 900 1015 1016
f 900 1016 1021
f 900 1021 1022
f 900 1022 1023
f 900 1023 1024
f 900 1024 1025
f 900 1025 1026
f 900 1026 1027
f 900 1027 1651
f 900 1090 1089
f 900 1091 1090
f 900 1092 1091
f 900 1093 1092
f 900 1094 1093
f 900 1095 1094
f 900 1719 1095
f 1004 1007 971
f 972 1007 1008
f 973 1010 1009
f 974 1011 1010
f 976 1008 1012
f 977 1012 1013
f 975 1014 1011
f 978 1015 1014
f 979 1016 1015
f 900 1651 1652
f 900 1652 1653
f 900 1653 1654
f 900 1654 1655
f 900 1655 1656
f 900 1656 1657
f 900 1657 1658
f 900 1658 1659
f 900 1659 1660
f 900 1660 1661
f 900 1661 1662
f 900 1662 1663
f 900 1663 1664
f 900 1664 1665
f 900 1665 1729
f 900 1729 1726
f 900 1721 1720
f 900 1722 1721
f 900 1724 1723
f 900 1723 1722
f 900 1720 1719
f 900 1728 1725
f 900 1727 1728
f 900 1725 1724
f 900 1726 1727
f 981 1013 1017
f 982 1017 1018
f 980 1021 1016
f 983 1018 1019
f 984 1019 1020
f 985 1022 1021
f 986 1023 1022
f 987 1024 1023
f 988 1025 1024
f 989 1026 1025
f 990 1027 1026
f 936 1033 1030
f 917 930 1703
f 932 1042 1033
f 1033 1038 1034
f 1028 1064 1029
f 1029 1065 1031
f 936 1030 1066
f 1031 1067 1032
f 1032 1068 1035
f 1030 1033 1069
f 1033 1034 1070
f 1040 1076 1043
f 930 933 1703
f 917 1703 1042
f 1033 1042 1038
f 933 934 1703
f 934 1028 1703
f 1028 1029 1703
f 1038 1042 1041
f 1035 1071 1036
f 1036 1072 1037
f 1034 1038 1074
f 1038 1041 1077
f 1037 1073 1039
f 1039 1075 1040
f 1041 1042 1078
f 1043 1079 1044
f 1044 1080 1045
f 1045 1081 1046
f 1046 1082 1047
f 1047 1083 1048
f 1029 1031 1703
f 1031 1032 1703
f 1032 1035 1703
f 1042 1050 1049
f 1042 1052 1050
f 1035 1036 1703
f 1036 1037 1703
f 1037 1039 1703
f 1042 1063 1052
f 1050 1052 1051
f 1042 1049 1085
f 1049 1050 1086
f 1050 1051 1087
f 1051 1052 1088
f 1039 1040 1703
f 1040 1043 1703
f 1043 1044 1703
f 1044 1045 1703
f 1045 1046 1703
f 1046 1047 1703
f 1047 1048 1703
f 1048 1053 1703
f 1048 1084 1053
f 1053 1089 1054
f 1054 1090 1055
f 1055 1091 1056
f 1056 1092 1057
f 1057 1093 1058
f 1058 1094 1059
f 1052 1061 1060
f 1052 1063 1061
f 1061 1063 1062
f 1042 1703 1063
f 1052 1060 1096
f 1060 1061 1097
f 1061 1062 1098
f 1062 1063 1099
f 900 1073 1072
f 900 1075 1073
f 900 1076 1075
f 900 1079 1076
f 900 1080 1079
f 900 1081 1080
f 900 1082 1081
f 1029 1064 1065
f 1031 1065 1067
f 936 1066 955
f 1030 1069 1066
f 1032 1067 1068
f 1035 1068 1071
f 1033 1070 1069
f 900 1083 1082
f 900 1084 1083
f 900 1089 1084
f 1036 1071 1072
f 1037 1072 1073
f 1034 1074 1070
f 1038 1077 1074
f 1039 1073 1075
f 1040 1075 1076
f 1041 1078 1077
f 1042 1085 1078
f 1076 1079 1043
f 1044 1079 1080
f 1045 1080 1081
f 1046 1081 1082
f 1047 1082 1083
f 1048 1083 1084
f 1049 1086 1085
f 1050 1087 1086
f 1051 1088 1087
f 1053 1084 1089
f 1054 1089 1090
f 1055 1090 1091
f 1056 1091 1092
f 1057 1092 1093
f 1058 1093 1094
f 1059 1094 1095
f 1052 1096 1088
f 1060 1097 1096
f 1061 1098 1097
f 1062 1099 1098
f 528 1069 2123
f 1 1100 1101
f 3 1101 1103
f 1100 1102 1101
f 1101 1102 1103
f 1100 1116 1102
f 6 1103 1105
f 1105 330 328
f 1105 331 330
f 1105 329 331
f 1105 373 329
f 1105 374 373
f 1105 375 374
f 1105 376 375
f 1105 377 376
f 1105 378 377
f 1105 379 378
f 1105 386 379
f 1105 387 386
f 1105 388 387
f 1105 389 388
f 1105 390 389
f 1105 391 390
f 1105 443 391
f 1105 444 443
f 1105 445 444
f 1105 446 445
f 1105 447 446
f 1105 448 447
f 1105 449 448
f 1105 456 449
f 1105 457 456
f 1105 458 457
f 1105 459 458
f 1105 460 459
f 1105 461 460
f 1105 462 461
f 1105 463 462
f 1105 464 463
f 1105 465 464
f 1105 499 465
f 1105 502 499
f 1107 436 435
f 1106 435 503
f 1109 440 439
f 1108 439 509
f 1110 442 512
f 1112 504 436
f 1111 503 502
f 1114 510 440
f 1113 509 504
f 1115 512 510
f 1102 1104 1103
f 1103 1104 1105
f 1104 1111 1105
f 1102 2122 1104
f 1105 1111 502
f 1106 1107 435
f 1107 1112 436
f 1108 1109 439
f 1109 1114 440
f 1110 2069 442
f 1112 1113 504
f 1114 1115 510
f 1106 503 1111
f 1108 509 1113
f 1110 512 1115
f 1104 1106 1111
f 1104 2122 1106
f 1107 1108 1113
f 1109 1110 1115
f 1107 1113 1112
f 1109 1115 1114
f 513 1116 1100
f 513 1117 1116
f 1102 1116 1118
f 1102 1118 2122
f 1116 1117 1118
f 1117 2122 1118
f 549 1516 1517
f 845 1122 1121
f 845 1123 1122
f 845 1124 1123
f 761 1182 1543
f 843 1237 1241
f 761 1543 1516
f 1543 1182 1183
f 1543 1183 1191
f 1543 1191 1192
f 1543 1192 1193
f 843 1517 1544
f 843 1544 1545
f 843 1545 1237
f 1238 1241 1237
f 1241 1244 1242
f 1241 1247 1244
f 1243 1245 1246
f 1243 1246 1248
f 1243 1248 1249
f 1243 1249 1251
f 1243 1251 1252
f 1243 1252 1254
f 1243 1254 1255
f 1243 1255 1271
f 1243 1271 1274
f 1243 1274 1275
f 1243 1275 1277
f 1243 1258 1256
f 1243 1259 1258
f 1243 1260 1259
f 1243 1261 1260
f 1243 1264 1261
f 1243 1265 1264
f 1243 1266 1265
f 1243 1267 1266
f 1243 1288 1267
f 1243 1290 1289
f 1243 1294 1290
f 1243 1289 1288
f 1243 1277 1278
f 1243 1278 1280
f 1243 1280 1281
f 1243 1281 1283
f 1243 1283 1284
f 1243 1284 1300
f 1243 1300 1301
f 1238 1247 1241
f 1247 1238 1250
f 1250 1238 1253
f 1253 1238 1270
f 1270 1238 1272
f 1243 1295 1294
f 1243 1296 1295
f 1243 1297 1296
f 1243 1321 1297
f 1243 1322 1321
f 1243 1323 1322
f 1243 1301 1302
f 1243 1302 1305
f 1243 1305 1306
f 1243 1306 1307
f 1243 1307 1308
f 1243 1308 1309
f 1243 1309 1310
f 1243 1310 1311
f 1243 1312 1427
f 1243 1311 1312
f 1243 1433 1316
f 1243 1317 1320
f 1243 1316 1317
f 1243 1303 1323
f 1243 1304 1303
f 1243 1313 1304
f 1243 1315 1313
f 1243 1314 1315
f 1243 1318 1314
f 1243 1319 1318
f 1243 1320 1319
f 1243 1428 1429
f 1243 1427 1428
f 1243 1430 1431
f 1243 1432 1430
f 1243 1429 1432
f 1243 1431 1433
f 1415 1257 1262
f 1415 1262 1263
f 1415 1263 1268
f 1415 1268 1269
f 1864 1415 1269
f 1272 1238 1273
f 1273 1238 1276
f 1276 1238 1279
f 1279 1238 1282
f 1282 1238 1285
f 1285 1238 1286
f 1286 1238 1287
f 1287 1238 1417
f 1417 1450 1418
f 1418 1450 1419
f 1419 1450 1420
f 1420 1450 1421
f 1421 1450 1422
f 1422 1451 1423
f 1417 1238 1450
f 1423 1451 1424
f 1424 1451 1425
f 1425 1451 1426
f 1426 1451 1439
f 1439 1451 1440
f 1440 1451 1441
f 1451 1422 1450
f 1449 1559 1448
f 1441 1559 1452
f 1452 1559 1453
f 1453 1559 1454
f 1454 1559 1455
f 1459 1559 1462
f 1461 1559 1442
f 1442 1559 1449
f 1460 1559 1461
f 1462 1559 1460
f 1455 1559 1456
f 1456 1559 1457
f 1457 1559 1458
f 1458 1559 1459
f 1448 1565 1447
f 1868 1269 1291
f 1874 1291 1292
f 1876 1292 1293
f 1904 1293 1298
f 1906 1298 1299
f 1906 1299 1324
f 1906 1324 1325
f 1906 1325 1326
f 1906 1326 1327
f 1906 1327 1435
f 1906 1435 1436
f 1906 1436 1434
f 1906 1434 1437
f 1906 1437 1438
f 1906 1443 1444
f 1906 1444 1445
f 1906 1445 1446
f 1906 1438 1443
f 1510 1514 1511
f 1511 1514 1512
f 1513 1512 1514
f 2069 775 442
f 1513 1514 1515
f 1513 1515 1530
f 2070 1509 1119
f 2070 1510 1509
f 2070 1119 1198
f 2078 845 775
f 1513 1530 1524
f 1543 1193 1194
f 1543 1194 1199
f 1543 1199 1200
f 1543 1200 1201
f 1543 1201 1202
f 1543 1202 1203
f 1543 1203 1204
f 1543 1204 1522
f 1524 1530 1525
f 1530 1526 1525
f 1530 1527 1526
f 1543 1522 1523
f 1543 1523 1528
f 1543 1529 1527
f 1543 1528 1529
f 2078 1124 845
f 2078 1125 1124
f 2078 1126 1125
f 2078 1134 1126
f 2078 1135 1134
f 2078 1136 1135
f 2078 1137 1136
f 1530 1543 1527
f 2078 1138 1137
f 2078 1139 1138
f 2078 1172 1139
f 2078 1173 1172
f 2078 1174 1173
f 2078 1175 1174
f 2078 1176 1175
f 2078 1177 1176
f 2078 1184 1177
f 2078 1185 1184
f 2078 1186 1185
f 2078 1187 1186
f 2078 1188 1187
f 2078 1189 1188
f 2078 1190 1189
f 2078 1195 1190
f 2078 1196 1195
f 2078 1197 1196
f 2078 1198 1197
f 1557 1450 1238
f 1546 1557 1238
f 1559 1441 1451
f 1561 1448 1559
f 1562 1448 1561
f 1563 1448 1562
f 1564 1448 1563
f 1558 1559 1451
f 1565 1448 1564
f 1560 1561 1559
f 1906 1446 1447
f 1906 1447 1565
f 1906 1565 1566
f 1906 1566 1567
f 1906 1567 1580
f 1906 1580 1581
f 1906 1581 1582
f 1906 1582 1583
f 1906 1583 1584
f 1906 1584 1585
f 1906 1585 1586
f 1906 1586 1587
f 1906 1587 1588
f 1906 1588 1589
f 1906 1589 1590
f 1906 1590 1591
f 1906 1591 1592
f 1906 1592 1982
f 1906 1982 1983
f 1906 1983 1984
f 1906 1984 1985
f 1906 1985 1986
f 1906 1986 1987
f 527 2121 1117
f 983 1607 1609
f 986 1628 987
f 1607 1608 1609
f 983 1609 1628
f 1609 1610 1626
f 984 1020 1607
f 1607 1647 1608
f 1608 1648 1609
f 1609 1649 1610
f 1610 1650 1626
f 987 1628 988
f 988 1628 989
f 989 1628 990
f 990 1628 991
f 991 1628 1611
f 1611 1628 1612
f 1612 1628 1613
f 1613 1628 1614
f 1614 1628 1615
f 1615 1628 1616
f 1616 1628 1617
f 1617 1628 1618
f 1618 1628 1619
f 1619 1628 1620
f 1620 1628 1621
f 1621 1628 1622
f 1622 1628 1623
f 1623 1628 1624
f 1624 1628 1625
f 1625 1628 1697
f 991 1611 1651
f 1611 1612 1652
f 1612 1613 1653
f 1613 1614 1654
f 1614 1615 1655
f 1615 1616 1656
f 1616 1617 1657
f 1617 1618 1658
f 1618 1619 1659
f 1619 1620 1660
f 1620 1621 1661
f 1621 1622 1662
f 1622 1623 1663
f 1623 1624 1664
f 1624 1625 1665
f 1625 1697 1729
f 1609 1626 1628
f 1626 1627 1628
f 1628 1629 1630
f 1628 1630 1632
f 1630 1631 1632
f 1626 1666 1627
f 1627 1667 1628
f 1628 1668 1629
f 1629 1669 1630
f 1630 1670 1631
f 1628 1703 1697
f 1628 1632 1636
f 1628 1644 1703
f 1631 1671 1632
f 1632 1633 1634
f 1632 1634 1636
f 1628 1636 1644
f 1634 1635 1636
f 1636 1637 1638
f 1636 1638 1640
f 1638 1639 1640
f 1636 1640 1644
f 1640 1641 1642
f 1640 1642 1644
f 1642 1643 1644
f 1644 1645 1646
f 1644 1646 1717
f 1632 1672 1633
f 1633 1673 1634
f 1634 1674 1635
f 1635 1675 1636
f 1636 1676 1637
f 1637 1677 1638
f 1638 1678 1639
f 1639 1679 1640
f 1640 1680 1641
f 1641 1681 1642
f 1642 1682 1643
f 1643 1683 1644
f 1644 1684 1645
f 1645 1685 1646
f 1667 876 1415
f 1667 1415 1864
f 1020 1647 1607
f 1608 1647 1648
f 1609 1648 1649
f 1610 1649 1650
f 1626 1650 1666
f 991 1651 1027
f 1611 1652 1651
f 1612 1653 1652
f 1613 1654 1653
f 1614 1655 1654
f 1615 1656 1655
f 1616 1657 1656
f 1617 1658 1657
f 1618 1659 1658
f 1619 1660 1659
f 1620 1661 1660
f 1621 1662 1661
f 1622 1663 1662
f 1623 1664 1663
f 1624 1665 1664
f 1625 1729 1665
f 1627 1666 1667
f 1628 1667 1668
f 1629 1668 1669
f 1630 1669 1670
f 1631 1670 1671
f 1671 1672 1632
f 1864 1269 1865
f 1865 1269 1868
f 1667 1864 1668
f 1668 1864 1669
f 1669 1864 1670
f 1670 1864 1671
f 1671 1864 1672
f 1672 1864 1673
f 1673 1864 1674
f 1674 1864 1675
f 1675 1864 1676
f 1633 1672 1673
f 1634 1673 1674
f 1635 1674 1675
f 1636 1675 1676
f 1637 1676 1677
f 1638 1677 1678
f 1639 1678 1679
f 1640 1679 1680
f 1641 1680 1681
f 1642 1681 1682
f 1643 1682 1683
f 1644 1683 1684
f 1645 1684 1685
f 1646 1685 1686
f 1676 1864 1677
f 1677 1864 1678
f 1678 1864 1679
f 1679 1864 1680
f 1680 1864 1681
f 1681 1864 1682
f 1682 1864 1683
f 1683 1864 1684
f 1684 1864 1685
f 1685 1864 1686
f 1686 1864 1750
f 1749 1750 1864
f 1749 1864 1977
f 1055 1056 1703
f 1053 1054 1703
f 1054 1055 1703
f 1056 1057 1703
f 1057 1058 1703
f 1058 1059 1703
f 1691 1692 1703
f 1694 1703 1695
f 1693 1696 1703
f 1692 1693 1703
f 1695 1703 1696
f 1687 1688 1703
f 1059 1687 1703
f 1688 1689 1703
f 1689 1690 1703
f 1690 1691 1703
f 1687 1719 1688
f 1688 1720 1689
f 1689 1721 1690
f 1690 1722 1691
f 1691 1723 1692
f 1059 1095 1687
f 1692 1724 1693
f 1693 1725 1696
f 1694 1726 1697
f 1694 1695 1727
f 1695 1696 1728
f 1063 1699 1698
f 1063 1701 1699
f 1699 1701 1700
f 1063 1703 1701
f 1063 1698 1730
f 1698 1699 1731
f 1699 1700 1732
f 1700 1701 1733
f 1701 1706 1738
f 1694 1697 1703
f 1702 1707 1703
f 1703 1705 1704
f 1703 1710 1705
f 1702 1734 1707
f 1702 1703 1735
f 1703 1704 1736
f 1705 1709 1741
f 1704 1705 1737
f 1701 1707 1706
f 1701 1703 1707
f 1706 1707 1739
f 1644 1714 1703
f 1708 1712 1714
f 1705 1710 1709
f 1703 1714 1710
f 1710 1712 1711
f 1710 1714 1712
f 1644 1717 1714
f 1713 1716 1717
f 1714 1716 1715
f 1714 1717 1716
f 1646 1718 1717
f 1708 1740 1712
f 1709 1710 1742
f 1710 1711 1743
f 1711 1712 1744
f 1713 1745 1716
f 1714 1715 1747
f 1708 1714 1746
f 1715 1716 1748
f 1646 1686 1718
f 1717 1718 1750
f 1713 1717 1749
f 1095 1719 1687
f 1688 1719 1720
f 1690 1721 1722
f 1689 1720 1721
f 1691 1722 1723
f 1693 1724 1725
f 1695 1728 1727
f 1697 1726 1729
f 1694 1727 1726
f 1696 1725 1728
f 1692 1723 1724
f 1063 1730 1099
f 1699 1732 1731
f 1698 1731 1730
f 1700 1733 1732
f 1701 1738 1733
f 1707 1734 1739
f 1702 1735 1734
f 1703 1736 1735
f 1704 1737 1736
f 1705 1741 1737
f 1706 1739 1738
f 1099 1730 1977
f 1730 1731 1977
f 1731 1732 1977
f 1732 1733 1977
f 1733 1738 1977
f 1712 1740 1744
f 1708 1746 1740
f 1709 1742 1741
f 1710 1743 1742
f 1711 1744 1743
f 1716 1745 1748
f 1714 1747 1746
f 1715 1748 1747
f 1717 1750 1749
f 1686 1750 1718
f 1713 1749 1745
f 1736 1737 1977
f 1737 1741 1977
f 1742 1743 1977
f 1741 1742 1977
f 1743 1744 1977
f 1740 1977 1744
f 1738 1739 1977
f 1734 1977 1739
f 1734 1735 1977
f 1735 1736 1977
f 1740 1746 1977
f 1746 1747 1977
f 1745 1749 1977
f 1745 1977 1748
f 1747 1748 1977
f 1069 1070 2123
f 1070 1074 2123
f 1074 1077 2123
f 1077 1078 2123
f 1078 1085 2123
f 1085 1086 2123
f 1751 1754 1755
f 1751 1775 1752
f 1751 1758 1759
f 1751 1760 1758
f 1751 1761 1760
f 1751 1759 1775
f 1751 1752 1864
f 1752 1753 1864
f 1751 1864 1754
f 1752 1775 1753
f 1753 1775 1779
f 1753 1975 1864
f 1755 1756 1757
f 1755 1757 1764
f 1751 1762 1761
f 1751 1767 1762
f 1751 1768 1767
f 1751 1755 1798
f 1751 1769 1768
f 1751 1770 1769
f 1751 1771 1770
f 1751 1772 1771
f 1751 1773 1772
f 1751 1796 1773
f 1751 1797 1796
f 1751 1798 1797
f 1757 1763 1764
f 1755 1764 1794
f 1764 1765 1766
f 1764 1766 1794
f 1755 1799 1798
f 1755 1800 1799
f 1755 1801 1800
f 1755 1802 1801
f 1754 1865 1755
f 1755 1866 1756
f 1756 1868 1757
f 1757 1868 1763
f 1758 1869 1759
f 1758 1760 1871
f 1760 1761 1872
f 1761 1762 1873
f 1759 1870 1775
f 1763 1874 1764
f 1764 1875 1765
f 1765 1876 1766
f 1762 1767 1878
f 1767 1768 1879
f 1768 1769 1880
f 1769 1770 1881
f 1770 1771 1882
f 1771 1772 1883
f 1772 1773 1884
f 1774 1779 1775
f 1774 1776 1779
f 1776 1777 1779
f 1777 1778 1779
f 1778 1782 1779
f 1779 1782 1783
f 1779 1781 1780
f 1779 1783 1784
f 1779 1784 1785
f 1779 1785 1786
f 1779 1786 1787
f 1779 1787 1788
f 1779 1788 1818
f 1779 1792 1781
f 1781 1790 1789
f 1781 1792 1790
f 1790 1792 1791
f 1774 1775 1885
f 1774 1886 1776
f 1776 1887 1777
f 1777 1888 1778
f 1778 1889 1782
f 1779 1780 1891
f 1780 1781 1892
f 1782 1893 1783
f 1783 1894 1784
f 1784 1895 1785
f 1785 1896 1786
f 1786 1897 1787
f 1787 1898 1788
f 1788 1899 1818
f 1781 1789 1900
f 1789 1790 1901
f 1790 1791 1902
f 1791 1792 1903
f 1766 1793 1794
f 1755 1794 1848
f 1794 1795 1805
f 1794 1805 1807
f 1805 1806 1807
f 1794 1807 1848
f 1807 1808 1846
f 1755 2100 1802
f 1755 1848 2100
f 1766 1877 1793
f 1793 1904 1794
f 1794 1905 1795
f 1795 1906 1805
f 1773 1796 1907
f 1796 1797 1908
f 1797 1798 1909
f 1798 1799 1910
f 1799 1800 1911
f 1800 1801 1912
f 1801 1802 1913
f 1802 1803 1914
f 1803 1804 1915
f 1805 1916 1806
f 1806 1917 1807
f 1807 1918 1808
f 1804 1809 1920
f 1809 1810 1921
f 1810 1811 1922
f 1811 1812 1923
f 1812 1813 1924
f 1813 1814 1925
f 1814 1815 1926
f 1815 1816 1927
f 1816 1817 1928
f 1817 1839 1950
f 1779 1855 1792
f 1792 1828 1827
f 1792 1842 1828
f 1828 1842 1829
f 1779 1818 2100
f 1820 1821 2100
f 1821 1823 2100
f 1823 1824 2100
f 1818 1819 2100
f 1819 1820 2100
f 1779 2100 1855
f 1792 1855 1842
f 1842 1844 1843
f 1842 1855 1844
f 1844 1855 1845
f 1818 1929 1819
f 1819 1930 1820
f 1820 1931 1821
f 1821 1932 1823
f 1823 1934 1824
f 1824 1935 1825
f 1825 1936 1826
f 1822 1826 1937
f 1792 1827 1938
f 1827 1828 1939
f 1828 1829 1940
f 1822 1933 1830
f 1830 1941 1831
f 1831 1942 1832
f 1832 1943 1836
f 1834 1945 1841
f 1834 1835 1946
f 1833 1944 1835
f 1836 1947 1837
f 1837 1948 1838
f 1833 1838 1949
f 1839 1840 1951
f 1840 1841 1952
f 1829 1842 1953
f 1842 1843 1954
f 1843 1844 1955
f 1844 1845 1956
f 1807 1846 1848
f 1846 1847 1848
f 1802 2100 1803
f 1803 2100 1804
f 1804 2100 1809
f 1809 2100 1810
f 1810 2100 1811
f 1811 2100 1812
f 1812 2100 1813
f 1813 2100 1814
f 1814 2100 1815
f 1848 1849 1850
f 1848 1850 1852
f 1850 1851 1852
f 1848 1852 2088
f 1852 1853 1854
f 1852 1854 2088
f 1848 2088 2100
f 1808 1919 1846
f 1846 1957 1847
f 1847 1958 1848
f 1848 1959 1849
f 1849 1960 1850
f 1850 1961 1851
f 1851 1962 1852
f 1852 1963 1853
f 1853 1964 1854
f 1854 1965 2087
f 1824 1825 2100
f 1825 1826 2100
f 1822 2100 1826
f 1822 1830 2100
f 1833 2100 1838
f 1830 1831 2100
f 1831 1832 2100
f 1836 1837 2100
f 1832 1836 2100
f 1837 1838 2100
f 1815 2100 1816
f 1816 2100 1817
f 1817 2100 1839
f 1839 2100 1840
f 1840 2100 1841
f 1834 2100 1835
f 1834 1841 2100
f 1833 1835 2100
f 1855 1857 1856
f 1855 1862 1857
f 1857 1862 1858
f 1855 2100 1861
f 1859 1862 1861
f 1859 1861 1860
f 1855 1861 1862
f 1859 1863 1862
f 1845 1855 1966
f 1855 1856 1967
f 1856 1857 1968
f 1857 1858 1969
f 1859 1860 1971
f 1860 1861 1972
f 1858 1862 1973
f 1862 1863 1974
f 1859 1970 1863
f 1868 1291 1874
f 1875 1292 1876
f 1874 1292 1875
f 1876 1293 1877
f 1877 1293 1904
f 1904 1298 1905
f 1905 1298 1906
f 1754 1864 1865
f 1755 1865 1866
f 1756 1866 1867
f 1756 1867 1868
f 1759 1869 1870
f 1758 1871 1869
f 1760 1872 1871
f 1761 1873 1872
f 1762 1878 1873
f 1763 1868 1874
f 1764 1874 1875
f 1765 1875 1876
f 1766 1876 1877
f 1767 1879 1878
f 1768 1880 1879
f 1769 1881 1880
f 1770 1882 1881
f 1771 1883 1882
f 1772 1884 1883
f 1773 1907 1884
f 1865 1867 1866
f 1865 1868 1867
f 1869 1871 1870
f 1870 1871 1872
f 1870 1872 1873
f 1870 1873 1878
f 1870 1878 1879
f 1870 1879 1880
f 1870 1880 1881
f 1870 1881 1882
f 1870 1882 1883
f 1870 1883 1884
f 1870 1884 1907
f 1870 1907 1908
f 1870 1908 1909
f 1870 1909 1910
f 1870 1910 1911
f 1870 1911 1912
f 1870 1912 1913
f 1775 1870 1885
f 1774 1885 1886
f 1776 1886 1887
f 1777 1887 1888
f 1778 1888 1889
f 1779 1891 1890
f 1780 1892 1891
f 1781 1900 1892
f 1782 1889 1893
f 1783 1893 1894
f 1784 1894 1895
f 1785 1895 1896
f 1786 1896 1897
f 1787 1897 1898
f 1788 1898 1899
f 1789 1901 1900
f 1790 1902 1901
f 1791 1903 1902
f 1870 1886 1885
f 1870 1887 1886
f 1870 1888 1887
f 1870 1889 1888
f 1870 1893 1889
f 1870 1894 1893
f 1870 1895 1894
f 1870 1896 1895
f 1870 1897 1896
f 1870 1898 1897
f 1870 1899 1898
f 1870 1929 1899
f 1870 1930 1929
f 1870 1931 1930
f 1870 1932 1931
f 1870 1934 1932
f 1870 1935 1934
f 1870 1936 1935
f 1877 1904 1793
f 1794 1904 1905
f 1795 1905 1906
f 1796 1908 1907
f 1797 1909 1908
f 1798 1910 1909
f 1799 1911 1910
f 1800 1912 1911
f 1801 1913 1912
f 1802 1914 1913
f 1803 1915 1914
f 1805 1906 1916
f 1806 1916 1917
f 1807 1917 1918
f 1808 1918 1919
f 1804 1920 1915
f 1809 1921 1920
f 1810 1922 1921
f 1811 1923 1922
f 1812 1924 1923
f 1813 1925 1924
f 1814 1926 1925
f 1815 1927 1926
f 1816 1928 1927
f 1817 1950 1928
f 1870 1913 1914
f 1870 1914 1915
f 1870 1915 1920
f 1870 1920 1921
f 1870 1921 1922
f 1870 1922 1923
f 1870 1923 1924
f 1870 1924 1925
f 1870 1925 1926
f 1870 1926 1927
f 1870 1927 1928
f 1870 1945 1946
f 1870 1946 1944
f 1870 1944 1949
f 1870 1928 1950
f 1870 1950 1951
f 1870 1951 1952
f 1870 1952 1945
f 1899 1929 1818
f 1819 1929 1930
f 1820 1930 1931
f 1821 1931 1932
f 1823 1932 1934
f 1824 1934 1935
f 1825 1935 1936
f 1826 1936 1937
f 1822 1937 1933
f 1792 1938 1903
f 1827 1939 1938
f 1828 1940 1939
f 1829 1953 1940
f 1830 1933 1941
f 1831 1941 1942
f 1832 1942 1943
f 1841 1945 1952
f 1833 1949 1944
f 1834 1946 1945
f 1835 1944 1946
f 1836 1943 1947
f 1837 1947 1948
f 1838 1948 1949
f 1839 1951 1950
f 1840 1952 1951
f 1842 1954 1953
f 1843 1955 1954
f 1844 1956 1955
f 1870 1937 1936
f 1870 1942 1941
f 1870 1933 1937
f 1870 1941 1933
f 1870 1943 1942
f 1870 1947 1943
f 1870 1949 1948
f 1870 1948 1947
f 1846 1919 1957
f 1847 1957 1958
f 1848 1958 1959
f 1849 1959 1960
f 1850 1960 1961
f 1851 1961 1962
f 1852 1962 1963
f 1853 1963 1964
f 1854 1964 1965
f 1845 1966 1956
f 1855 1967 1966
f 1856 1968 1967
f 1857 1969 1968
f 1859 1971 1970
f 1860 1972 1971
f 1861 2112 1972
f 1858 1973 1969
f 1862 1974 1973
f 1863 1970 1974
f 1753 1779 1975
f 1779 1976 1975
f 1975 1976 1978
f 1779 1978 1976
f 528 2123 2121
f 1864 1975 1977
f 1975 1978 1977
f 1779 1890 1978
f 1890 1891 1978
f 1891 1892 1978
f 1892 1900 1978
f 1900 1901 1978
f 1901 1902 1978
f 1902 1903 1978
f 1903 1938 1978
f 1938 1939 1978
f 1939 1940 1978
f 1086 1087 2123
f 1087 1088 2123
f 1088 1096 2123
f 1096 1097 2123
f 1097 1098 2123
f 1098 1099 2123
f 1940 1953 1978
f 1953 1954 1978
f 1099 1977 2123
f 2070 1514 1510
f 2070 1518 1514
f 2071 1519 1518
f 2073 1521 1520
f 2072 1520 1551
f 2069 2078 775
f 2080 1549 1519
f 2081 1551 1549
f 1552 2074 1553
f 2082 1552 1521
f 2078 2079 1198
f 2070 1198 2079
f 2082 2074 1552
f 1554 2075 1579
f 1980 2084 1979
f 1979 2084 1981
f 1906 1987 1992
f 1906 1992 1993
f 1906 1993 1994
f 1906 1994 1995
f 1906 1995 1999
f 1906 1999 2000
f 1906 2000 2001
f 1906 2001 2002
f 1906 2002 2034
f 1906 2034 2035
f 1906 2035 2036
f 1906 2045 2084
f 1906 2038 2039
f 1906 2044 2045
f 1906 2039 2044
f 1906 2036 2037
f 1906 2037 2038
f 1906 2082 1916
f 1916 2082 1917
f 1917 2082 1918
f 1918 2082 1919
f 1919 2082 1957
f 1957 2082 1958
f 1958 2082 1959
f 1959 2082 1960
f 2075 2083 1579
f 1981 2084 1988
f 1988 2084 1989
f 1989 2084 1990
f 1990 2084 1991
f 1991 2084 1996
f 1996 2084 1997
f 1997 2084 1998
f 1998 2084 2027
f 2027 2084 2028
f 2028 2084 2029
f 2029 2084 2030
f 2030 2084 2031
f 2031 2084 2032
f 2032 2084 2033
f 2033 2084 2040
f 2040 2084 2041
f 2041 2084 2042
f 2042 2084 2043
f 2043 2084 2046
f 2046 2084 2047
f 2047 2084 2045
f 1906 2084 2082
f 1960 2082 1961
f 1961 2082 1962
f 1962 2082 1963
f 1963 2082 1964
f 1964 2082 1965
f 1965 2082 2104
f 2082 2105 2104
f 2070 2071 1518
f 2071 2080 1519
f 2072 2073 1520
f 2073 2082 1521
f 2069 2070 2079
f 2071 2072 2081
f 1106 2122 1107
f 2080 2081 1549
f 2072 1551 2081
f 2082 2075 2074
f 2082 2083 2075
f 2082 2084 2083
f 2069 2079 2078
f 2071 2081 2080
f 1107 2122 1108
f 1108 2122 1109
f 1109 2122 1110
f 1110 2122 2069
f 2069 2122 2070
f 2070 2122 2071
f 2071 2122 2072
f 2072 2122 2073
f 2073 2123 2082
f 1117 2121 2122
f 1854 2087 2088
f 2088 2089 2090
f 2088 2090 2092
f 2088 2092 2100
f 2090 2091 2092
f 2092 2093 2098
f 2087 2104 2088
f 2088 2105 2089
f 2089 2106 2090
f 2090 2107 2091
f 2091 2108 2092
f 2092 2109 2093
f 2093 2110 2098
f 1861 2097 2094
f 1861 2094 2095
f 1861 2100 2097
f 2094 2097 2096
f 2092 2098 2100
f 2098 2099 2100
f 2097 2100 2101
f 2097 2101 2102
f 2100 2103 2101
f 2094 2111 2095
f 1861 2095 2112
f 2094 2096 2113
f 2096 2097 2114
f 2098 2115 2099
f 2099 2116 2100
f 2100 2117 2103
f 2097 2102 2119
f 2101 2118 2102
f 2101 2103 2120
f 1965 2104 2087
f 2088 2104 2105
f 2089 2105 2106
f 2090 2106 2107
f 2091 2107 2108
f 2092 2108 2109
f 2093 2109 2110
f 2098 2110 2115
f 2095 2111 2112
f 2094 2113 2111
f 2096 2114 2113
f 2097 2119 2114
f 2099 2115 2116
f 2100 2116 2117
f 2101 2120 2118
f 2102 2118 2119
f 2103 2117 2120
f 2082 2106 2105
f 2082 2107 2106
f 2082 2108 2107
f 2082 2109 2108
f 2082 2110 2109
f 2082 2115 2110
f 2082 2116 2115
f 1966 1967 2123
f 1967 1968 2123
f 1968 1969 2123
f 1954 2123 1978
f 1954 1955 2123
f 1955 1956 2123
f 1956 1966 2123
f 1977 1978 2123
f 1969 1973 2123
f 1973 1974 2123
f 1970 2123 1974
f 1970 1971 2123
f 1971 1972 2123
f 1972 2112 2123
f 2111 2123 2112
f 2111 2113 2123
f 2113 2114 2123
f 2118 2120 2123
f 2114 2119 2123
f 2118 2123 2119
f 2116 2123 2117
f 2117 2123 2120
f 2073 2122 2123
f 2082 2123 2116
f 2121 2123 2122
f 12 27 13
f 14 15 49
f 18 19 76
f 12 26 27
f 49 15 50
f 51 26 25
f 51 52 26
f 53 27 26
f 53 75 27
f 52 53 26
f 54 25 28
f 58 28 32
f 55 32 29
f 56 29 30
f 57 30 31
f 59 34 33
f 60 35 34
f 61 36 35
f 62 38 36
f 64 37 38
f 51 25 54
f 51 54 58
f 51 65 52
f 51 60 59
f 51 61 60
f 51 59 65
f 54 28 58
f 58 32 55
f 55 29 56
f 56 30 57
f 58 55 56
f 58 56 170
f 56 57 170
f 59 60 34
f 59 33 65
f 60 61 35
f 61 62 36
f 64 63 37
f 62 64 38
f 51 62 61
f 51 63 64
f 51 64 62
f 51 174 63
f 51 175 174
f 51 58 186
f 51 176 175
f 51 177 176
f 51 178 177
f 51 179 178
f 51 180 179
f 51 185 180
f 65 33 39
f 66 39 40
f 67 41 49
f 67 45 41
f 68 40 42
f 69 42 43
f 70 43 44
f 72 44 46
f 71 47 45
f 73 48 47
f 67 49 50
f 52 65 53
f 53 65 67
f 53 67 77
f 65 39 66
f 67 71 45
f 66 40 68
f 68 42 69
f 69 43 70
f 70 44 72
f 71 73 47
f 73 74 48
f 65 66 67
f 66 68 67
f 67 68 69
f 67 73 71
f 67 196 73
f 73 196 74
f 67 50 78
f 77 17 16
f 77 16 75
f 77 19 17
f 78 76 19
f 53 77 75
f 77 78 19
f 78 50 76
f 67 78 77
f 170 31 79
f 171 79 80
f 172 80 81
f 173 81 82
f 63 83 37
f 174 84 83
f 175 85 84
f 176 86 85
f 177 87 86
f 178 88 87
f 179 89 88
f 180 94 89
f 181 82 90
f 182 90 91
f 183 91 92
f 184 92 93
f 218 93 127
f 185 95 94
f 186 96 95
f 187 97 96
f 188 98 97
f 189 99 98
f 190 100 99
f 191 101 100
f 192 102 101
f 193 131 102
f 57 31 170
f 170 79 171
f 171 80 172
f 172 81 173
f 173 82 181
f 58 170 181
f 170 171 172
f 170 172 181
f 172 173 181
f 63 174 83
f 174 175 84
f 175 176 85
f 176 177 86
f 177 178 87
f 178 179 88
f 179 180 89
f 51 186 185
f 58 187 186
f 181 90 182
f 182 91 183
f 183 92 184
f 184 93 218
f 58 181 236
f 181 182 183
f 181 183 218
f 183 184 218
f 180 185 94
f 185 186 95
f 186 187 96
f 187 188 97
f 188 189 98
f 189 190 99
f 190 191 100
f 191 192 101
f 192 193 102
f 58 236 187
f 187 236 188
f 188 236 189
f 194 46 103
f 195 103 104
f 74 105 48
f 197 104 106
f 200 106 109
f 196 107 105
f 199 112 108
f 201 109 110
f 203 110 112
f 198 111 107
f 202 113 111
f 204 118 113
f 205 108 114
f 206 114 115
f 207 115 116
f 208 116 117
f 209 119 118
f 210 125 119
f 211 117 120
f 212 120 121
f 213 121 122
f 214 122 123
f 215 123 124
f 216 126 125
f 217 159 126
f 72 46 194
f 194 103 195
f 74 196 105
f 195 104 197
f 197 106 200
f 196 198 107
f 203 112 199
f 199 108 205
f 200 109 201
f 201 110 203
f 198 202 111
f 202 204 113
f 67 209 196
f 196 202 198
f 67 69 254
f 196 209 202
f 69 70 254
f 70 72 254
f 72 194 254
f 202 209 204
f 205 114 206
f 206 115 207
f 207 116 208
f 208 117 211
f 204 209 118
f 209 210 119
f 211 120 212
f 213 212 121
f 213 122 214
f 214 123 215
f 246 215 124
f 210 216 125
f 216 217 126
f 217 250 159
f 194 195 254
f 195 197 254
f 67 254 209
f 197 200 254
f 200 201 254
f 201 203 254
f 209 216 210
f 203 199 254
f 199 205 254
f 205 206 254
f 209 250 216
f 206 207 254
f 207 208 254
f 208 211 254
f 216 250 217
f 219 127 128
f 220 128 129
f 221 129 130
f 236 130 145
f 222 132 131
f 223 133 132
f 224 134 133
f 225 135 134
f 226 136 135
f 227 137 136
f 228 138 137
f 229 139 138
f 230 140 139
f 231 141 140
f 232 143 141
f 234 144 143
f 235 142 144
f 237 145 146
f 238 146 147
f 239 147 148
f 240 148 149
f 241 149 150
f 242 150 151
f 218 127 219
f 219 128 220
f 220 129 221
f 221 130 236
f 181 218 236
f 218 219 220
f 218 220 236
f 220 221 236
f 193 222 131
f 222 223 132
f 223 224 133
f 224 225 134
f 225 226 135
f 226 227 136
f 227 228 137
f 228 229 138
f 229 230 139
f 230 231 140
f 231 232 141
f 235 233 142
f 232 234 143
f 235 144 234
f 236 145 237
f 189 236 190
f 190 236 191
f 191 236 192
f 192 236 193
f 193 236 222
f 222 236 223
f 223 236 224
f 224 236 225
f 225 236 226
f 226 236 227
f 227 236 228
f 228 236 229
f 229 236 230
f 230 236 231
f 231 236 232
f 232 236 234
f 235 234 236
f 235 236 254
f 237 146 238
f 238 147 239
f 239 148 240
f 240 149 241
f 241 150 242
f 242 151 280
f 236 237 238
f 236 238 240
f 238 239 240
f 236 289 254
f 236 240 281
f 240 241 242
f 240 242 281
f 236 281 289
f 243 155 152
f 244 152 153
f 245 153 154
f 246 124 155
f 248 156 157
f 247 154 156
f 233 158 142
f 249 157 158
f 250 160 159
f 251 161 160
f 252 162 161
f 253 163 162
f 254 164 163
f 255 166 164
f 257 165 166
f 256 167 165
f 258 168 167
f 259 169 168
f 260 276 169
f 244 243 152
f 245 244 153
f 246 155 243
f 247 156 248
f 249 248 157
f 245 154 247
f 233 249 158
f 250 251 160
f 251 252 161
f 252 253 162
f 253 254 163
f 214 215 254
f 246 254 215
f 246 243 254
f 245 247 254
f 244 254 243
f 245 254 244
f 211 212 254
f 213 254 212
f 213 214 254
f 209 254 250
f 250 252 251
f 250 254 252
f 249 254 248
f 247 248 254
f 235 254 233
f 233 254 249
f 252 254 253
f 254 255 164
f 255 257 166
f 257 256 165
f 258 167 256
f 258 259 168
f 259 260 169
f 254 257 255
f 254 258 257
f 257 258 256
f 254 289 291
f 254 291 258
f 258 260 259
f 291 260 258
f 280 151 261
f 281 261 262
f 282 262 263
f 283 263 264
f 284 264 265
f 285 265 266
f 286 266 267
f 287 267 268
f 288 268 269
f 289 269 270
f 290 270 271
f 280 261 281
f 281 262 282
f 282 263 283
f 283 264 284
f 284 265 285
f 285 266 286
f 286 267 287
f 287 268 288
f 288 269 289
f 289 270 290
f 242 280 281
f 281 282 283
f 281 283 285
f 283 284 285
f 281 285 289
f 285 286 287
f 285 287 289
f 287 288 289
f 296 289 290
f 295 272 276
f 291 274 272
f 294 278 275
f 293 273 274
f 292 275 273
f 296 271 277
f 298 277 279
f 297 279 278
f 291 272 295
f 291 293 274
f 297 278 294
f 292 273 293
f 292 294 275
f 295 276 260
f 296 290 271
f 296 277 298
f 298 279 297
f 291 289 297
f 291 297 292
f 291 292 293
f 297 294 292
f 291 295 260
f 296 297 289
f 296 298 297
f 340 312 307
f 341 309 308
f 342 313 309
f 345 310 312
f 343 311 310
f 344 308 311
f 346 314 313
f 347 318 314
f 348 307 315
f 349 315 316
f 350 316 317
f 341 342 309
f 342 346 313
f 345 343 310
f 343 344 311
f 344 341 308
f 345 312 340
f 346 347 314
f 340 307 348
f 348 315 349
f 349 316 350
f 350 317 357
f 345 340 348
f 345 344 343
f 345 342 344
f 344 342 341
f 342 347 346
f 342 352 347
f 348 349 350
f 345 348 350
f 345 350 342
f 351 319 318
f 352 320 319
f 353 321 320
f 354 322 321
f 355 323 322
f 347 351 318
f 351 352 319
f 352 353 320
f 353 354 321
f 354 355 322
f 355 356 323
f 347 352 351
f 342 356 352
f 352 354 353
f 352 356 354
f 354 356 355
f 358 324 325
f 357 317 324
f 359 325 326
f 360 326 327
f 361 327 328
f 362 331 329
f 392 329 373
f 363 328 330
f 364 330 331
f 358 357 324
f 358 325 359
f 359 326 360
f 360 327 361
f 358 350 357
f 358 360 350
f 358 359 360
f 350 362 342
f 350 360 362
f 360 361 363
f 362 329 392
f 361 328 363
f 363 330 364
f 364 331 362
f 360 363 362
f 363 364 362
f 356 332 323
f 365 333 332
f 366 334 333
f 367 335 334
f 368 336 335
f 369 337 336
f 370 338 337
f 371 339 338
f 372 380 339
f 356 365 332
f 365 366 333
f 366 367 334
f 367 368 335
f 368 369 336
f 356 366 365
f 342 372 356
f 356 368 366
f 366 368 367
f 356 372 368
f 369 370 337
f 370 371 338
f 371 372 339
f 368 370 369
f 368 372 370
f 370 372 371
f 404 300 299
f 404 301 300
f 404 299 384
f 411 302 301
f 412 303 302
f 413 304 303
f 414 305 304
f 415 306 305
f 416 417 306
f 393 373 374
f 394 374 375
f 395 375 376
f 396 376 377
f 397 377 378
f 398 378 379
f 392 373 393
f 393 374 394
f 394 375 395
f 362 392 393
f 362 393 395
f 393 394 395
f 342 362 470
f 395 376 396
f 396 377 397
f 397 378 398
f 362 395 405
f 395 396 397
f 395 397 405
f 397 398 405
f 399 381 380
f 400 382 381
f 401 383 382
f 402 385 383
f 403 384 385
f 372 399 380
f 399 400 381
f 372 400 399
f 342 478 372
f 372 402 400
f 400 401 382
f 400 402 401
f 401 402 383
f 402 403 385
f 403 404 384
f 372 412 402
f 402 404 403
f 402 412 404
f 405 379 386
f 406 386 387
f 407 387 388
f 408 388 389
f 409 389 390
f 410 390 391
f 398 379 405
f 405 386 406
f 406 387 407
f 405 406 407
f 362 405 470
f 405 407 409
f 407 388 408
f 408 389 409
f 409 390 410
f 407 408 409
f 405 409 470
f 409 410 468
f 404 411 301
f 411 412 302
f 412 413 303
f 413 414 304
f 414 415 305
f 415 416 306
f 342 470 478
f 404 412 411
f 372 478 412
f 412 414 413
f 412 416 414
f 414 416 415
f 412 478 416
f 422 421 450
f 423 455 424
f 466 425 426
f 427 494 428
f 430 431 496
f 498 432 773
f 433 501 434
f 503 435 436
f 438 437 508
f 439 440 509
f 512 442 775
f 475 418 417
f 476 419 418
f 477 420 419
f 423 454 455
f 478 421 420
f 479 450 421
f 466 426 467
f 468 391 443
f 469 443 444
f 470 444 445
f 471 445 446
f 472 446 447
f 473 447 448
f 474 448 449
f 410 391 468
f 468 443 469
f 469 444 470
f 409 468 470
f 468 469 470
f 470 445 471
f 471 446 472
f 472 447 473
f 473 448 474
f 470 471 472
f 470 472 474
f 472 473 474
f 470 474 486
f 416 475 417
f 475 476 418
f 476 477 419
f 477 478 420
f 479 451 450
f 478 479 421
f 480 452 451
f 481 453 452
f 482 454 453
f 482 455 454
f 482 493 455
f 416 476 475
f 416 478 476
f 476 478 477
f 470 486 478
f 479 480 451
f 480 481 452
f 482 453 481
f 478 480 479
f 478 482 480
f 480 482 481
f 483 449 456
f 484 456 457
f 485 457 458
f 486 458 459
f 487 459 460
f 488 460 461
f 489 461 462
f 490 462 463
f 474 449 483
f 483 456 484
f 484 457 485
f 485 458 486
f 486 459 487
f 474 483 484
f 474 484 486
f 484 485 486
f 486 487 488
f 487 460 488
f 488 461 489
f 489 462 490
f 486 488 491
f 488 489 490
f 488 490 491
f 491 463 464
f 492 464 465
f 492 465 466
f 492 466 467
f 492 467 496
f 486 491 478
f 491 482 478
f 490 463 491
f 491 464 492
f 427 493 494
f 429 495 789
f 431 497 496
f 482 494 493
f 482 495 494
f 482 823 495
f 491 842 482
f 491 492 842
f 492 496 842
f 842 496 497
f 842 497 498
f 482 842 823
f 433 500 501
f 503 436 504
f 505 500 499
f 505 501 500
f 505 507 501
f 506 499 502
f 506 502 503
f 506 503 504
f 506 504 509
f 505 499 506
f 437 507 508
f 440 510 509
f 441 511 844
f 505 508 507
f 505 511 508
f 505 506 860
f 506 509 858
f 858 509 510
f 858 510 512
f 505 860 511
f 860 506 861
f 861 506 862
f 862 506 858
f 553 534 533
f 535 557 536
f 538 586 537
f 643 539 540
f 550 761 549
f 556 533 552
f 556 553 533
f 554 552 551
f 659 551 561
f 554 555 552
f 554 551 659
f 554 684 555
f 554 659 660
f 554 663 662
f 554 664 663
f 554 667 664
f 554 668 667
f 554 662 684
f 556 557 553
f 555 556 552
f 555 684 556
f 556 684 691
f 556 691 560
f 558 536 557
f 560 558 557
f 560 559 558
f 560 763 559
f 556 560 557
f 560 764 763
f 691 764 560
f 586 538 587
f 747 540 541
f 748 541 542
f 751 546 545
f 749 544 543
f 750 545 544
f 752 542 546
f 755 548 547
f 755 543 548
f 739 643 540
f 755 547 652
f 660 561 562
f 661 562 563
f 662 565 564
f 663 566 565
f 664 569 566
f 665 563 567
f 666 567 568
f 671 568 573
f 667 570 569
f 668 571 570
f 669 572 571
f 670 576 572
f 672 573 574
f 673 574 575
f 674 577 576
f 675 578 577
f 676 579 578
f 678 575 580
f 679 580 581
f 677 582 579
f 680 583 582
f 681 584 583
f 682 585 584
f 659 561 660
f 660 562 661
f 661 563 665
f 662 663 565
f 663 664 566
f 664 667 569
f 665 567 666
f 666 568 671
f 667 668 570
f 668 669 571
f 670 572 669
f 554 669 668
f 554 670 669
f 554 674 670
f 554 660 683
f 660 661 665
f 554 675 674
f 554 676 675
f 554 677 676
f 660 665 671
f 554 680 677
f 554 681 680
f 665 666 671
f 554 682 681
f 554 683 682
f 671 573 672
f 672 574 673
f 670 674 576
f 674 675 577
f 675 676 578
f 676 677 579
f 673 575 678
f 678 580 679
f 679 581 708
f 677 680 582
f 680 681 583
f 681 682 584
f 682 683 585
f 660 671 679
f 671 672 673
f 671 673 679
f 660 710 683
f 673 678 679
f 660 679 728
f 660 728 710
f 684 564 586
f 684 586 587
f 684 587 588
f 685 588 589
f 686 589 590
f 687 590 591
f 688 591 592
f 689 592 593
f 690 593 594
f 691 596 595
f 692 597 596
f 691 595 761
f 693 598 597
f 694 607 598
f 695 594 599
f 696 599 600
f 697 600 601
f 698 601 602
f 699 602 603
f 700 603 604
f 701 604 605
f 702 605 606
f 703 608 607
f 704 609 608
f 705 610 609
f 706 611 610
f 707 644 611
f 662 564 684
f 684 588 685
f 685 589 686
f 686 590 687
f 687 591 688
f 688 592 689
f 689 593 690
f 690 594 695
f 684 685 691
f 685 686 691
f 686 687 691
f 691 692 596
f 692 693 597
f 693 694 598
f 694 703 607
f 691 693 692
f 691 703 693
f 693 703 694
f 695 599 696
f 696 600 697
f 697 601 698
f 698 602 699
f 699 603 700
f 700 604 701
f 701 605 702
f 687 688 759
f 688 689 759
f 689 690 759
f 690 695 759
f 695 696 759
f 703 704 608
f 704 705 609
f 705 706 610
f 706 707 611
f 691 707 703
f 703 705 704
f 687 759 691
f 703 707 705
f 705 707 706
f 691 759 707
f 708 581 612
f 709 612 613
f 683 614 585
f 710 615 614
f 711 616 615
f 712 617 616
f 713 620 617
f 714 613 618
f 715 618 619
f 722 619 626
f 716 621 620
f 717 622 621
f 718 623 622
f 719 624 623
f 720 625 624
f 723 626 627
f 724 627 628
f 721 629 625
f 725 630 629
f 726 631 630
f 728 628 632
f 729 632 633
f 708 612 709
f 709 613 714
f 683 710 614
f 710 711 615
f 711 712 616
f 712 713 617
f 714 618 715
f 715 619 722
f 713 716 620
f 716 717 621
f 717 718 622
f 718 719 623
f 719 720 624
f 720 721 625
f 679 708 709
f 679 709 715
f 709 714 715
f 679 715 728
f 710 728 711
f 711 728 712
f 712 728 713
f 713 728 716
f 716 728 717
f 722 626 723
f 723 627 724
f 721 725 629
f 725 726 630
f 726 727 631
f 724 628 728
f 728 632 729
f 729 633 812
f 715 722 723
f 715 723 728
f 723 724 728
f 717 728 718
f 718 728 719
f 719 728 720
f 720 728 721
f 721 728 725
f 725 728 726
f 726 728 727
f 727 728 744
f 744 728 745
f 745 728 746
f 728 753 746
f 728 754 753
f 728 755 754
f 728 749 755
f 728 729 812
f 731 606 635
f 730 635 634
f 732 634 636
f 733 636 637
f 734 637 638
f 736 638 640
f 735 640 639
f 737 639 641
f 738 641 642
f 739 642 643
f 740 645 644
f 741 646 645
f 742 647 646
f 743 654 647
f 727 648 631
f 744 649 648
f 745 650 649
f 746 651 650
f 753 653 651
f 754 652 653
f 748 542 752
f 747 541 748
f 750 544 749
f 750 751 545
f 751 752 546
f 755 749 543
f 739 540 747
f 756 655 654
f 757 656 655
f 758 657 656
f 759 658 657
f 760 800 658
f 702 606 731
f 731 635 730
f 732 730 634
f 732 636 733
f 733 637 734
f 734 638 736
f 735 736 640
f 735 639 737
f 738 737 641
f 738 642 739
f 696 697 759
f 697 698 759
f 698 699 759
f 699 700 759
f 700 701 759
f 701 702 759
f 702 731 759
f 731 730 759
f 732 759 730
f 732 733 759
f 733 734 759
f 734 736 759
f 707 740 644
f 740 741 645
f 741 742 646
f 743 756 654
f 742 743 647
f 707 741 740
f 707 743 741
f 741 743 742
f 707 759 743
f 727 744 648
f 744 745 649
f 745 746 650
f 746 753 651
f 753 754 653
f 754 755 652
f 739 747 759
f 738 739 759
f 735 759 736
f 735 737 759
f 738 759 737
f 750 759 751
f 747 748 759
f 751 759 752
f 748 752 759
f 750 749 759
f 728 759 749
f 756 757 655
f 757 758 656
f 758 759 657
f 759 760 658
f 743 757 756
f 743 759 757
f 757 759 758
f 759 829 760
f 550 762 761
f 764 761 762
f 764 762 763
f 691 761 764
f 429 789 765
f 766 767 805
f 441 844 774
f 849 781 780
f 841 768 772
f 836 767 769
f 837 769 770
f 835 770 768
f 841 772 771
f 834 805 767
f 841 771 808
f 498 773 810
f 812 633 782
f 813 782 783
f 814 783 784
f 815 784 785
f 816 785 786
f 817 786 787
f 818 787 788
f 823 789 495
f 819 788 790
f 820 790 791
f 821 791 792
f 822 792 793
f 823 794 789
f 812 782 813
f 813 783 814
f 814 784 815
f 815 785 816
f 816 786 817
f 817 787 818
f 728 812 814
f 812 813 814
f 728 814 818
f 814 815 816
f 814 816 818
f 728 818 834
f 816 817 818
f 818 788 819
f 819 790 820
f 820 791 821
f 821 792 822
f 822 793 831
f 818 819 820
f 818 820 822
f 820 821 822
f 818 822 834
f 824 796 795
f 825 797 796
f 826 798 797
f 827 799 798
f 829 801 800
f 830 795 801
f 831 793 802
f 832 802 803
f 833 803 804
f 834 804 805
f 835 768 841
f 834 767 836
f 837 836 769
f 837 770 835
f 828 806 799
f 838 807 806
f 839 809 807
f 840 808 809
f 830 824 795
f 824 825 796
f 826 797 825
f 826 827 798
f 828 799 827
f 728 834 759
f 759 828 824
f 759 834 828
f 826 825 824
f 826 824 828
f 826 828 827
f 760 829 800
f 830 801 829
f 759 824 829
f 830 829 824
f 831 802 832
f 832 803 833
f 833 804 834
f 838 806 828
f 839 840 809
f 839 807 838
f 841 808 840
f 822 831 832
f 822 832 834
f 832 833 834
f 837 835 841
f 837 834 836
f 837 841 834
f 839 838 828
f 834 841 828
f 841 840 839
f 841 839 828
f 823 811 794
f 842 498 810
f 842 810 811
f 823 842 811
f 512 775 845
f 860 777 776
f 860 778 777
f 861 779 778
f 862 780 779
f 860 776 848
f 863 849 780
f 860 844 511
f 860 848 844
f 858 512 845
f 858 845 846
f 859 846 847
f 1146 847 1120
f 859 858 846
f 859 847 1146
f 859 1146 858
f 860 861 778
f 861 862 779
f 862 863 780
f 863 850 849
f 864 851 850
f 865 852 851
f 866 853 852
f 867 854 853
f 868 855 854
f 869 856 855
f 870 857 856
f 871 1127 857
f 863 864 850
f 864 865 851
f 865 866 852
f 866 867 853
f 862 864 863
f 862 866 864
f 864 866 865
f 862 870 866
f 866 868 867
f 867 868 854
f 868 869 855
f 869 870 856
f 866 870 868
f 868 870 869
f 862 1159 870
f 870 871 857
f 870 1153 871
f 873 876 872
f 873 874 876
f 874 875 876
f 875 877 876
f 1147 1120 1121
f 1148 1121 1122
f 1149 1122 1123
f 1150 1123 1124
f 1151 1124 1125
f 1152 1125 1126
f 1146 1120 1147
f 1147 1121 1148
f 1148 1122 1149
f 1149 1123 1150
f 858 1146 1148
f 1146 1147 1148
f 858 1148 1152
f 1148 1149 1150
f 862 858 1206
f 1150 1124 1151
f 1151 1125 1152
f 1152 1126 1160
f 1148 1150 1152
f 1150 1151 1152
f 858 1152 1206
f 1153 1128 1127
f 1154 1129 1128
f 1155 1130 1129
f 1156 1131 1130
f 1157 1132 1131
f 1158 1133 1132
f 871 1153 1127
f 1153 1154 1128
f 1154 1155 1129
f 1155 1156 1130
f 870 1155 1153
f 1153 1155 1154
f 870 1159 1155
f 1155 1157 1156
f 1156 1157 1131
f 1157 1158 1132
f 1158 1159 1133
f 1155 1159 1157
f 1157 1159 1158
f 1160 1126 1134
f 1161 1134 1135
f 1162 1135 1136
f 1163 1136 1137
f 1164 1137 1138
f 1165 1138 1139
f 1160 1134 1161
f 1161 1135 1162
f 1162 1136 1163
f 1152 1160 1161
f 1152 1161 1163
f 1161 1162 1163
f 1163 1137 1164
f 1164 1138 1165
f 1165 1139 1205
f 1152 1163 1206
f 1163 1164 1165
f 1163 1165 1206
f 1159 1140 1133
f 1166 1141 1140
f 1167 1142 1141
f 1168 1143 1142
f 1169 1144 1143
f 1170 1145 1144
f 1159 1166 1140
f 1166 1167 1141
f 1167 1168 1142
f 862 1227 1159
f 1159 1167 1166
f 1159 1169 1167
f 1167 1169 1168
f 862 1206 1227
f 1168 1169 1143
f 1169 1170 1144
f 1170 1171 1145
f 1159 1212 1169
f 1169 1171 1170
f 1169 1212 1171
f 1205 1139 1172
f 1206 1172 1173
f 1207 1173 1174
f 1208 1174 1175
f 1209 1175 1176
f 1210 1176 1177
f 1217 1177 1184
f 1205 1172 1206
f 1206 1173 1207
f 1207 1174 1208
f 1165 1205 1206
f 1206 1207 1208
f 1208 1175 1209
f 1209 1176 1210
f 1210 1177 1217
f 1206 1208 1210
f 1208 1209 1210
f 1206 1210 1220
f 1171 1178 1145
f 1211 1179 1178
f 1212 1180 1179
f 1213 1181 1180
f 1214 1182 1181
f 1215 1183 1182
f 1216 1191 1183
f 1171 1211 1178
f 1211 1212 1179
f 1212 1213 1180
f 1171 1212 1211
f 1159 1227 1212
f 1212 1214 1213
f 1213 1214 1181
f 1214 1215 1182
f 1215 1216 1183
f 1212 1216 1214
f 1214 1216 1215
f 1212 1227 1216
f 1218 1184 1185
f 1219 1185 1186
f 1220 1186 1187
f 1221 1187 1188
f 1222 1188 1189
f 1223 1189 1190
f 1217 1184 1218
f 1218 1185 1219
f 1219 1186 1220
f 1220 1187 1221
f 1210 1217 1218
f 1210 1218 1220
f 1206 1220 1532
f 1218 1219 1220
f 1221 1188 1222
f 1222 1189 1223
f 1223 1190 1228
f 1220 1221 1222
f 1220 1222 1228
f 1222 1223 1228
f 1224 1192 1191
f 1225 1193 1192
f 1226 1194 1193
f 1227 1199 1194
f 1228 1190 1195
f 1229 1195 1196
f 1230 1196 1197
f 1531 1197 1198
f 1231 1200 1199
f 1232 1201 1200
f 1233 1202 1201
f 1234 1203 1202
f 1235 1204 1203
f 1206 1532 1227
f 1216 1224 1191
f 1224 1225 1192
f 1225 1226 1193
f 1226 1227 1194
f 1216 1225 1224
f 1216 1227 1225
f 1225 1227 1226
f 1228 1195 1229
f 1229 1196 1230
f 1230 1197 1531
f 1220 1228 1532
f 1228 1229 1230
f 1228 1230 1532
f 1227 1532 1536
f 1227 1231 1199
f 1233 1201 1232
f 1231 1232 1200
f 1233 1234 1202
f 1234 1235 1203
f 1236 1204 1235
f 1227 1232 1231
f 1227 1234 1232
f 1227 1536 1234
f 1233 1232 1234
f 1234 1236 1235
f 1234 1536 1236
f 1239 1238 1237
f 1239 1240 1238
f 1328 872 1241
f 1329 1241 1242
f 1330 1245 1243
f 1331 1242 1244
f 1332 1246 1245
f 1333 1248 1246
f 1334 1244 1247
f 1335 1249 1248
f 1336 1251 1249
f 1337 1247 1250
f 1340 1250 1253
f 1338 1252 1251
f 1357 1253 1270
f 1339 1254 1252
f 1341 1255 1254
f 873 872 1328
f 1328 1241 1329
f 873 1328 1329
f 873 1332 1330
f 873 1333 1332
f 873 1335 1333
f 873 1336 1335
f 873 1338 1336
f 873 1339 1338
f 1329 1242 1331
f 1331 1244 1334
f 1330 1332 1245
f 1332 1333 1246
f 1337 1334 1247
f 1335 1248 1333
f 1335 1336 1249
f 1337 1250 1340
f 1336 1338 1251
f 1338 1339 1252
f 1340 1253 1357
f 1339 1341 1254
f 1341 1342 1255
f 873 1329 1367
f 1329 1331 1334
f 873 1341 1339
f 873 1342 1341
f 873 1358 1342
f 1340 1329 1334
f 873 1361 1358
f 873 1362 1361
f 873 1364 1362
f 1337 1340 1334
f 873 1365 1364
f 873 1367 1365
f 1340 1363 1329
f 1343 1243 1256
f 1345 1256 1258
f 1346 1258 1259
f 1344 1262 1257
f 1347 1259 1260
f 1348 1260 1261
f 1349 1263 1262
f 1350 1268 1263
f 1351 1261 1264
f 1352 1264 1265
f 1353 1265 1266
f 1354 1266 1267
f 1355 1269 1268
f 1356 1291 1269
f 1330 1243 1343
f 873 1343 874
f 873 1330 1343
f 874 1343 875
f 1343 1256 1345
f 875 1343 1344
f 1343 1345 1344
f 1345 1258 1346
f 1346 1259 1347
f 1344 1349 1262
f 1347 1260 1348
f 1348 1261 1351
f 1349 1350 1263
f 1351 1264 1352
f 1352 1265 1353
f 1353 1266 1354
f 1350 1355 1268
f 1355 1356 1269
f 1356 1378 1291
f 1345 1346 1344
f 1346 1347 1344
f 1344 1350 1349
f 1344 1356 1350
f 1350 1356 1355
f 1344 1385 1356
f 1359 1270 1272
f 1342 1271 1255
f 1358 1274 1271
f 1360 1272 1273
f 1361 1275 1274
f 1362 1277 1275
f 1363 1273 1276
f 1364 1278 1277
f 1365 1280 1278
f 1366 1276 1279
f 1367 1281 1280
f 1368 1283 1281
f 1369 1279 1282
f 1370 1284 1283
f 1371 1300 1284
f 1372 1282 1285
f 1373 1285 1286
f 1374 1286 1287
f 1463 1287 1417
f 1357 1270 1359
f 1342 1358 1271
f 1358 1361 1274
f 1359 1272 1360
f 1361 1362 1275
f 1362 1364 1277
f 1360 1273 1363
f 1364 1365 1278
f 1365 1367 1280
f 1363 1276 1366
f 1367 1368 1281
f 1368 1370 1283
f 1340 1357 1359
f 1329 1368 1367
f 1340 1359 1363
f 1359 1360 1363
f 1329 1363 1465
f 1329 1465 1368
f 1363 1366 1369
f 1366 1279 1369
f 1370 1371 1284
f 1371 1387 1300
f 1369 1282 1372
f 1372 1285 1373
f 1373 1286 1374
f 1374 1287 1463
f 1363 1369 1373
f 1369 1372 1373
f 1368 1465 1370
f 1363 1373 1465
f 1370 1465 1371
f 1371 1465 1387
f 1387 1465 1388
f 1373 1374 1463
f 1388 1465 1389
f 1389 1465 1392
f 1392 1465 1393
f 1393 1465 1394
f 1375 1267 1288
f 1376 1288 1289
f 1377 1289 1290
f 1381 1290 1294
f 1378 1292 1291
f 1379 1293 1292
f 1382 1294 1295
f 1383 1295 1296
f 1384 1296 1297
f 1408 1297 1321
f 1380 1298 1293
f 1385 1299 1298
f 1387 1301 1300
f 1388 1302 1301
f 1389 1305 1302
f 1391 1303 1304
f 1392 1306 1305
f 1393 1307 1306
f 1394 1308 1307
f 1395 1309 1308
f 1396 1310 1309
f 1397 1311 1310
f 1398 1312 1311
f 1400 1304 1313
f 1402 1313 1315
f 1401 1315 1314
f 1404 1320 1317
f 1403 1317 1316
f 1405 1314 1318
f 1406 1318 1319
f 1407 1319 1320
f 1409 1321 1322
f 1410 1322 1323
f 1390 1323 1303
f 1386 1324 1299
f 1411 1325 1324
f 1412 1326 1325
f 1413 1327 1326
f 1414 1435 1327
f 1354 1267 1375
f 1375 1288 1376
f 1376 1289 1377
f 1377 1290 1381
f 1378 1379 1292
f 1379 1380 1293
f 1381 1294 1382
f 1382 1295 1383
f 1383 1296 1384
f 1408 1384 1297
f 1380 1385 1298
f 1385 1386 1299
f 1347 1348 1480
f 1347 1480 1344
f 1356 1379 1378
f 1356 1385 1379
f 1379 1385 1380
f 1348 1351 1480
f 1351 1352 1480
f 1352 1353 1480
f 1353 1354 1480
f 1354 1375 1480
f 1375 1376 1480
f 1344 1480 1385
f 1385 1411 1386
f 1387 1388 1301
f 1388 1389 1302
f 1390 1303 1391
f 1400 1391 1304
f 1389 1392 1305
f 1392 1393 1306
f 1393 1394 1307
f 1394 1395 1308
f 1395 1396 1309
f 1396 1397 1310
f 1397 1398 1311
f 1398 1399 1312
f 1402 1400 1313
f 1405 1401 1314
f 1402 1315 1401
f 1404 1407 1320
f 1403 1404 1317
f 1405 1318 1406
f 1407 1406 1319
f 1394 1465 1395
f 1408 1321 1409
f 1409 1322 1410
f 1410 1323 1390
f 1386 1411 1324
f 1411 1412 1325
f 1413 1326 1412
f 1413 1414 1327
f 1414 1481 1435
f 1377 1381 1480
f 1381 1382 1480
f 1376 1377 1480
f 1382 1383 1480
f 1383 1384 1480
f 1408 1480 1384
f 1413 1411 1385
f 1413 1412 1411
f 1408 1409 1480
f 1409 1410 1480
f 1410 1390 1480
f 1400 1480 1391
f 1390 1391 1480
f 1402 1480 1400
f 1405 1480 1401
f 1402 1401 1480
f 1413 1385 1480
f 1413 1481 1414
f 1344 1257 1415
f 875 1344 877
f 1344 1415 1416
f 1344 1416 877
f 877 1415 876
f 877 1416 1415
f 1464 1417 1418
f 1465 1418 1419
f 1466 1419 1420
f 1467 1420 1421
f 1468 1421 1422
f 1469 1422 1423
f 1470 1423 1424
f 1471 1424 1425
f 1472 1425 1426
f 1463 1417 1464
f 1464 1418 1465
f 1465 1419 1466
f 1466 1420 1467
f 1467 1421 1468
f 1373 1463 1465
f 1463 1464 1465
f 1465 1466 1467
f 1465 1467 1469
f 1468 1422 1469
f 1469 1423 1470
f 1470 1424 1471
f 1471 1425 1472
f 1472 1426 1485
f 1467 1468 1469
f 1465 1469 1485
f 1469 1470 1471
f 1469 1471 1485
f 1471 1472 1485
f 1399 1427 1312
f 1473 1428 1427
f 1474 1429 1428
f 1475 1432 1429
f 1476 1431 1430
f 1477 1433 1431
f 1478 1430 1432
f 1479 1316 1433
f 1482 1434 1436
f 1481 1436 1435
f 1480 1437 1434
f 1483 1438 1437
f 1484 1443 1438
f 1485 1426 1439
f 1486 1439 1440
f 1487 1440 1441
f 1488 1461 1442
f 1489 1444 1443
f 1491 1446 1445
f 1490 1445 1444
f 1492 1447 1446
f 1493 1448 1447
f 1494 1449 1448
f 1495 1442 1449
f 1399 1473 1427
f 1473 1474 1428
f 1474 1475 1429
f 1478 1476 1430
f 1476 1477 1431
f 1475 1478 1432
f 1479 1433 1477
f 1479 1403 1316
f 1395 1465 1396
f 1465 1397 1396
f 1465 1398 1397
f 1465 1399 1398
f 1465 1473 1399
f 1465 1474 1473
f 1465 1475 1474
f 1465 1478 1475
f 1465 1476 1478
f 1465 1477 1476
f 1404 1480 1407
f 1479 1477 1480
f 1479 1480 1403
f 1403 1480 1404
f 1465 1480 1477
f 1482 1480 1434
f 1481 1482 1436
f 1480 1483 1437
f 1484 1438 1483
f 1484 1489 1443
f 1405 1406 1480
f 1407 1480 1406
f 1413 1480 1481
f 1481 1480 1482
f 1480 1484 1483
f 1480 1490 1484
f 1485 1439 1486
f 1486 1440 1487
f 1487 1441 1498
f 1488 1442 1495
f 1465 1485 1503
f 1465 1503 1480
f 1485 1486 1487
f 1485 1487 1499
f 1506 1488 1494
f 1490 1444 1489
f 1491 1492 1446
f 1491 1445 1490
f 1492 1493 1447
f 1494 1448 1493
f 1494 1495 1449
f 1484 1490 1489
f 1480 1494 1490
f 1480 1503 1494
f 1490 1494 1492
f 1491 1490 1492
f 1494 1493 1492
f 1494 1488 1495
f 1496 1451 1450
f 1496 1497 1451
f 1498 1441 1452
f 1499 1452 1453
f 1500 1453 1454
f 1501 1454 1455
f 1502 1455 1456
f 1503 1456 1457
f 1504 1457 1458
f 1508 1459 1462
f 1505 1458 1459
f 1507 1460 1461
f 1506 1462 1460
f 1498 1452 1499
f 1499 1453 1500
f 1500 1454 1501
f 1501 1455 1502
f 1502 1456 1503
f 1503 1457 1504
f 1504 1458 1505
f 1508 1505 1459
f 1506 1460 1507
f 1507 1461 1488
f 1508 1462 1506
f 1487 1498 1499
f 1485 1499 1503
f 1499 1500 1501
f 1499 1501 1503
f 1501 1502 1503
f 1503 1504 1505
f 1506 1503 1505
f 1506 1494 1503
f 1506 1507 1488
f 1508 1506 1505
f 1119 1509 1198
f 1530 1515 1514
f 1516 1544 1517
f 1551 1520 1521
f 1532 1509 1510
f 1533 1510 1511
f 1534 1511 1512
f 1534 1512 1513
f 1531 1198 1509
f 1534 1513 1524
f 1550 1514 1518
f 1542 1530 1514
f 1531 1509 1532
f 1532 1510 1533
f 1533 1511 1534
f 1535 1523 1522
f 1536 1528 1523
f 1537 1524 1525
f 1538 1525 1526
f 1539 1526 1527
f 1541 1527 1529
f 1540 1529 1528
f 1236 1522 1204
f 1535 1522 1236
f 1535 1536 1523
f 1534 1524 1537
f 1537 1525 1538
f 1538 1526 1539
f 1539 1527 1541
f 1541 1529 1540
f 1540 1528 1536
f 1230 1531 1532
f 1532 1533 1534
f 1532 1534 1538
f 1532 1538 1536
f 1535 1236 1536
f 1534 1537 1538
f 1538 1539 1541
f 1538 1541 1536
f 1541 1540 1536
f 1542 1543 1530
f 1542 1544 1543
f 1542 1514 1550
f 1542 1550 1547
f 1543 1544 1516
f 1240 1546 1238
f 1547 1237 1545
f 1239 1237 1547
f 1239 1548 1240
f 1240 1548 1546
f 1239 1547 1548
f 1542 1545 1544
f 1542 1547 1545
f 1550 1555 1547
f 1547 1555 1548
f 1548 1555 1568
f 1550 1518 1519
f 1550 1519 1549
f 1550 1549 1555
f 1551 1521 1552
f 1555 1549 1551
f 1555 1551 1552
f 1555 1552 1553
f 1497 1558 1451
f 1568 1450 1557
f 1496 1450 1568
f 1496 1569 1497
f 1497 1569 1558
f 1496 1568 1569
f 1548 1557 1546
f 1548 1568 1557
f 1568 1555 1576
f 1569 1559 1558
f 1570 1560 1559
f 1571 1561 1560
f 1572 1562 1561
f 1573 1563 1562
f 1574 1564 1563
f 1575 1565 1564
f 1576 1566 1565
f 1577 1567 1566
f 1569 1570 1559
f 1570 1571 1560
f 1569 1571 1570
f 1569 1572 1571
f 1571 1572 1561
f 1572 1573 1562
f 1573 1574 1563
f 1574 1575 1564
f 1568 1576 1569
f 1569 1576 1572
f 1572 1574 1573
f 1572 1576 1574
f 1574 1576 1575
f 1575 1576 1565
f 1576 1577 1566
f 1577 1578 1567
f 1576 1578 1577
f 1576 1595 1578
f 1593 1554 1579
f 1556 1554 1593
f 1576 1555 1556
f 1576 1556 1593
f 1578 1580 1567
f 1594 1581 1580
f 1595 1582 1581
f 1596 1583 1582
f 1597 1584 1583
f 1598 1585 1584
f 1599 1586 1585
f 1600 1587 1586
f 1578 1594 1580
f 1594 1595 1581
f 1595 1596 1582
f 1596 1597 1583
f 1578 1595 1594
f 1576 1599 1595
f 1595 1597 1596
f 1595 1599 1597
f 1597 1598 1584
f 1598 1599 1585
f 1599 1600 1586
f 1600 1601 1587
f 1597 1599 1598
f 1576 2006 1599
f 1599 1601 1600
f 1601 1588 1587
f 1602 1589 1588
f 1603 1590 1589
f 1604 1591 1590
f 1605 1592 1591
f 1606 1982 1592
f 1576 1593 2057
f 1601 1602 1588
f 1602 1603 1589
f 1603 1604 1590
f 1599 1603 1601
f 1601 1603 1602
f 1599 2006 1603
f 1604 1605 1591
f 1605 1606 1592
f 1606 2006 1982
f 1603 1605 1604
f 1603 2006 1605
f 1605 2006 1606
f 1556 2075 1554
f 1555 1553 2076
f 1555 2076 1556
f 2076 1553 2074
f 1556 2077 2075
f 1556 2076 2077
f 2004 1980 1979
f 2005 1979 1981
f 1593 1579 2085
f 1593 2003 2013
f 2003 1980 2004
f 2004 1979 2005
f 1593 2013 2050
f 2003 2004 2005
f 2003 2005 2013
f 2006 1983 1982
f 2007 1984 1983
f 2008 1985 1984
f 2009 1986 1985
f 2010 1987 1986
f 2011 1992 1987
f 2006 2007 1983
f 2007 2008 1984
f 2008 2009 1985
f 1576 2057 2006
f 2006 2008 2007
f 2006 2010 2008
f 1593 2050 2057
f 2009 2010 1986
f 2010 2011 1987
f 2011 2016 1992
f 2008 2010 2009
f 2006 2018 2010
f 2010 2016 2011
f 2012 1981 1988
f 2013 1988 1989
f 2014 1989 1990
f 2015 1990 1991
f 2003 2084 1980
f 2005 1981 2012
f 2012 1988 2013
f 2013 1989 2014
f 2014 1990 2015
f 1593 2086 2003
f 2005 2012 2013
f 2013 2014 2015
f 2015 1991 2020
f 2013 2015 2021
f 2016 1993 1992
f 2017 1994 1993
f 2018 1995 1994
f 2020 1991 1996
f 2021 1996 1997
f 2022 1997 1998
f 2048 1998 2027
f 2019 1999 1995
f 2023 2000 1999
f 2024 2001 2000
f 2025 2002 2001
f 2026 2034 2002
f 2016 2017 1993
f 2017 2018 1994
f 2018 2019 1995
f 2010 2018 2016
f 2006 2057 2018
f 2016 2018 2017
f 2018 2023 2019
f 2020 1996 2021
f 2021 1997 2022
f 2022 1998 2048
f 2015 2020 2021
f 2013 2021 2050
f 2021 2022 2048
f 2019 2023 1999
f 2023 2024 2000
f 2024 2025 2001
f 2025 2026 2002
f 2018 2025 2023
f 2023 2025 2024
f 2057 2025 2018
f 2055 2026 2025
f 2085 1579 2083
f 1593 2085 2086
f 2049 2027 2028
f 2050 2028 2029
f 2051 2029 2030
f 2052 2030 2031
f 2053 2031 2032
f 2054 2032 2033
f 2056 2036 2035
f 2055 2035 2034
f 2057 2037 2036
f 2058 2038 2037
f 2059 2039 2038
f 2060 2044 2039
f 2061 2033 2040
f 2062 2040 2041
f 2063 2041 2042
f 2064 2042 2043
f 2067 2043 2046
f 2065 2045 2044
f 2066 2047 2045
f 2068 2046 2047
f 2048 2027 2049
f 2049 2028 2050
f 2050 2029 2051
f 2051 2030 2052
f 2052 2031 2053
f 2053 2032 2054
f 2054 2033 2061
f 2021 2048 2050
f 2048 2049 2050
f 2050 2051 2052
f 2050 2052 2054
f 2050 2064 2057
f 2052 2053 2054
f 2050 2054 2064
f 2056 2057 2036
f 2055 2034 2026
f 2055 2056 2035
f 2058 2037 2057
f 2065 2044 2060
f 2058 2059 2038
f 2060 2039 2059
f 2055 2025 2057
f 2055 2057 2056
f 2058 2057 2059
f 2064 2065 2057
f 2065 2059 2057
f 2065 2060 2059
f 2061 2040 2062
f 2062 2041 2063
f 2063 2042 2064
f 2064 2043 2067
f 2054 2061 2062
f 2054 2062 2064
f 2062 2063 2064
f 2068 2047 2066
f 2066 2045 2065
f 2067 2046 2068
f 2064 2068 2065
f 2068 2066 2065
f 2064 2067 2068
f 2003 2086 2084
f 2077 2074 2075
f 2076 2074 2077
f 2086 2083 2084
f 2085 2083 2086

